firm_id,year,industry,province,treated,post,digital,treated_post,adoption_year,relative_year,firm_size,capital_intensity,export_share,soe,managerial_capability,log_tfp,labor_productivity
1,2016,electronics,central,1,0,0,0,2020,-4,40.42665129313613,0.7006995497647455,0.5274000468538905,0,1.9009285993789524,1.7086760950985245,5.575923319065161
1,2017,electronics,central,1,0,0,0,2020,-3,42.07649423041473,0.5347044259848506,0.5274000468538905,0,1.9009285993789524,1.91551032433411,6.630666286303098
1,2018,electronics,central,1,0,0,0,2020,-2,43.79366853525951,0.7852783077565076,0.5274000468538905,0,1.9009285993789524,1.890604978276074,6.778628844543285
1,2019,electronics,central,1,0,0,0,2020,-1,45.580922052908285,0.5575170078246492,0.5274000468538905,0,1.9009285993789524,1.9399291935141565,6.8417897908291465
1,2020,electronics,central,1,1,1,1,2020,0,47.441114770290376,0.6446919989801979,0.5274000468538905,0,1.9009285993789524,2.106139249770401,8.105297662176648
1,2021,electronics,central,1,1,1,1,2020,1,49.37722339261587,0.7351328356627217,0.5274000468538905,0,1.9009285993789524,2.039146233263437,7.592411961049737
1,2022,electronics,central,1,1,1,1,2020,2,51.392346106739026,0.7536757284586868,0.5274000468538905,0,1.9009285993789524,2.1262035159562065,8.72861006153489
1,2023,electronics,central,1,1,1,1,2020,3,53.48970753891821,0.6055080019714905,0.5274000468538905,0,1.9009285993789524,2.230668955157256,9.6738593913038
1,2024,electronics,central,1,1,1,1,2020,4,55.6726639149059,0.7673541494519073,0.5274000468538905,0,1.9009285993789524,2.2835410067416353,10.04630409104836
2,2016,textile,coastal,1,0,0,0,2020,-4,13.785348601781232,0.6299476313491733,0.31188035250045076,0,0.5062973817627888,1.4502114025461978,4.03294837150253
2,2017,textile,coastal,1,0,0,0,2020,-3,14.347939350731881,0.6046171281644535,0.31188035250045076,0,0.5062973817627888,1.5667853799438942,4.766154825972769
2,2018,textile,coastal,1,0,0,0,2020,-2,14.933489863700682,0.650446801797742,0.31188035250045076,0,0.5062973817627888,1.6139277191384949,4.946775310972776
2,2019,textile,coastal,1,0,0,0,2020,-1,15.542937146432488,0.4862824311643104,0.31188035250045076,0,0.5062973817627888,1.5735414148945341,4.6641863470601415
2,2020,textile,coastal,1,1,1,1,2020,0,16.177256444602026,0.5294713948868869,0.31188035250045076,0,0.5062973817627888,1.7076483253265968,5.620033668059028
2,2021,textile,coastal,1,1,1,1,2020,1,16.837462804415036,0.7318357593049201,0.31188035250045076,0,0.5062973817627888,1.794976110062325,6.190921052971345
2,2022,textile,coastal,1,1,1,1,2020,2,17.524612696898757,0.4717301128423461,0.31188035250045076,0,0.5062973817627888,1.8938271733464715,6.546620118796773
2,2023,textile,coastal,1,1,1,1,2020,3,18.23980570848095,0.6000467680146159,0.31188035250045076,0,0.5062973817627888,1.7528156886206676,5.67212823761839
2,2024,textile,coastal,1,1,1,1,2020,4,18.9841863005628,0.4886587534263695,0.31188035250045076,0,0.5062973817627888,1.9432093390467176,7.402270888805707
3,2016,machinery,central,1,0,0,0,2020,-4,21.503288398301034,0.5266072666241395,0.12345851730210389,0,0.30297852479414034,1.3983265767504065,4.19161333604305
3,2017,machinery,central,1,0,0,0,2020,-3,22.3808542455179,0.6905567054222689,0.12345851730210389,0,0.30297852479414034,1.4763599958817797,4.35545114285437
3,2018,machinery,central,1,0,0,0,2020,-2,23.294234234364485,0.6240854147140051,0.12345851730210389,0,0.30297852479414034,1.7472122322534454,5.695766761607764
3,2019,machinery,central,1,0,0,0,2020,-1,24.244889967687733,0.5324978734829301,0.12345851730210389,0,0.30297852479414034,1.6410491697625815,5.126021896579119
3,2020,machinery,central,1,1,1,1,2020,0,25.234342697478336,0.41250046846192845,0.12345851730210389,0,0.30297852479414034,1.8342553251052771,6.129931612515485
3,2021,machinery,central,1,1,1,1,2020,1,26.264175759198466,0.5876871604535039,0.12345851730210389,0,0.30297852479414034,1.7309485761613985,5.54249380099813
3,2022,machinery,central,1,1,1,1,2020,2,27.33603710545631,0.5904144138010131,0.12345851730210389,0,0.30297852479414034,1.820888688985242,6.211677747308801
3,2023,machinery,central,1,1,1,1,2020,3,28.45164194308183,0.4999866406449684,0.12345851730210389,0,0.30297852479414034,1.8919311341025775,6.765446385477535
3,2024,machinery,central,1,1,1,1,2020,4,29.61277547782363,0.5786808822541778,0.12345851730210389,0,0.30297852479414034,1.9197345934104049,7.011238756121629
4,2016,machinery,central,0,0,0,0,9999,-99,30.029745887548145,0.4865127844739306,0.159319033296974,0,-2.2491291926832373,0.8392211111497878,2.3527194616224296
4,2017,machinery,central,0,0,0,0,9999,-99,31.255283066019672,0.45158472391804594,0.159319033296974,0,-2.2491291926832373,0.9553717217963957,2.6243849855744656
4,2018,machinery,central,0,0,0,0,9999,-99,32.53083536554618,0.27925982119551374,0.159319033296974,0,-2.2491291926832373,1.019452142184197,2.8678395710298044
4,2019,machinery,central,0,0,0,0,9999,-99,33.85844394193924,0.4539894588838462,0.159319033296974,0,-2.2491291926832373,0.9902761349515637,2.5730306784429318
4,2020,machinery,central,0,1,0,0,9999,-99,35.240233252159356,0.5131236223673968,0.159319033296974,0,-2.2491291926832373,0.9835724916754742,2.5935525324744684
4,2021,machinery,central,0,1,0,0,9999,-99,36.678414453900324,0.3686293951525788,0.159319033296974,0,-2.2491291926832373,0.9812328465966115,2.634969460406674
4,2022,machinery,central,0,1,0,0,9999,-99,38.17528894391328,0.41658992481376445,0.159319033296974,0,-2.2491291926832373,1.054860681312094,2.9686268945144403
4,2023,machinery,central,0,1,0,0,9999,-99,39.733252040732495,0.3456902633602787,0.159319033296974,0,-2.2491291926832373,1.0300506938584058,2.8664116721713224
4,2024,machinery,central,0,1,0,0,9999,-99,41.354796817696084,0.40206598104020413,0.159319033296974,0,-2.2491291926832373,1.086064024088711,3.012505192613601
5,2016,machinery,western,1,0,0,0,2020,-4,26.416102959444252,0.45045215336961514,0.08960422537165019,1,-0.010626304477535323,1.505030647596275,4.511280900618228
5,2017,machinery,western,1,0,0,0,2020,-3,27.49416457236501,0.5389102867270498,0.08960422537165019,1,-0.010626304477535323,1.65016743075993,5.15760741960067
5,2018,machinery,western,1,0,0,0,2020,-2,28.61622271433616,0.5836785941456664,0.08960422537165019,1,-0.010626304477535323,1.6910110471858248,5.38666889063687
5,2019,machinery,western,1,0,0,0,2020,-1,29.784072917770025,0.6192463727580626,0.08960422537165019,1,-0.010626304477535323,1.6443865161571773,5.214606193272683
5,2020,machinery,western,1,1,1,1,2020,0,30.99958399214676,0.5533463902475345,0.08960422537165019,1,-0.010626304477535323,1.6513205669114082,5.137568583712155
5,2021,machinery,western,1,1,1,1,2020,1,32.26470101450823,0.6363934415188719,0.08960422537165019,1,-0.010626304477535323,1.8085902765646662,6.178156173422238
5,2022,machinery,western,1,1,1,1,2020,2,33.58144844199625,0.5779093940826382,0.08960422537165019,1,-0.010626304477535323,1.8803848954831126,6.636728206054681
5,2023,machinery,western,1,1,1,1,2020,3,34.95193335141588,0.6652611833563236,0.08960422537165019,1,-0.010626304477535323,1.9939222036803461,7.500951806247751
5,2024,machinery,western,1,1,1,1,2020,4,36.378348811007925,0.567381201244047,0.08960422537165019,1,-0.010626304477535323,2.0667812491738125,7.750263020382749
6,2016,textile,coastal,0,0,0,0,9999,-99,37.27178619289718,0.6119183887652515,0.2500956461476516,0,-0.9758967174208256,1.7536208462981706,5.3130947016809715
6,2017,textile,coastal,0,0,0,0,9999,-99,38.79287664296248,0.4955593958442819,0.2500956461476516,0,-0.9758967174208256,1.8207119358996737,6.224734503764241
6,2018,textile,coastal,0,0,0,0,9999,-99,40.3760439719116,0.44188363297768257,0.2500956461476516,0,-0.9758967174208256,1.790435266994426,5.9918899123360045
6,2019,textile,coastal,0,0,0,0,9999,-99,42.02382158523122,0.5022576515268369,0.2500956461476516,0,-0.9758967174208256,1.8263743378249613,6.233440322745144
6,2020,textile,coastal,0,1,0,0,9999,-99,43.7388462786473,0.45966622141064023,0.2500956461476516,0,-0.9758967174208256,1.9695078792573344,7.224010299580048
6,2021,textile,coastal,0,1,0,0,9999,-99,45.52386245756075,0.5495599395310133,0.2500956461476516,0,-0.9758967174208256,1.9613203628703306,7.336727880430405
6,2022,textile,coastal,0,1,0,0,9999,-99,47.381726528681604,0.449202273884054,0.2500956461476516,0,-0.9758967174208256,1.934264184455749,6.9376126859658225
6,2023,textile,coastal,0,1,0,0,9999,-99,49.31541147088912,0.5696667278142092,0.2500956461476516,0,-0.9758967174208256,2.0996094353646644,8.408299187514505
6,2024,textile,coastal,0,1,0,0,9999,-99,51.32801159263229,0.5842961776177746,0.2500956461476516,0,-0.9758967174208256,1.9440239022223185,7.066070391114242
7,2016,chemicals,western,0,0,0,0,9999,-99,11.359380494585098,0.8367609112174533,0.3885438587635828,1,0.5743777793354622,1.2352959333210245,3.248821661448073
7,2017,chemicals,western,0,0,0,0,9999,-99,11.82296560691503,0.6686766664645394,0.3885438587635828,1,0.5743777793354622,1.304173040161486,3.6308021445677054
7,2018,chemicals,western,0,0,0,0,9999,-99,12.305469986583212,0.5607435637789082,0.3885438587635828,1,0.5743777793354622,1.3110928617340059,3.785368410591693
7,2019,chemicals,western,0,0,0,0,9999,-99,12.80766574353687,0.6098294539026987,0.3885438587635828,1,0.5743777793354622,1.4398681875254096,4.141095286449895
7,2020,chemicals,western,0,1,0,0,9999,-99,13.330356498127939,0.5888391755084368,0.3885438587635828,1,0.5743777793354622,1.3390514528944752,3.8372593342384906
7,2021,chemicals,western,0,1,0,0,9999,-99,13.874378667077073,0.5821958162366304,0.3885438587635828,1,0.5743777793354622,1.3468021810089037,4.061516173048882
7,2022,chemicals,western,0,1,0,0,9999,-99,14.440602801918844,0.5218974583583603,0.3885438587635828,1,0.5743777793354622,1.4420904553392355,4.3528624327674095
7,2023,chemicals,western,0,1,0,0,9999,-99,15.029934982069921,0.6832220922763765,0.3885438587635828,1,0.5743777793354622,1.4014599657552274,3.984931098250094
7,2024,chemicals,western,0,1,0,0,9999,-99,15.643318264749455,0.6175363911254734,0.3885438587635828,1,0.5743777793354622,1.4384612491365822,4.558814631747142
8,2016,electronics,coastal,1,0,0,0,2020,-4,24.72769866939328,0.6269599180344909,0.26799702496821787,0,0.9555698241758496,2.0665098115450578,7.758782510912886
8,2017,electronics,coastal,1,0,0,0,2020,-3,25.73685519608731,0.6109750846840827,0.26799702496821787,0,0.9555698241758496,2.0516021414418546,7.7681642397691855
8,2018,electronics,coastal,1,0,0,0,2020,-2,26.78719618191702,0.6317928746149425,0.26799702496821787,0,0.9555698241758496,2.218139022104886,9.257362985947372
8,2019,electronics,coastal,1,0,0,0,2020,-1,27.880402396544444,0.5561235544870742,0.26799702496821787,0,0.9555698241758496,2.160630432104809,8.49751668184943
8,2020,electronics,coastal,1,1,1,1,2020,0,29.018223203142735,0.6687381311946563,0.26799702496821787,0,0.9555698241758496,2.2312344867503953,9.67442023903788
8,2021,electronics,coastal,1,1,1,1,2020,1,30.202479357750516,0.6052210170000124,0.26799702496821787,0,0.9555698241758496,2.2651536603131976,9.42186090006608
8,2022,electronics,coastal,1,1,1,1,2020,2,31.43506592286994,0.5978664486851079,0.26799702496821787,0,0.9555698241758496,2.4194877936859616,11.59441175656824
8,2023,electronics,coastal,1,1,1,1,2020,3,32.71795529997102,0.5680784412258493,0.26799702496821787,0,0.9555698241758496,2.381096824360413,10.984744554859086
8,2024,electronics,coastal,1,1,1,1,2020,4,34.05320038575479,0.5781213413584361,0.26799702496821787,0,0.9555698241758496,2.468962566055967,12.397815705077583
9,2016,textile,western,1,0,0,0,2020,-4,28.093068999048217,0.6635543339270412,0.2732014006710673,0,1.1498805161182781,1.515460210254739,4.6801198145476475
9,2017,textile,western,1,0,0,0,2020,-3,29.239568894339556,0.6881071468954618,0.2732014006710673,0,1.1498805161182781,1.4820653375630966,4.269958845189998
9,2018,textile,western,1,0,0,0,2020,-2,30.43285833796923,0.5365486153334936,0.2732014006710673,0,1.1498805161182781,1.6074213780854787,4.921604111675996
9,2019,textile,western,1,0,0,0,2020,-1,31.67484684762903,0.6985948154943301,0.2732014006710673,0,1.1498805161182781,1.6635549540955408,5.209565447513141
9,2020,textile,western,1,1,1,1,2020,0,32.9675218699061,0.5432920919439964,0.2732014006710673,0,1.1498805161182781,1.740809204485187,5.553511125588891
9,2021,textile,western,1,1,1,1,2020,1,34.312951960621454,0.6981193035378812,0.2732014006710673,0,1.1498805161182781,1.746522077041509,5.799098169840349
9,2022,textile,western,1,1,1,1,2020,2,35.71329009496064,0.6633453651651462,0.2732014006710673,0,1.1498805161182781,1.7212009887756818,5.823851175988688
9,2023,textile,western,1,1,1,1,2020,3,37.17077711269334,0.5605304422786489,0.2732014006710673,0,1.1498805161182781,1.8759617580201366,6.1588689418812095
9,2024,textile,western,1,1,1,1,2020,4,38.68774530399506,0.6497842322995178,0.2732014006710673,0,1.1498805161182781,2.030526293970937,7.63354491129628
10,2016,electronics,coastal,0,0,0,0,9999,-99,28.50611102731683,0.6072142888901092,0.23960602733158484,1,-0.1664031559107753,1.7318116675853548,5.595458719488837
10,2017,electronics,coastal,0,0,0,0,9999,-99,29.669467487555806,0.5182568862262851,0.23960602733158484,1,-0.1664031559107753,1.861109938943559,6.554215525632405
10,2018,electronics,coastal,0,0,0,0,9999,-99,30.88030142559885,0.6068203584584456,0.23960602733158484,1,-0.1664031559107753,1.8783925351144226,6.854590702212925
10,2019,electronics,coastal,0,0,0,0,9999,-99,32.14055043407185,0.3822260997040256,0.23960602733158484,1,-0.1664031559107753,1.9723638797654108,6.9009357974579
10,2020,electronics,coastal,0,1,0,0,9999,-99,33.45223118025582,0.2517568179571185,0.23960602733158484,1,-0.1664031559107753,1.9681338938298671,7.132060560725973
10,2021,electronics,coastal,0,1,0,0,9999,-99,34.81744263318481,0.5649891481054675,0.23960602733158484,1,-0.1664031559107753,1.9880593219618057,7.552974506236547
10,2022,electronics,coastal,0,1,0,0,9999,-99,36.238369422444144,0.6254340840862921,0.23960602733158484,1,-0.1664031559107753,1.9719177803920485,6.869733826826069
10,2023,electronics,coastal,0,1,0,0,9999,-99,37.71728533404386,0.5427231591481998,0.23960602733158484,1,-0.1664031559107753,2.138442384414246,9.180329640785265
10,2024,electronics,coastal,0,1,0,0,9999,-99,39.2565569489614,0.4473158038276942,0.23960602733158484,1,-0.1664031559107753,2.0272611237385996,7.782146027025824
11,2016,chemicals,coastal,1,0,0,0,2020,-4,31.804609840770876,0.5042444452106635,0.11853014765249406,0,-0.07459602306869756,1.6560173318160698,5.2888773813058645
11,2017,chemicals,coastal,1,0,0,0,2020,-3,33.10258059125958,0.5157333445805712,0.11853014765249406,0,-0.07459602306869756,1.6579997278376533,5.066780192738482
11,2018,chemicals,coastal,1,0,0,0,2020,-2,34.453522532954814,0.4886966703298845,0.11853014765249406,0,-0.07459602306869756,1.7761440869461562,5.802955740832205
11,2019,chemicals,coastal,1,0,0,0,2020,-1,35.8595974611796,0.6006432645532718,0.11853014765249406,0,-0.07459602306869756,1.7201243829654025,5.394275730717305
11,2020,chemicals,coastal,1,1,1,1,2020,0,37.32305539579773,0.566870035047406,0.11853014765249406,0,-0.07459602306869756,1.727099789664529,5.47371058163193
11,2021,chemicals,coastal,1,1,1,1,2020,1,38.84623818172563,0.6537117371148409,0.11853014765249406,0,-0.07459602306869756,1.757006757980388,6.072580146413553
11,2022,chemicals,coastal,1,1,1,1,2020,2,40.431583236383766,0.5715331771798356,0.11853014765249406,0,-0.07459602306869756,1.9370157969969686,7.211287605831675
11,2023,chemicals,coastal,1,1,1,1,2020,3,42.08162745008457,0.7264298593222767,0.11853014765249406,0,-0.07459602306869756,2.03248421888012,7.914273313210536
11,2024,chemicals,coastal,1,1,1,1,2020,4,43.79901124559818,0.6401285735800006,0.11853014765249406,0,-0.07459602306869756,2.0765471631439074,8.588040589508422
12,2016,chemicals,coastal,0,0,0,0,9999,-99,14.511040520174934,0.7735396476021668,0.2630472566923928,0,0.4371219827378645,2.1234142679497032,8.48179488250633
12,2017,chemicals,coastal,0,0,0,0,9999,-99,15.103247318140388,0.7777445322103256,0.2630472566923928,0,0.4371219827378645,2.1329495865413755,8.161776393636107
12,2018,chemicals,coastal,0,0,0,0,9999,-99,15.71962253401281,0.5359833544807556,0.2630472566923928,0,0.4371219827378645,2.0904621911663064,8.347726006211852
12,2019,chemicals,coastal,0,0,0,0,9999,-99,16.361152499637985,0.572977231458843,0.2630472566923928,0,0.4371219827378645,2.2374115046859293,8.886618913671406
12,2020,chemicals,coastal,0,1,0,0,9999,-99,17.02886379982794,0.6232146702082187,0.2630472566923928,0,0.4371219827378645,2.1933674135982706,8.957865187598514
12,2021,chemicals,coastal,0,1,0,0,9999,-99,17.72382491511565,0.6611475986904382,0.2630472566923928,0,0.4371219827378645,2.209436329547521,9.392655438179304
12,2022,chemicals,coastal,0,1,0,0,9999,-99,18.44714793155186,0.5236004893858947,0.2630472566923928,0,0.4371219827378645,2.188659102114933,8.794959879996734
12,2023,chemicals,coastal,0,1,0,0,9999,-99,19.19999032028,0.47281117847989157,0.2630472566923928,0,0.4371219827378645,2.556937160609147,12.908757770905915
12,2024,chemicals,coastal,0,1,0,0,9999,-99,19.98355678973699,0.5249963766364758,0.2630472566923928,0,0.4371219827378645,2.382537013358084,10.416403277651895
13,2016,textile,western,0,0,0,0,9999,-99,47.00787863352581,0.4740753219982262,0.10894449644939741,0,-2.098066738858078,1.564663927805913,4.801128534195441
13,2017,textile,western,0,0,0,0,9999,-99,48.92630655370183,0.29497894715526274,0.10894449644939741,0,-2.098066738858078,1.7356044866886073,5.736053251734142
13,2018,textile,western,0,0,0,0,9999,-99,50.92302700253252,0.3726068067180924,0.10894449644939741,0,-2.098066738858078,1.6548852575525852,5.28755094952994
13,2019,textile,western,0,0,0,0,9999,-99,53.00123515872576,0.5358712800223988,0.10894449644939741,0,-2.098066738858078,1.735959828100184,5.553082578302145
13,2020,textile,western,0,1,0,0,9999,-99,55.16425659870619,0.3860917296686123,0.10894449644939741,0,-2.098066738858078,1.754407716229773,5.5053141756318595
13,2021,textile,western,0,1,0,0,9999,-99,57.41555261824694,0.5130221714333513,0.10894449644939741,0,-2.098066738858078,1.7904960841488764,6.078987646165543
13,2022,textile,western,0,1,0,0,9999,-99,59.758725771281405,0.45524295720850294,0.10894449644939741,0,-2.098066738858078,1.7030100514424151,5.239049679367815
13,2023,textile,western,0,1,0,0,9999,-99,62.197525634758016,0.45434977204103283,0.10894449644939741,0,-2.098066738858078,1.7635895857268873,5.77283791604737
13,2024,textile,western,0,1,0,0,9999,-99,64.7358548087634,0.2901819789461756,0.10894449644939741,0,-2.098066738858078,1.7603930970793207,5.5837842891965215
14,2016,textile,central,0,0,0,0,9999,-99,30.09380471614461,0.345880904720932,0.2187091887338916,0,-0.4337622326099862,1.6086494252063788,4.885601068591293
14,2017,textile,central,0,0,0,0,9999,-99,31.321956185005014,0.5697930989456966,0.2187091887338916,0,-0.4337622326099862,1.708831023444086,5.345289325733851
14,2018,textile,central,0,0,0,0,9999,-99,32.60022946613513,0.4575545685413741,0.2187091887338916,0,-0.4337622326099862,1.6845790731050236,5.440204340075241
14,2019,textile,central,0,0,0,0,9999,-99,33.930670069497616,0.452072173450496,0.2187091887338916,0,-0.4337622326099862,1.76766942750221,5.49306572946174
14,2020,textile,central,0,1,0,0,9999,-99,35.31540698390031,0.5548191562350159,0.2187091887338916,0,-0.4337622326099862,1.8075226601267538,6.382582190154938
14,2021,textile,central,0,1,0,0,9999,-99,36.75665608383255,0.5233767860782932,0.2187091887338916,0,-0.4337622326099862,1.754532088604875,5.6702853945293095
14,2022,textile,central,0,1,0,0,9999,-99,38.25672367533712,0.6810919446015673,0.2187091887338916,0,-0.4337622326099862,1.7439044917819613,5.905928143505396
14,2023,textile,central,0,1,0,0,9999,-99,39.81801018659189,0.4512746628738467,0.2187091887338916,0,-0.4337622326099862,1.8099219721205146,5.706324084530465
14,2024,textile,central,0,1,0,0,9999,-99,41.44301400910711,0.616907120636007,0.2187091887338916,0,-0.4337622326099862,1.8597859652495639,6.3129146998205785
15,2016,machinery,western,0,0,0,0,9999,-99,31.572406345779992,0.644870964071015,0.08313338198988778,0,-0.5427803411799823,1.7165735262843604,5.774716270471089
15,2017,machinery,western,0,0,0,0,9999,-99,32.86090069186795,0.5173445124556737,0.08313338198988778,0,-0.5427803411799823,1.713411097574209,5.508619047875356
15,2018,machinery,western,0,0,0,0,9999,-99,34.201979489762266,0.4807871300602467,0.08313338198988778,0,-0.5427803411799823,1.94818736545351,6.689590120963671
15,2019,machinery,western,0,0,0,0,9999,-99,35.59778875165164,0.4904333606836192,0.08313338198988778,0,-0.5427803411799823,1.854002526876837,6.21644561754691
15,2020,machinery,western,0,1,0,0,9999,-99,37.050562070143634,0.615947823690826,0.08313338198988778,0,-0.5427803411799823,1.970942131588697,7.31921222966462
15,2021,machinery,western,0,1,0,0,9999,-99,38.56262419248933,0.5501686184383144,0.08313338198988778,0,-0.5427803411799823,1.9163985241589767,6.827925801886208
15,2022,machinery,western,0,1,0,0,9999,-99,40.136394740674945,0.5084797340419271,0.08313338198988778,0,-0.5427803411799823,2.0571510572527654,7.6113223676786
15,2023,machinery,western,0,1,0,0,9999,-99,41.77439208333318,0.38035376379313035,0.08313338198988778,0,-0.5427803411799823,1.9315479528670365,6.984156262639868
15,2024,machinery,western,0,1,0,0,9999,-99,43.479237365670386,0.4160228422661867,0.08313338198988778,0,-0.5427803411799823,1.9494399986602557,7.03099876142896
16,2016,chemicals,coastal,0,0,0,0,9999,-99,18.923612329353567,0.5328424395396484,0.047992822165495885,0,0.5208156884507088,1.7623297112954686,5.428465355195097
16,2017,chemicals,coastal,0,0,0,0,9999,-99,19.695899599031108,0.6371249495895297,0.047992822165495885,0,0.5208156884507088,1.9280941034117118,6.959381257966308
16,2018,chemicals,coastal,0,0,0,0,9999,-99,20.49970451008312,0.6396947755259912,0.047992822165495885,0,0.5208156884507088,1.737860316704962,5.595173454586366
16,2019,chemicals,coastal,0,0,0,0,9999,-99,21.336313321854803,0.6320331586411203,0.047992822165495885,0,0.5208156884507088,1.9269760778440335,7.040436640833788
16,2020,chemicals,coastal,0,1,0,0,9999,-99,22.207064786931063,0.7137239791396925,0.047992822165495885,0,0.5208156884507088,1.9375183771863405,7.148281311944363
16,2021,chemicals,coastal,0,1,0,0,9999,-99,23.113352293426242,0.4944770697385379,0.047992822165495885,0,0.5208156884507088,2.040047714413434,7.844957724403565
16,2022,chemicals,coastal,0,1,0,0,9999,-99,24.05662609470238,0.5119453589438635,0.047992822165495885,0,0.5208156884507088,2.0236578357099795,7.629719241752529
16,2023,chemicals,coastal,0,1,0,0,9999,-99,25.038395630083993,0.6900972218291588,0.047992822165495885,0,0.5208156884507088,2.017570302202698,7.371930139041897
16,2024,chemicals,coastal,0,1,0,0,9999,-99,26.060231940283032,0.5879419886988804,0.047992822165495885,0,0.5208156884507088,2.0069617015437915,7.48795018272571
17,2016,machinery,western,1,0,0,0,2020,-4,26.611342360291342,0.5331352272852287,0.09707443486573798,0,-0.4573753771900325,1.6542014541721661,5.089339988739941
17,2017,machinery,western,1,0,0,0,2020,-3,27.697371844313526,0.5976701677205549,0.09707443486573798,0,-0.4573753771900325,1.8246617203269848,6.288819614991093
17,2018,machinery,western,1,0,0,0,2020,-2,28.827723032374422,0.6105762564574738,0.09707443486573798,0,-0.4573753771900325,1.6549526607325236,5.5265864214713165
17,2019,machinery,western,1,0,0,0,2020,-1,30.004204727529363,0.6530328127076348,0.09707443486573798,0,-0.4573753771900325,1.782557398614845,6.073397290019217
17,2020,machinery,western,1,1,1,1,2020,0,31.22869955148675,0.5798696799188043,0.09707443486573798,0,-0.4573753771900325,1.859558241724815,6.211332626323479
17,2021,machinery,western,1,1,1,1,2020,1,32.50316695720441,0.48752351406089856,0.09707443486573798,0,-0.4573753771900325,1.906737656088519,6.836353087526538
17,2022,machinery,western,1,1,1,1,2020,2,33.82964636443237,0.5561810326466494,0.09707443486573798,0,-0.4573753771900325,1.8848229993867245,6.490922130359481
17,2023,machinery,western,1,1,1,1,2020,3,35.210260423219566,0.3494191610267773,0.09707443486573798,0,-0.4573753771900325,1.9697005317119107,7.531915012600375
17,2024,machinery,western,1,1,1,1,2020,4,36.64721841060677,0.5283702099866958,0.09707443486573798,0,-0.4573753771900325,2.049686564830325,7.82743552791352
18,2016,machinery,coastal,0,0,0,0,9999,-99,44.64344205518785,0.5708697069545084,0.43793120474200276,0,0.7438940356701637,2.0472472035016485,8.135115147162399
18,2017,machinery,coastal,0,0,0,0,9999,-99,46.465375488073086,0.702954777610111,0.43793120474200276,0,0.7438940356701637,2.1225859719299818,8.186602956637554
18,2018,machinery,coastal,0,0,0,0,9999,-99,48.36166343488137,0.6089944568426151,0.43793120474200276,0,0.7438940356701637,2.1185569191293614,8.243760056259639
18,2019,machinery,coastal,0,0,0,0,9999,-99,50.33534036089059,0.480943910206005,0.43793120474200276,0,0.7438940356701637,2.11213647161897,8.172697517710866
18,2020,machinery,coastal,0,1,0,0,9999,-99,52.38956457025591,0.6615385553379095,0.43793120474200276,0,0.7438940356701637,2.17696717603763,8.800717382656755
18,2021,machinery,coastal,0,1,0,0,9999,-99,54.527623259970156,0.6060526514505788,0.43793120474200276,0,0.7438940356701637,2.192085100212029,8.611934592938013
18,2022,machinery,coastal,0,1,0,0,9999,-99,56.752937780080416,0.7488818233842695,0.43793120474200276,0,0.7438940356701637,2.2018651578266653,8.794658851771766
18,2023,machinery,coastal,0,1,0,0,9999,-99,59.069069108577935,0.5804991586623538,0.43793120474200276,0,0.7438940356701637,2.2474142810925324,10.325935094850228
18,2024,machinery,coastal,0,1,0,0,9999,-99,61.47972354972269,0.5431952703225896,0.43793120474200276,0,0.7438940356701637,2.228613786686028,9.218085466311862
19,2016,electronics,coastal,0,0,0,0,9999,-99,24.36552518509706,0.5998896955483527,0.4085404528515812,0,-0.19283469168964498,2.0093348978375887,7.466200784987602
19,2017,electronics,coastal,0,0,0,0,9999,-99,25.359901131505005,0.4882931497718106,0.4085404528515812,0,-0.19283469168964498,2.0832678772212816,8.081692524139354
19,2018,electronics,coastal,0,0,0,0,9999,-99,26.394858330124148,0.5195399928794827,0.4085404528515812,0,-0.19283469168964498,2.190169835862786,9.406120218460568
19,2019,electronics,coastal,0,0,0,0,9999,-99,27.47205293327492,0.6763328294565963,0.4085404528515812,0,-0.19283469168964498,2.1120250322271312,8.302079555108255
19,2020,electronics,coastal,0,1,0,0,9999,-99,28.59320868213614,0.46757376269952855,0.4085404528515812,0,-0.19283469168964498,2.18740727658867,9.322677941178108
19,2021,electronics,coastal,0,1,0,0,9999,-99,29.76011966509863,0.5597216643896565,0.4085404528515812,0,-0.19283469168964498,2.211560723415481,9.429013872968392
19,2022,electronics,coastal,0,1,0,0,9999,-99,30.974653188689423,0.5348109429472614,0.4085404528515812,0,-0.19283469168964498,2.2158241745640406,9.675592681894255
19,2023,electronics,coastal,0,1,0,0,9999,-99,32.238752765660564,0.4698458655786612,0.4085404528515812,0,-0.19283469168964498,2.2739299535667197,9.655890276741564
19,2024,electronics,coastal,0,1,0,0,9999,-99,33.55444122502417,0.5276740553945772,0.4085404528515812,0,-0.19283469168964498,2.3084082844177836,10.466572835720195
20,2016,electronics,central,1,0,0,0,2020,-4,26.786842886900196,0.6740123250474486,0.12544095275272377,0,0.8552834422404088,2.045359022153504,7.789096318028366
20,2017,electronics,central,1,0,0,0,2020,-3,27.88003468328446,0.4662757264452876,0.12544095275272377,0,0.8552834422404088,2.177661603660778,8.786881390264467
20,2018,electronics,central,1,0,0,0,2020,-2,29.01784048321994,0.6720045488369644,0.12544095275272377,0,0.8552834422404088,2.1826647295344404,9.121756987797593
20,2019,electronics,central,1,0,0,0,2020,-1,30.202081018731366,0.5351316281994165,0.12544095275272377,0,0.8552834422404088,2.222429349303355,9.624960329467502
20,2020,electronics,central,1,1,1,1,2020,0,31.43465132732703,0.7477762698132698,0.12544095275272377,0,0.8552834422404088,2.3281360740822707,10.795267168801994
20,2021,electronics,central,1,1,1,1,2020,1,32.717523784463026,0.5886377203571566,0.12544095275272377,0,0.8552834422404088,2.479662143516672,11.512774141368524
20,2022,electronics,central,1,1,1,1,2020,2,34.05275125976484,0.5255279080714756,0.12544095275272377,0,0.8552834422404088,2.426837542222371,11.615220597440572
20,2023,electronics,central,1,1,1,1,2020,3,35.442470402056664,0.6125366443613511,0.12544095275272377,0,0.8552834422404088,2.494600392434307,11.828799853886203
20,2024,electronics,central,1,1,1,1,2020,4,36.88890505845541,0.4669583752187392,0.12544095275272377,0,0.8552834422404088,2.446441652416606,11.77949538783941
21,2016,machinery,coastal,1,0,0,0,2020,-4,28.290392373283787,0.7773451106165602,0.2595834958008971,0,2.218335650064081,1.9572770297788293,6.916681047777856
21,2017,machinery,coastal,1,0,0,0,2020,-3,29.44494518824393,0.53633060488682,0.2595834958008971,0,2.218335650064081,2.100490335918667,7.873533872628955
21,2018,machinery,coastal,1,0,0,0,2020,-2,30.646616197428607,0.6073472863298852,0.2595834958008971,0,2.218335650064081,2.1382520631901385,8.541619541616493
21,2019,machinery,coastal,1,0,0,0,2020,-1,31.897328330822653,0.609115193869052,0.2595834958008971,0,2.218335650064081,2.271382801767125,9.955465368300434
21,2020,machinery,coastal,1,1,1,1,2020,0,33.199082994672324,0.8541047543898193,0.2595834958008971,0,2.218335650064081,2.291176459824124,9.494183963290226
21,2021,machinery,coastal,1,1,1,1,2020,1,34.55396327416225,0.6269311896558573,0.2595834958008971,0,2.218335650064081,2.39730155769265,11.6005098922281
21,2022,machinery,coastal,1,1,1,1,2020,2,35.964137266796165,0.6502218257493989,0.2595834958008971,0,2.218335650064081,2.3309020031643524,9.900552536192714
21,2023,machinery,coastal,1,1,1,1,2020,3,37.43186155181543,0.7090079877686185,0.2595834958008971,0,2.218335650064081,2.535467764961775,12.679571896089426
21,2024,machinery,coastal,1,1,1,1,2020,4,38.95948480120732,0.6842135539451537,0.2595834958008971,0,2.218335650064081,2.4668652857727174,11.495313348398767
22,2016,machinery,central,0,0,0,0,9999,-99,11.764928425487382,0.6603870052150471,0.07509570780623674,0,1.5580166069345391,1.830055363942146,6.164597977723936
22,2017,machinery,central,0,0,0,0,9999,-99,12.245064262849557,0.6353000110903956,0.07509570780623674,0,1.5580166069345391,1.9033713314628369,6.675834927658393
22,2018,machinery,central,0,0,0,0,9999,-99,12.744794815451995,0.6477421375433436,0.07509570780623674,0,1.5580166069345391,1.9154599943650121,6.885710427282988
22,2019,machinery,central,0,0,0,0,9999,-99,13.264919758793726,0.6678970127425525,0.07509570780623674,0,1.5580166069345391,1.9651687562619056,6.993790369076735
22,2020,machinery,central,0,1,0,0,9999,-99,13.806271403750005,0.690640759008908,0.07509570780623674,0,1.5580166069345391,2.037707933678239,7.265536755352009
22,2021,machinery,central,0,1,0,0,9999,-99,14.369716028447272,0.6252007559341186,0.07509570780623674,0,1.5580166069345391,2.0665568992576415,7.904932494167235
22,2022,machinery,central,0,1,0,0,9999,-99,14.956155264492976,0.6026033259780708,0.07509570780623674,0,1.5580166069345391,2.1063671072786123,8.464627768460442
22,2023,machinery,central,0,1,0,0,9999,-99,15.566527539778496,0.5103569519268466,0.07509570780623674,0,1.5580166069345391,2.099975437848129,8.223703241912393
22,2024,machinery,central,0,1,0,0,9999,-99,16.201809580163992,0.677094975289497,0.07509570780623674,0,1.5580166069345391,2.123220969751492,8.01282051883221
23,2016,textile,central,1,0,0,0,2020,-4,22.69961906944785,0.5750413727683921,0.37404019240855507,0,0.9471116813700508,1.2522448997952178,3.7563496811367325
23,2017,textile,central,1,0,0,0,2020,-3,23.626008097544315,0.542755345855261,0.37404019240855507,0,0.9471116813700508,1.213420460233802,3.20557313401977
23,2018,textile,central,1,0,0,0,2020,-2,24.590203779080735,0.48696604024838197,0.37404019240855507,0,0.9471116813700508,1.3781088362821747,3.9726467511334422
23,2019,textile,central,1,0,0,0,2020,-1,25.59374903285361,0.6740255195995346,0.37404019240855507,0,0.9471116813700508,1.3378946684482609,3.766551352784935
23,2020,textile,central,1,1,1,1,2020,0,26.63824974537005,0.617039620021801,0.37404019240855507,0,0.9471116813700508,1.3965916952625947,4.089580896469709
23,2021,textile,central,1,1,1,1,2020,1,27.72537734060879,0.7306888688259517,0.37404019240855507,0,0.9471116813700508,1.3824312438293522,3.8606621887174977
23,2022,textile,central,1,1,1,1,2020,2,28.856871454655135,0.6240118342439109,0.37404019240855507,0,0.9471116813700508,1.562586169275367,4.797875947829934
23,2023,textile,central,1,1,1,1,2020,3,30.034542719489835,0.6600975077408817,0.37404019240855507,0,0.9471116813700508,1.501934478018104,4.453160906970649
23,2024,textile,central,1,1,1,1,2020,4,31.260275660386576,0.6571828907878391,0.37404019240855507,0,0.9471116813700508,1.7114653537785973,5.714600426777439
24,2016,electronics,coastal,0,0,0,0,9999,-99,33.51045334919754,0.5651842093841801,0.40263626313331924,0,1.1447263445904832,2.0765713919016338,8.328221546143547
24,2017,electronics,coastal,0,0,0,0,9999,-99,34.8780408939162,0.7446922024990928,0.40263626313331924,0,1.1447263445904832,2.1798729434003015,8.782057428487214
24,2018,electronics,coastal,0,0,0,0,9999,-99,36.3014407451107,0.5871499359760011,0.40263626313331924,0,1.1447263445904832,2.195968370294249,9.197649738704202
24,2019,electronics,coastal,0,0,0,0,9999,-99,37.78293064621777,0.7699971671044712,0.40263626313331924,0,1.1447263445904832,2.312849392686007,10.410142285036935
24,2020,electronics,coastal,0,1,0,0,9999,-99,39.32488129714723,0.7025935521473555,0.40263626313331924,0,1.1447263445904832,2.2524961082214587,9.788584898502124
24,2021,electronics,coastal,0,1,0,0,9999,-99,40.92976014790758,0.6613473079091612,0.40263626313331924,0,1.1447263445904832,2.3623372187153437,10.872016586081484
24,2022,electronics,coastal,0,1,0,0,9999,-99,42.60013534705244,0.6209492723862351,0.40263626313331924,0,1.1447263445904832,2.384122749329248,10.027433120585092
24,2023,electronics,coastal,0,1,0,0,9999,-99,44.33867985126617,0.6323246910222013,0.40263626313331924,0,1.1447263445904832,2.2864862603314906,10.207881346398718
24,2024,electronics,coastal,0,1,0,0,9999,-99,46.148175702664794,0.7354725415152743,0.40263626313331924,0,1.1447263445904832,2.4139464863868705,11.252665024329687
25,2016,machinery,coastal,1,0,0,0,2020,-4,19.690859168537845,0.5279945819518733,0.6566568099649016,0,-0.36593857867951285,1.9725650202157687,7.317871216244885
25,2017,machinery,coastal,1,0,0,0,2020,-3,20.49445837571916,0.6525235259530693,0.6566568099649016,0,-0.36593857867951285,1.9953596592996976,7.485873818073876
25,2018,machinery,coastal,1,0,0,0,2020,-2,21.330853088685934,0.5958380180566354,0.6566568099649016,0,-0.36593857867951285,2.119305356191738,8.151252018987426
25,2019,machinery,coastal,1,0,0,0,2020,-1,22.201381717419306,0.4500890351768111,0.6566568099649016,0,-0.36593857867951285,2.056190921002374,7.1595856219856415
25,2020,machinery,coastal,1,1,1,1,2020,0,23.10743729344792,0.5411505967557796,0.6566568099649016,0,-0.36593857867951285,2.187534598859089,8.550422585778215
25,2021,machinery,coastal,1,1,1,1,2020,1,24.05046969899559,0.5609812631838398,0.6566568099649016,0,-0.36593857867951285,2.3057106295930847,10.027027317208736
25,2022,machinery,coastal,1,1,1,1,2020,2,25.031987987102177,0.5452202873404346,0.6566568099649016,0,-0.36593857867951285,2.274653334959878,9.074748059330156
25,2023,machinery,coastal,1,1,1,1,2020,3,26.053562796430377,0.3682671513382208,0.6566568099649016,0,-0.36593857867951285,2.3058269638004334,10.137427630938642
25,2024,machinery,coastal,1,1,1,1,2020,4,27.116828864622708,0.6369330553595591,0.6566568099649016,0,-0.36593857867951285,2.4280314193411434,11.54033053735814
26,2016,machinery,coastal,0,0,0,0,9999,-99,24.071385995003148,0.3376008541434983,0.27262248696350216,0,-0.7706276144525595,1.7109618945161094,5.550214317233245
26,2017,machinery,coastal,0,0,0,0,9999,-99,25.053757893343036,0.5388264007691725,0.27262248696350216,0,-0.7706276144525595,1.7251596330110082,5.666743390574716
26,2018,machinery,coastal,0,0,0,0,9999,-99,26.076221149399025,0.5588608832582672,0.27262248696350216,0,-0.7706276144525595,1.8969376232075867,6.924405320615425
26,2019,machinery,coastal,0,0,0,0,9999,-99,27.140411922517927,0.43770899574842465,0.27262248696350216,0,-0.7706276144525595,1.9547939780919592,6.736533770902773
26,2020,machinery,coastal,0,1,0,0,9999,-99,28.24803314497621,0.3956649217626944,0.27262248696350216,0,-0.7706276144525595,1.9584217834096955,6.8001347911311
26,2021,machinery,coastal,0,1,0,0,9999,-99,29.400857247034928,0.5071866202824444,0.27262248696350216,0,-0.7706276144525595,1.8783056664618005,6.422936548390169
26,2022,machinery,coastal,0,1,0,0,9999,-99,30.600728993206314,0.464914543291212,0.27262248696350216,0,-0.7706276144525595,2.06216861729407,7.886931805742942
26,2023,machinery,coastal,0,1,0,0,9999,-99,31.84956843427052,0.5134731767539051,0.27262248696350216,0,-0.7706276144525595,1.9515947597120167,7.336171880210098
26,2024,machinery,coastal,0,1,0,0,9999,-99,33.14937397976656,0.39279671438890473,0.27262248696350216,0,-0.7706276144525595,2.088496147467253,7.838220461393278
27,2016,electronics,coastal,1,0,0,0,2020,-4,24.173660054668424,0.43396077528280935,0.26508808678848644,0,-0.845936453682139,1.8965780911937626,6.9242755194312275
27,2017,electronics,coastal,1,0,0,0,2020,-3,25.16020583656305,0.5701564532923391,0.26508808678848644,0,-0.845936453682139,1.9248669888400034,6.758963834705432
27,2018,electronics,coastal,1,0,0,0,2020,-2,26.18701331559304,0.48248406284257517,0.26508808678848644,0,-0.845936453682139,1.935966016188441,7.106354360244185
27,2019,electronics,coastal,1,0,0,0,2020,-1,27.255725602788768,0.5275588612812117,0.26508808678848644,0,-0.845936453682139,2.0550492827807534,8.144426695430099
27,2020,electronics,coastal,1,1,1,1,2020,0,28.368052865813876,0.3402795645615807,0.26508808678848644,0,-0.845936453682139,2.211400069980219,9.239755065549415
27,2021,electronics,coastal,1,1,1,1,2020,1,29.525775065598335,0.4165945947570941,0.26508808678848644,0,-0.845936453682139,2.1758989839961345,8.767461265115273
27,2022,electronics,coastal,1,1,1,1,2020,2,30.730744804655718,0.5200179250911212,0.26508808678848644,0,-0.845936453682139,2.1974080215383225,8.77772584194969
27,2023,electronics,coastal,1,1,1,1,2020,3,31.984890291642426,0.5358308345730147,0.26508808678848644,0,-0.845936453682139,2.285766768222165,10.112459841991788
27,2024,electronics,coastal,1,1,1,1,2020,4,33.29021842690296,0.462807506644183,0.26508808678848644,0,-0.845936453682139,2.3739243354933186,10.31415313236151
28,2016,textile,western,0,0,0,0,9999,-99,12.049524390522823,0.5899904020155101,0.48550217813215435,0,0.19575280465071715,1.0157311895553032,2.763740035054811
28,2017,textile,western,0,0,0,0,9999,-99,12.541274809550124,0.4043460806507322,0.48550217813215435,0,0.19575280465071715,1.022520406877171,2.8079593331982187
28,2018,textile,western,0,0,0,0,9999,-99,13.053093943887362,0.5976266190822752,0.48550217813215435,0,0.19575280465071715,1.0918661946210786,3.1430254159530375
28,2019,textile,western,0,0,0,0,9999,-99,13.58580081334338,0.5935976190685214,0.48550217813215435,0,0.19575280465071715,1.0815118508526924,3.0710005519209456
28,2020,textile,western,0,1,0,0,9999,-99,14.1402478625595,0.6045622147840352,0.48550217813215435,0,0.19575280465071715,1.1592141560563392,3.38510064648316
28,2021,textile,western,0,1,0,0,9999,-99,14.717322325102815,0.6563703127570824,0.48550217813215435,0,0.19575280465071715,1.1200048062320656,2.9896778294826643
28,2022,textile,western,0,1,0,0,9999,-99,15.31794764322918,0.5124603451479862,0.48550217813215435,0,0.19575280465071715,1.0814632253366758,2.905725587408712
28,2023,textile,western,0,1,0,0,9999,-99,15.943084945587831,0.5808846620717658,0.48550217813215435,0,0.19575280465071715,1.2624025401598227,3.512936256430323
28,2024,textile,western,0,1,0,0,9999,-99,16.593734585232284,0.5636258322018513,0.48550217813215435,0,0.19575280465071715,1.1207325402563706,3.0211677561326753
29,2016,machinery,central,1,0,0,0,2020,-4,35.23142724327446,0.6879453414805389,0.08775390217915091,0,1.4734012164388248,1.7539101086777966,5.880974569197149
29,2017,machinery,central,1,0,0,0,2020,-3,36.66924906497529,0.6582737139480256,0.08775390217915091,0,1.4734012164388248,1.883737918839669,6.4754843330679295
29,2018,machinery,central,1,0,0,0,2020,-2,38.16574950837044,0.7696662694341887,0.08775390217915091,0,1.4734012164388248,1.8219113090970915,6.480776834371763
29,2019,machinery,central,1,0,0,0,2020,-1,39.7233232934398,0.7406375432526944,0.08775390217915091,0,1.4734012164388248,1.8056689367204204,5.8549088834449625
29,2020,machinery,central,1,1,1,1,2020,0,41.34446287053961,0.5506905280389155,0.08775390217915091,0,1.4734012164388248,2.0216201607052926,7.673475963425095
29,2021,machinery,central,1,1,1,1,2020,1,43.031762408854775,0.6470030642983923,0.08775390217915091,0,1.4734012164388248,1.98360367547403,7.128453554649965
29,2022,machinery,central,1,1,1,1,2020,2,44.78792194762305,0.6135703005901734,0.08775390217915091,0,1.4734012164388248,2.063186117162457,7.495376049716378
29,2023,machinery,central,1,1,1,1,2020,3,46.6157517167738,0.8024177033986893,0.08775390217915091,0,1.4734012164388248,2.101116807412861,7.676507563688261
29,2024,machinery,central,1,1,1,1,2020,4,48.51817663389549,0.6249764124337891,0.08775390217915091,0,1.4734012164388248,2.300879996751674,9.733671377240324
30,2016,electronics,coastal,0,0,0,0,9999,-99,13.338840956360631,0.4045141606014326,0.5182499289101614,0,-0.7293802963330938,1.6623892833806313,5.359740499741507
30,2017,electronics,coastal,0,0,0,0,9999,-99,13.883209382618844,0.4906135620260045,0.5182499289101614,0,-0.7293802963330938,1.8132835865748147,6.247065342540228
30,2018,electronics,coastal,0,0,0,0,9999,-99,14.449793905798549,0.46222248324357795,0.5182499289101614,0,-0.7293802963330938,1.9189818243882992,6.989119672543671
30,2019,electronics,coastal,0,0,0,0,9999,-99,15.039501182014641,0.4295439705308369,0.5182499289101614,0,-0.7293802963330938,1.8261011696898521,6.430756673350711
30,2020,electronics,coastal,0,1,0,0,9999,-99,15.653274868719995,0.5511428872209098,0.5182499289101614,0,-0.7293802963330938,1.8028929882595985,6.218887964111484
30,2021,electronics,coastal,0,1,0,0,9999,-99,16.292097134758713,0.4602041453613591,0.5182499289101614,0,-0.7293802963330938,1.8445611813472782,6.702193293855314
30,2022,electronics,coastal,0,1,0,0,9999,-99,16.956990232045804,0.42858961583995486,0.5182499289101614,0,-0.7293802963330938,1.9720523756799107,7.293449716506284
30,2023,electronics,coastal,0,1,0,0,9999,-99,17.64901813138836,0.5729050405107876,0.5182499289101614,0,-0.7293802963330938,1.927237788572799,6.385346629373333
30,2024,electronics,coastal,0,1,0,0,9999,-99,18.369288225065816,0.4271288254393002,0.5182499289101614,0,-0.7293802963330938,1.9693208724254052,7.382027500422448
31,2016,electronics,central,0,0,0,0,9999,-99,29.671903076004735,0.6517240506589793,0.12136914066137432,0,0.4686668777030016,1.6728753064740383,5.21518012176684
31,2017,electronics,central,0,0,0,0,9999,-99,30.882836412297994,0.6746195753685534,0.12136914066137432,0,0.4686668777030016,1.8361437642357241,6.535472242518119
31,2018,electronics,central,0,0,0,0,9999,-99,32.14318887554076,0.7056740940310267,0.12136914066137432,0,0.4686668777030016,1.8587109571210236,5.952249117223196
31,2019,electronics,central,0,0,0,0,9999,-99,33.45497729856373,0.7407518623157396,0.12136914066137432,0,0.4686668777030016,1.89846703638639,7.349904054199479
31,2020,electronics,central,0,1,0,0,9999,-99,34.82030082270689,0.5672769124387329,0.12136914066137432,0,0.4686668777030016,1.9527452166552137,7.107767974195484
31,2021,electronics,central,0,1,0,0,9999,-99,36.24134425689341,0.5865119426647987,0.12136914066137432,0,0.4686668777030016,1.8713807969076084,6.38442713118794
31,2022,electronics,central,0,1,0,0,9999,-99,37.72038157379009,0.6764695255032573,0.12136914066137432,0,0.4686668777030016,1.8924464782885402,6.583205847912822
31,2023,electronics,central,0,1,0,0,9999,-99,39.25977954864876,0.5659258323673642,0.12136914066137432,0,0.4686668777030016,1.920166049136013,6.784008680303331
31,2024,electronics,central,0,1,0,0,9999,-99,40.86200154665161,0.5544844202191157,0.12136914066137432,0,0.4686668777030016,2.0190080815590785,7.32672291770776
32,2016,chemicals,coastal,1,0,0,0,2020,-4,23.101129818774062,0.5061750481401128,0.15832601552853742,0,-1.2472068573278274,1.118583801431006,3.1250651276611228
32,2017,chemicals,coastal,1,0,0,0,2020,-3,24.043904811397095,0.4749522062947899,0.15832601552853742,0,-1.2472068573278274,1.2456090510289668,3.371423139931333
32,2018,chemicals,coastal,1,0,0,0,2020,-2,25.0251551813583,0.4780945528474991,0.15832601552853742,0,-1.2472068573278274,1.2307897025498515,3.40033491811231
32,2019,chemicals,coastal,1,0,0,0,2020,-1,26.04645113859419,0.5836490871009369,0.15832601552853742,0,-1.2472068573278274,1.2660960631824325,3.453130430056828
32,2020,chemicals,coastal,1,1,1,1,2020,0,27.109426974524432,0.4983432157580068,0.15832601552853742,0,-1.2472068573278274,1.4328139073200061,4.043537457854437
32,2021,chemicals,coastal,1,1,1,1,2020,1,28.215783677266785,0.3911307968246619,0.15832601552853742,0,-1.2472068573278274,1.3557337238562568,3.979708501252948
32,2022,chemicals,coastal,1,1,1,1,2020,2,29.367291653580992,0.41077878039484533,0.15832601552853742,0,-1.2472068573278274,1.3809446191220232,4.042937795181967
32,2023,chemicals,coastal,1,1,1,1,2020,3,30.56579356189729,0.3655720306713973,0.15832601552853742,0,-1.2472068573278274,1.5251774588047746,4.541218381530554
32,2024,chemicals,coastal,1,1,1,1,2020,4,31.81320726096304,0.4788592492018999,0.15832601552853742,0,-1.2472068573278274,1.422591805059344,4.2778753446850155
33,2016,textile,central,1,0,0,0,2020,-4,21.04144924480422,0.5588613542021,0.22304998693764755,1,-1.2163479339277135,0.8204555475590554,2.2560906408024892
33,2017,textile,central,1,0,0,0,2020,-3,21.900167078614523,0.4857283905461881,0.22304998693764755,1,-1.2163479339277135,0.9772555458205556,2.723220150709933
33,2018,textile,central,1,0,0,0,2020,-2,22.793929852035436,0.48775460166071516,0.22304998693764755,1,-1.2163479339277135,0.9793291713665954,2.6741881919349875
33,2019,textile,central,1,0,0,0,2020,-1,23.72416777618399,0.4834419865097251,0.22304998693764755,1,-1.2163479339277135,0.9812079423750985,2.5091166222133157
33,2020,textile,central,1,1,1,1,2020,0,24.69236943020017,0.4344416099982883,0.22304998693764755,1,-1.2163479339277135,1.0794041602726805,2.8139352631572807
33,2021,textile,central,1,1,1,1,2020,1,25.700084143291097,0.4270495076706996,0.22304998693764755,1,-1.2163479339277135,1.2172361835655734,3.288677626778857
33,2022,textile,central,1,1,1,1,2020,2,26.74892447398833,0.3969359283933031,0.22304998693764755,1,-1.2163479339277135,1.1770469287296184,3.1619861526625255
33,2023,textile,central,1,1,1,1,2020,3,27.84056879058551,0.46179680580945115,0.22304998693764755,1,-1.2163479339277135,1.2513398054612097,3.5887777305290305
33,2024,textile,central,1,1,1,1,2020,4,28.97676395688575,0.45984997427908075,0.22304998693764755,1,-1.2163479339277135,1.3819350457818897,3.95801989213296
34,2016,textile,coastal,1,0,0,0,2020,-4,25.2809553075403,0.6247768249760611,0.320337450322251,0,0.8576227710968178,1.3422082900741068,3.930631068715046
34,2017,textile,coastal,1,0,0,0,2020,-3,26.312690665964183,0.6312790519965633,0.320337450322251,0,0.8576227710968178,1.4279280397761043,4.32000762174977
34,2018,textile,coastal,1,0,0,0,2020,-2,27.386531943127014,0.5584020816927643,0.320337450322251,0,0.8576227710968178,1.4395576125938063,4.471940062280699
34,2019,textile,coastal,1,0,0,0,2020,-1,28.504197514170595,0.570988723654193,0.320337450322251,0,0.8576227710968178,1.4726579412148426,4.607008239585301
34,2020,textile,coastal,1,1,1,1,2020,0,29.667475882456646,0.5693876628923211,0.320337450322251,0,0.8576227710968178,1.6360947836423698,5.160565822220018
34,2021,textile,coastal,1,1,1,1,2020,1,30.878228541553707,0.5864440111086493,0.320337450322251,0,0.8576227710968178,1.6185032537428699,5.174446753107504
34,2022,textile,coastal,1,1,1,1,2020,2,32.13839295402401,0.5792718799532949,0.320337450322251,0,0.8576227710968178,1.6533567317181836,5.178565906105092
34,2023,textile,coastal,1,1,1,1,2020,3,33.44998565177693,0.5600183924075469,0.320337450322251,0,0.8576227710968178,1.7234654968795966,5.780135922328146
34,2024,textile,coastal,1,1,1,1,2020,4,34.81510546295022,0.6698022404548518,0.320337450322251,0,0.8576227710968178,1.7574321782211832,6.168596794624587
35,2016,machinery,central,0,0,0,0,9999,-99,34.43783438911016,0.3799037185799257,0.5670437514497317,1,-0.6867251782740501,1.349184685949054,3.730235250933137
35,2017,machinery,central,0,0,0,0,9999,-99,35.84326907203899,0.574363615563894,0.5670437514497317,1,-0.6867251782740501,1.348781172892294,4.020897124808714
35,2018,machinery,central,0,0,0,0,9999,-99,37.306060632454994,0.4734600433257583,0.5670437514497317,1,-0.6867251782740501,1.4813117403376603,4.516080973387628
35,2019,machinery,central,0,0,0,0,9999,-99,38.828549848933655,0.6603431958126021,0.5670437514497317,1,-0.6867251782740501,1.4638640750025542,4.5640587104996015
35,2020,machinery,central,0,1,0,0,9999,-99,40.41317302903638,0.4477624131026201,0.5670437514497317,1,-0.6867251782740501,1.3677015343114576,3.9709912266913356
35,2021,machinery,central,0,1,0,0,9999,-99,42.062465907922295,0.501114849795653,0.5670437514497317,1,-0.6867251782740501,1.54004838753772,4.770825070248767
35,2022,machinery,central,0,1,0,0,9999,-99,43.77906770606554,0.49416231429231555,0.5670437514497317,1,-0.6867251782740501,1.4626003337455469,4.381695799645793
35,2023,machinery,central,0,1,0,0,9999,-99,45.56572535257105,0.526696589261792,0.5670437514497317,1,-0.6867251782740501,1.536973717522281,4.639679955513339
35,2024,machinery,central,0,1,0,0,9999,-99,47.42529788084722,0.2802204002702337,0.5670437514497317,1,-0.6867251782740501,1.5599555947440866,4.886326560686294
36,2016,chemicals,central,0,0,0,0,9999,-99,35.376812671448924,0.5658219458147458,0.6846488197322919,0,-0.7154258534608295,1.532894307031927,4.68596459678029
36,2017,chemicals,central,0,0,0,0,9999,-99,36.820567785029844,0.4590767772538741,0.6846488197322919,0,-0.7154258534608295,1.6235342710522545,5.0914764808839665
36,2018,chemicals,central,0,0,0,0,9999,-99,38.32324366254022,0.5319678055110805,0.6846488197322919,0,-0.7154258534608295,1.6985366202407226,5.7848677998336795
36,2019,chemicals,central,0,0,0,0,9999,-99,39.887244905972025,0.4549869145707798,0.6846488197322919,0,-0.7154258534608295,1.7049845508694104,5.583508840468707
36,2020,chemicals,central,0,1,0,0,9999,-99,41.51507425098614,0.5114959878689941,0.6846488197322919,0,-0.7154258534608295,1.672685032281784,5.20575264364854
36,2021,chemicals,central,0,1,0,0,9999,-99,43.209336571823364,0.47177636026908915,0.6846488197322919,0,-0.7154258534608295,1.7844597906832131,6.0181392234495075
36,2022,chemicals,central,0,1,0,0,9999,-99,44.97274304965895,0.5234715876492405,0.6846488197322919,0,-0.7154258534608295,1.798488186863364,5.990073647521186
36,2023,chemicals,central,0,1,0,0,9999,-99,46.80811551107087,0.42273210920878235,0.6846488197322919,0,-0.7154258534608295,1.7525950637346306,5.839494080637026
36,2024,chemicals,central,0,1,0,0,9999,-99,48.718390943564415,0.6084600595634814,0.6846488197322919,0,-0.7154258534608295,1.720276227372721,5.680555673986902
37,2016,machinery,coastal,0,0,0,0,9999,-99,20.21341302014052,0.7228934098281402,0.33953159830820023,1,1.9754519404040212,1.6418948196271923,5.347089446000945
37,2017,machinery,coastal,0,0,0,0,9999,-99,21.038338054562956,0.6699715126483682,0.33953159830820023,1,1.9754519404040212,1.9805806509569943,7.578949276151144
37,2018,machinery,coastal,0,0,0,0,9999,-99,21.896928918290854,0.6635640214840992,0.33953159830820023,1,1.9754519404040212,1.8841010303345962,6.688248298090976
37,2019,machinery,coastal,0,0,0,0,9999,-99,22.790559539881997,0.6503633190309083,0.33953159830820023,1,1.9754519404040212,2.016644961862932,7.6737543201046705
37,2020,machinery,coastal,0,1,0,0,9999,-99,23.720659918982303,0.7600957235294766,0.33953159830820023,1,1.9754519404040212,2.033562420150568,7.367215592987158
37,2021,machinery,coastal,0,1,0,0,9999,-99,24.688718414630323,0.6481752194245225,0.33953159830820023,1,1.9754519404040212,1.8981936312091965,6.888637028855637
37,2022,machinery,coastal,0,1,0,0,9999,-99,25.69628412694926,0.7400381251707814,0.33953159830820023,1,1.9754519404040212,1.96203958780588,7.19219727314771
37,2023,machinery,coastal,0,1,0,0,9999,-99,26.74496937603763,0.6329418272667439,0.33953159830820023,1,1.9754519404040212,2.039791851537973,7.728660802121188
37,2024,machinery,coastal,0,1,0,0,9999,-99,27.836452282025444,0.7364544105994302,0.33953159830820023,1,1.9754519404040212,2.034632701312867,7.658645008344809
38,2016,machinery,western,0,0,0,0,9999,-99,22.78246920022687,0.5059251652465638,0.0901990633977016,0,0.06893927563551734,1.4958296447650186,4.4093599144530184
38,2017,machinery,western,0,0,0,0,9999,-99,23.71223940630237,0.4754773657566159,0.0901990633977016,0,0.06893927563551734,1.442151822896605,4.11098837128987
38,2018,machinery,western,0,0,0,0,9999,-99,24.679954254308825,0.5584500750373917,0.0901990633977016,0,0.06893927563551734,1.503639102323816,4.700761348317553
38,2019,machinery,western,0,0,0,0,9999,-99,25.687162294459895,0.6206838607572099,0.0901990633977016,0,0.06893927563551734,1.6863593575683076,5.121482222872689
38,2020,machinery,western,0,1,0,0,9999,-99,26.735475274502328,0.570456132784559,0.0901990633977016,0,0.06893927563551734,1.6478697336052066,4.941875790951032
38,2021,machinery,western,0,1,0,0,9999,-99,27.826570718856217,0.5064881805526191,0.0901990633977016,0,0.06893927563551734,1.6403483022361733,5.220120581497019
38,2022,machinery,western,0,1,0,0,9999,-99,28.96219461301198,0.4752513511078214,0.0901990633977016,0,0.06893927563551734,1.6768064038942014,5.516975872317776
38,2023,machinery,western,0,1,0,0,9999,-99,30.144164197479615,0.483426330865234,0.0901990633977016,0,0.06893927563551734,1.6502160943901454,5.304654324696876
38,2024,machinery,western,0,1,0,0,9999,-99,31.374370875761233,0.6292230116538401,0.0901990633977016,0,0.06893927563551734,1.7564946240070345,5.795265931077239
39,2016,chemicals,central,1,0,0,0,2020,-4,16.664103434887412,0.601006903551135,0.12393717548424413,1,-0.04447952470913964,0.9429041725961906,2.6064039485775585
39,2017,chemicals,central,1,0,0,0,2020,-3,17.3441783972872,0.48693934012721457,0.12393717548424413,1,-0.04447952470913964,0.8930130940587507,2.5689020707957844
39,2018,chemicals,central,1,0,0,0,2020,-2,18.05200774541139,0.3954497985691463,0.12393717548424413,1,-0.04447952470913964,1.036421725327336,2.813371233921966
39,2019,chemicals,central,1,0,0,0,2020,-1,18.788724157228618,0.48721579823529115,0.12393717548424413,1,-0.04447952470913964,1.056635802981541,2.882110486164932
39,2020,chemicals,central,1,1,1,1,2020,0,19.555506536172345,0.49341852586431584,0.12393717548424413,1,-0.04447952470913964,1.0820310216658207,3.205905721157493
39,2021,chemicals,central,1,1,1,1,2020,1,20.353581897637845,0.5625583019718629,0.12393717548424413,1,-0.04447952470913964,1.2095817589817557,3.337223921740665
39,2022,chemicals,central,1,1,1,1,2020,2,21.184227332468623,0.5804092222147974,0.12393717548424413,1,-0.04447952470913964,1.263017795676191,3.638448043692703
39,2023,chemicals,central,1,1,1,1,2020,3,22.048772050574218,0.5650313517029765,0.12393717548424413,1,-0.04447952470913964,1.2052750892058837,3.3667294342709235
39,2024,chemicals,central,1,1,1,1,2020,4,22.94859950794965,0.6446884312625574,0.12393717548424413,1,-0.04447952470913964,1.2956059697004014,3.538683160420881
40,2016,machinery,central,1,0,0,0,2020,-4,12.709192192381455,0.5854844374827238,0.2790153920325635,0,-0.22960573239930604,1.4077045073695984,3.996884740809528
40,2017,machinery,central,1,0,0,0,2020,-3,13.227864165112397,0.5072152442578108,0.2790153920325635,0,-0.22960573239930604,1.298868866001306,3.763729112720256
40,2018,machinery,central,1,0,0,0,2020,-2,13.767703542602385,0.5297786193122358,0.2790153920325635,0,-0.22960573239930604,1.4040274826216748,4.322104223150514
40,2019,machinery,central,1,0,0,0,2020,-1,14.329574183027274,0.5934366605190884,0.2790153920325635,0,-0.22960573239930604,1.511407561973048,4.556024488685139
40,2020,machinery,central,1,1,1,1,2020,0,14.914375199283876,0.468146435915095,0.2790153920325635,0,-0.22960573239930604,1.5405585788470642,4.898957362503502
40,2021,machinery,central,1,1,1,1,2020,1,15.523042397762405,0.7028400656814765,0.2790153920325635,0,-0.22960573239930604,1.5980114469317146,4.974747068785289
40,2022,machinery,central,1,1,1,1,2020,2,16.156549775836353,0.4975207039214468,0.2790153920325635,0,-0.22960573239930604,1.6588809769740511,5.31856426799788
40,2023,machinery,central,1,1,1,1,2020,3,16.81591108046609,0.6515905357835262,0.2790153920325635,0,-0.22960573239930604,1.7016884633306804,5.5328479734024665
40,2024,machinery,central,1,1,1,1,2020,4,17.502181430410275,0.575086561102663,0.2790153920325635,0,-0.22960573239930604,1.7346420410539378,5.710417757756166
41,2016,textile,coastal,0,0,0,0,9999,-99,37.634557935005546,0.5507760535627113,0.2505869552121928,0,0.4153403408572299,1.5783452256081316,4.735283701587934
41,2017,textile,coastal,0,0,0,0,9999,-99,39.17045338072141,0.53587344835703,0.2505869552121928,0,0.4153403408572299,1.6107335310275457,5.15170244537034
41,2018,textile,coastal,0,0,0,0,9999,-99,40.769029908655504,0.5049186518561734,0.2505869552121928,0,0.4153403408572299,1.7083997910525117,5.7345040904750535
41,2019,textile,coastal,0,0,0,0,9999,-99,42.43284558230037,0.5403338887719705,0.2505869552121928,0,0.4153403408572299,1.6716072180471842,5.32930452382432
41,2020,textile,coastal,0,1,0,0,9999,-99,44.164562861700105,0.6094564717480313,0.2505869552121928,0,0.4153403408572299,1.8130767202758025,6.277858457125484
41,2021,textile,coastal,0,1,0,0,9999,-99,45.96695286395448,0.5930876443859175,0.2505869552121928,0,0.4153403408572299,1.8485066158376682,6.298096211421659
41,2022,textile,coastal,0,1,0,0,9999,-99,47.84289979759748,0.5526566178593271,0.2505869552121928,0,0.4153403408572299,1.868691142960708,6.971568322557452
41,2023,textile,coastal,0,1,0,0,9999,-99,49.79540557794628,0.5915752035536762,0.2505869552121928,0,0.4153403408572299,1.802941037743832,6.364701753341897
41,2024,textile,coastal,0,1,0,0,9999,-99,51.827594630806246,0.5865538805744873,0.2505869552121928,0,0.4153403408572299,1.7669888005556997,5.937076019696647
42,2016,machinery,coastal,0,0,0,0,9999,-99,14.97281439027139,0.45282609765577236,0.3684870363848605,0,-0.7078271632355606,1.8198673713047429,6.088082338075162
42,2017,machinery,coastal,0,0,0,0,9999,-99,15.583866537377297,0.5225705922424693,0.3684870363848605,0,-0.7078271632355606,1.7697288997862597,6.097604372482709
42,2018,machinery,coastal,0,0,0,0,9999,-99,16.219856195678517,0.5312577466974979,0.3684870363848605,0,-0.7078271632355606,1.7001897793501155,5.642145762861351
42,2019,machinery,coastal,0,0,0,0,9999,-99,16.881801084313363,0.6456807137081406,0.3684870363848605,0,-0.7078271632355606,1.7244188606212094,5.8998832228326545
42,2020,machinery,coastal,0,1,0,0,9999,-99,17.570760456326088,0.4653358193631704,0.3684870363848605,0,-0.7078271632355606,1.9281172562717002,7.021846340918481
42,2021,machinery,coastal,0,1,0,0,9999,-99,18.287836793697757,0.4617659808927778,0.3684870363848605,0,-0.7078271632355606,1.9145310665309239,7.034181508896841
42,2022,machinery,coastal,0,1,0,0,9999,-99,19.034177571552608,0.38275054591308977,0.3684870363848605,0,-0.7078271632355606,1.9360732665882763,7.0373477339484065
42,2023,machinery,coastal,0,1,0,0,9999,-99,19.810977094363057,0.35120567603664876,0.3684870363848605,0,-0.7078271632355606,1.9604018803851853,7.28072189581982
42,2024,machinery,coastal,0,1,0,0,9999,-99,20.619478407091687,0.43099978047336013,0.3684870363848605,0,-0.7078271632355606,2.0080436303264926,7.355664850571394
43,2016,electronics,coastal,0,0,0,0,9999,-99,17.62141360371197,0.48693521742567897,0.048885003222777584,0,0.05731671801949117,1.5247183643938975,4.49617998266502
43,2017,electronics,coastal,0,0,0,0,9999,-99,18.34055713524374,0.4702100218267987,0.048885003222777584,0,0.05731671801949117,1.6140875060388293,4.9587565782171605
43,2018,electronics,coastal,0,0,0,0,9999,-99,19.089049471052768,0.44095963171582864,0.048885003222777584,0,0.05731671801949117,1.6935656764780533,5.478237983971136
43,2019,electronics,coastal,0,0,0,0,9999,-99,19.86808835856323,0.5990602974514208,0.048885003222777584,0,0.05731671801949117,1.7720580954170062,5.84551124188499
43,2020,electronics,coastal,0,1,0,0,9999,-99,20.67892042619897,0.5559365310784558,0.048885003222777584,0,0.05731671801949117,1.695937013487409,5.2793137926095035
43,2021,electronics,coastal,0,1,0,0,9999,-99,21.52284317825494,0.723187218865349,0.048885003222777584,0,0.05731671801949117,1.7017910143871344,5.647342511781517
43,2022,electronics,coastal,0,1,0,0,9999,-99,22.401207071180885,0.5213275822449541,0.048885003222777584,0,0.05731671801949117,1.8269950080835355,6.215521544340809
43,2023,electronics,coastal,0,1,0,0,9999,-99,23.31541767459978,0.4879357658319877,0.048885003222777584,0,0.05731671801949117,1.756151495211261,5.7526149659193
43,2024,electronics,coastal,0,1,0,0,9999,-99,24.26693792051909,0.5252927105059609,0.048885003222777584,0,0.05731671801949117,1.800093162013538,6.29051660082158
44,2016,textile,coastal,1,0,0,0,2020,-4,29.09981701801512,0.6671253182621101,0.07245467619292591,0,1.0867023391771764,1.8943373015318177,6.676967799637553
44,2017,textile,coastal,1,0,0,0,2020,-3,30.28740307937715,0.6181767890747237,0.07245467619292591,0,1.0867023391771764,1.8923627756208767,6.47574781834876
44,2018,textile,coastal,1,0,0,0,2020,-2,31.523455447323457,0.5972720569908493,0.07245467619292591,0,1.0867023391771764,1.9673741891519865,6.8759785539416285
44,2019,textile,coastal,1,0,0,0,2020,-1,32.809952069347986,0.6405618933107796,0.07245467619292591,0,1.0867023391771764,1.9890682280092766,7.432862048724994
44,2020,textile,coastal,1,1,1,1,2020,0,34.14895161451323,0.6598316025672535,0.07245467619292591,0,1.0867023391771764,2.018409375202233,7.6208316175837085
44,2021,textile,coastal,1,1,1,1,2020,1,35.54259676775992,0.6642586898129526,0.07245467619292591,0,1.0867023391771764,2.0996255105122814,8.174403650676467
44,2022,textile,coastal,1,1,1,1,2020,2,36.993117658660076,0.7394702205573241,0.07245467619292591,0,1.0867023391771764,2.1176719534494906,8.566118054055172
44,2023,textile,coastal,1,1,1,1,2020,3,38.5028354301001,0.542465342866115,0.07245467619292591,0,1.0867023391771764,2.199732577883519,8.419471467811398
44,2024,textile,coastal,1,1,1,1,2020,4,40.0741659526046,0.6745882562763796,0.07245467619292591,0,1.0867023391771764,2.3218743417396466,9.903935049619397
45,2016,electronics,coastal,0,0,0,0,9999,-99,13.377028784950665,0.5262644343550438,0.1810948066490133,0,-0.3206394476509915,1.5896892141089352,4.919542602938532
45,2017,electronics,coastal,0,0,0,0,9999,-99,13.922955686058364,0.43278634026638485,0.1810948066490133,0,-0.3206394476509915,1.5808535223707838,4.917548310928616
45,2018,electronics,coastal,0,0,0,0,9999,-99,14.491162286652722,0.654276881981708,0.1810948066490133,0,-0.3206394476509915,1.6676493106442412,5.261272307333907
45,2019,electronics,coastal,0,0,0,0,9999,-99,15.082557838518557,0.46864007771534644,0.1810948066490133,0,-0.3206394476509915,1.564313534877015,4.8065966436203444
45,2020,electronics,coastal,0,1,0,0,9999,-99,15.698088700709974,0.41301748516924147,0.1810948066490133,0,-0.3206394476509915,1.7431367579463288,5.877544365337906
45,2021,electronics,coastal,0,1,0,0,9999,-99,16.33873985392673,0.5045024722979116,0.1810948066490133,0,-0.3206394476509915,1.8193876314759092,6.0854252210347735
45,2022,electronics,coastal,0,1,0,0,9999,-99,17.005536476693507,0.4828615210699048,0.1810948066490133,0,-0.3206394476509915,1.7132884421212897,5.180187356959923
45,2023,electronics,coastal,0,1,0,0,9999,-99,17.699545585864264,0.6140508497769656,0.1810948066490133,0,-0.3206394476509915,1.7030311893906807,5.22126741511886
45,2024,electronics,coastal,0,1,0,0,9999,-99,18.421877744076856,0.4461993346481215,0.1810948066490133,0,-0.3206394476509915,1.8755679077893403,6.5805712557689935
46,2016,machinery,central,0,0,0,0,9999,-99,30.44869336410093,0.2923696762517646,0.11707885591933435,1,-2.378838353497473,1.704692062691472,5.4548650230057625
46,2017,machinery,central,0,0,0,0,9999,-99,31.691328113436523,0.3302572358264107,0.11707885591933435,1,-2.378838353497473,1.7547036332125658,5.739186541559398
46,2018,machinery,central,0,0,0,0,9999,-99,32.98467574893087,0.40227371522024447,0.11707885591933435,1,-2.378838353497473,1.771081009966905,5.988456818097321
46,2019,machinery,central,0,0,0,0,9999,-99,34.33080590272963,0.2607243918791953,0.11707885591933435,1,-2.378838353497473,1.9087570069314546,6.6820223173125655
46,2020,machinery,central,0,1,0,0,9999,-99,35.731872670268636,0.2849967575471126,0.11707885591933435,1,-2.378838353497473,1.8662512787130947,6.150468498672763
46,2021,machinery,central,0,1,0,0,9999,-99,37.190118057286135,0.39628013948838203,0.11707885591933435,1,-2.378838353497473,1.9408719054249934,7.306098155728397
46,2022,machinery,central,0,1,0,0,9999,-99,38.7078755675103,0.36743621306289875,0.11707885591933435,1,-2.378838353497473,1.9095950473055916,6.682358618391421
46,2023,machinery,central,0,1,0,0,9999,-99,40.287573936763025,0.29509043317226386,0.11707885591933435,1,-2.378838353497473,1.9257610422365545,6.921762436751644
46,2024,machinery,central,0,1,0,0,9999,-99,41.93174101945541,0.23113852300972487,0.11707885591933435,1,-2.378838353497473,1.9659438962696854,6.845997999595813
47,2016,textile,coastal,0,0,0,0,9999,-99,16.78212055876192,0.5005214901813254,0.2826729078108832,0,-0.6549099551873528,1.9612119784126054,7.145666586809158
47,2017,textile,coastal,0,0,0,0,9999,-99,17.46701189135499,0.3712431354252446,0.2826729078108832,0,-0.6549099551873528,1.912346374996497,6.501860946433475
47,2018,textile,coastal,0,0,0,0,9999,-99,18.17985416946884,0.5440233794040062,0.2826729078108832,0,-0.6549099551873528,1.9186245380797513,7.105716755948111
47,2019,textile,coastal,0,0,0,0,9999,-99,18.92178809282958,0.45607636016280756,0.2826729078108832,0,-0.6549099551873528,1.900159969032657,7.051220431478004
47,2020,textile,coastal,0,1,0,0,9999,-99,19.694000914002267,0.40165932464966736,0.2826729078108832,0,-0.6549099551873528,1.93233089880128,6.811572854445627
47,2021,textile,coastal,0,1,0,0,9999,-99,20.4977283382483,0.4879203935884232,0.2826729078108832,0,-0.6549099551873528,1.9492450924604774,6.9958497159891015
47,2022,textile,coastal,0,1,0,0,9999,-99,21.33425650091747,0.5986326563160638,0.2826729078108832,0,-0.6549099551873528,2.0171482173180744,7.3837368793224485
47,2023,textile,coastal,0,1,0,0,9999,-99,22.2049240255389,0.4075825583857844,0.2826729078108832,0,-0.6549099551873528,1.988187526778576,7.073234534058158
47,2024,textile,coastal,0,1,0,0,9999,-99,23.111124165904307,0.5295007941789371,0.2826729078108832,0,-0.6549099551873528,2.0124130299155776,7.433487332778146
48,2016,electronics,central,0,0,0,0,9999,-99,14.711164910627673,0.6642790228791722,0.22991512851166807,0,0.7680775597614498,1.8835706618387065,6.4835070141931155
48,2017,electronics,central,0,0,0,0,9999,-99,15.311538939902285,0.5536103264208855,0.22991512851166807,0,0.7680775597614498,1.8721195859591944,6.626890894587259
48,2018,electronics,central,0,0,0,0,9999,-99,15.936414698116597,0.7872134910413021,0.22991512851166807,0,0.7680775597614498,1.9631327686693874,6.908836701677291
48,2019,electronics,central,0,0,0,0,9999,-99,16.58679211979769,0.6047240902248824,0.22991512851166807,0,0.7680775597614498,1.8543987206443966,6.298825387610157
48,2020,electronics,central,0,1,0,0,9999,-99,17.263711947574837,0.5319295896242884,0.22991512851166807,0,0.7680775597614498,2.066012576937898,8.313107792844217
48,2021,electronics,central,0,1,0,0,9999,-99,17.96825739758975,0.7566093946600294,0.22991512851166807,0,0.7680775597614498,2.0698703496738076,7.591368192763042
48,2022,electronics,central,0,1,0,0,9999,-99,18.701555892873493,0.6301508820149951,0.22991512851166807,0,0.7680775597614498,1.989494007793026,7.43673012934057
48,2023,electronics,central,0,1,0,0,9999,-99,19.46478086746388,0.6450220787252439,0.22991512851166807,0,0.7680775597614498,1.9911511680383462,7.3390793999931985
48,2024,electronics,central,0,1,0,0,9999,-99,20.259153644150267,0.6002226582960607,0.22991512851166807,0,0.7680775597614498,2.003111957118132,7.501080236569125
49,2016,textile,coastal,0,0,0,0,9999,-99,18.891265979331482,0.5088693507120648,0.13913725971830007,0,1.1208966433265681,1.5540440026713254,4.632137681436188
49,2017,textile,coastal,0,0,0,0,9999,-99,19.662233169422326,0.6478991537577174,0.13913725971830007,0,1.1208966433265681,1.5823977051984168,4.727342963939077
49,2018,textile,coastal,0,0,0,0,9999,-99,20.464664127417706,0.6539705726342081,0.13913725971830007,0,1.1208966433265681,1.5266281879684702,4.78572721605398
49,2019,textile,coastal,0,0,0,0,9999,-99,21.29984291404482,0.5628991849019278,0.13913725971830007,0,1.1208966433265681,1.6631329761590745,5.182619721254609
49,2020,textile,coastal,0,1,0,0,9999,-99,22.16910599354324,0.6900760520695949,0.13913725971830007,0,1.1208966433265681,1.643739233812013,5.270737717572552
49,2021,textile,coastal,0,1,0,0,9999,-99,23.073844372292854,0.7669111982094683,0.13913725971830007,0,1.1208966433265681,1.7640462873748413,5.889889997766049
49,2022,textile,coastal,0,1,0,0,9999,-99,24.015505824720808,0.5616411194396056,0.13913725971830007,0,1.1208966433265681,1.6256712864270093,5.029550013176276
49,2023,textile,coastal,0,1,0,0,9999,-99,24.99559721004947,0.6806908008408701,0.13913725971830007,0,1.1208966433265681,1.7252025741722032,5.458911935097072
49,2024,textile,coastal,0,1,0,0,9999,-99,26.01568688359269,0.6642429599406611,0.13913725971830007,0,1.1208966433265681,1.746383698806752,5.77802226990666
50,2016,machinery,central,0,0,0,0,9999,-99,16.727018020850334,0.6223459369892955,0.3493109857219409,0,0.3635742534832395,1.6742799391744554,5.6828610081638224
50,2017,machinery,central,0,0,0,0,9999,-99,17.409660576211266,0.5333949879218769,0.3493109857219409,0,0.3635742534832395,1.6706906363531038,5.407252830793423
50,2018,machinery,central,0,0,0,0,9999,-99,18.120162302753148,0.6184894195722257,0.3493109857219409,0,0.3635742534832395,1.6545416779114068,5.132956807043197
50,2019,machinery,central,0,0,0,0,9999,-99,18.859660154820233,0.4693600617311613,0.3493109857219409,0,0.3635742534832395,1.7600735648388983,6.096736312060416
50,2020,machinery,central,0,1,0,0,9999,-99,19.629337486743783,0.48560781069185827,0.3493109857219409,0,0.3635742534832395,1.8020162519445526,6.326087878085645
50,2021,machinery,central,0,1,0,0,9999,-99,20.430425946461465,0.5824918097057683,0.3493109857219409,0,0.3635742534832395,1.843609798651185,6.4327746210898225
50,2022,machinery,central,0,1,0,0,9999,-99,21.264207446416812,0.6461816744545946,0.3493109857219409,0,0.3635742534832395,1.72065768524368,5.4734843198682395
50,2023,machinery,central,0,1,0,0,9999,-99,22.132016214892626,0.5626971845227686,0.3493109857219409,0,0.3635742534832395,1.8953169995526034,6.631932901915557
50,2024,machinery,central,0,1,0,0,9999,-99,23.035240931060887,0.6273743637475483,0.3493109857219409,0,0.3635742534832395,1.9438051705655353,7.0292512332305686
51,2016,textile,coastal,1,0,0,0,2020,-4,27.281949143896785,0.7146606712623264,0.278413433201607,0,1.4274158986756658,1.7637009469152134,6.403302778204769
51,2017,textile,coastal,1,0,0,0,2020,-3,28.395346609936574,0.5395596467834907,0.278413433201607,0,1.4274158986756658,2.0380405945664823,7.52304651252005
51,2018,textile,coastal,1,0,0,0,2020,-2,29.554182688549297,0.6150637819216547,0.278413433201607,0,1.4274158986756658,2.0025577151675034,7.068059480877744
51,2019,textile,coastal,1,0,0,0,2020,-1,30.760311764692272,0.6735291981879161,0.278413433201607,0,1.4274158986756658,2.0010101841428383,7.125008029937089
51,2020,textile,coastal,1,1,1,1,2020,0,32.01566390220859,0.6243616790463009,0.278413433201607,0,1.4274158986756658,2.0774971945530316,7.93427079111235
51,2021,textile,coastal,1,1,1,1,2020,1,33.32224793234102,0.6849351505426093,0.278413433201607,0,1.4274158986756658,2.2161215541918597,9.191607947347846
51,2022,textile,coastal,1,1,1,1,2020,2,34.682154668290565,0.6463294317032534,0.278413433201607,0,1.4274158986756658,2.2183230993314442,9.005419427652203
51,2023,textile,coastal,1,1,1,1,2020,3,36.09756025096365,0.794245084720091,0.278413433201607,0,1.4274158986756658,2.3898215408648893,10.71773799577551
51,2024,textile,coastal,1,1,1,1,2020,4,37.57072963126186,0.6248726528079079,0.278413433201607,0,1.4274158986756658,2.2137601477150635,9.216654449749234
52,2016,machinery,western,0,0,0,0,9999,-99,46.43998125920242,0.4077402250923062,0.47393884626322647,0,-1.039619098628936,1.6465745263267986,5.280910130743372
52,2017,machinery,western,0,0,0,0,9999,-99,48.33523284787047,0.5670368887457836,0.47393884626322647,0,-1.039619098628936,1.5936727597291216,5.007418353193189
52,2018,machinery,western,0,0,0,0,9999,-99,50.30783112116142,0.4148998700439122,0.47393884626322647,0,-1.039619098628936,1.737611460311492,5.9342510563337125
52,2019,machinery,western,0,0,0,0,9999,-99,52.36093265715594,0.5467713077950537,0.47393884626322647,0,-1.039619098628936,1.6825194133535635,5.319630348256115
52,2020,machinery,western,0,1,0,0,9999,-99,54.497822856329975,0.5338576267832436,0.47393884626322647,0,-1.039619098628936,1.7452927263221245,5.548380991959941
52,2021,machinery,western,0,1,0,0,9999,-99,56.72192119889643,0.3647112358694877,0.47393884626322647,0,-1.039619098628936,1.753112245571004,5.654564304929496
52,2022,machinery,western,0,1,0,0,9999,-99,59.036786716703034,0.543361225231856,0.47393884626322647,0,-1.039619098628936,1.8380217458526609,6.3075418549403395
52,2023,machinery,western,0,1,0,0,9999,-99,61.44612368844258,0.5628803128653855,0.47393884626322647,0,-1.039619098628936,1.809274814459152,6.146723838466241
52,2024,machinery,western,0,1,0,0,9999,-99,63.953787567289176,0.48363327239140164,0.47393884626322647,0,-1.039619098628936,1.806858845164477,6.448841644756052
53,2016,machinery,western,1,0,0,0,2020,-4,33.22577612300039,0.6296300335618674,0.2976753010613729,0,1.2788642957648397,1.6836616065360723,5.434247472125918
53,2017,machinery,western,1,0,0,0,2020,-3,34.581745769723,0.7882885695390325,0.2976753010613729,0,1.2788642957648397,1.7105418500663245,5.66730209538589
53,2018,machinery,western,1,0,0,0,2020,-2,35.99305358750974,0.7206693200237635,0.2976753010613729,0,1.2788642957648397,1.8175184284525414,6.419754752280497
53,2019,machinery,western,1,0,0,0,2020,-1,37.46195796996413,0.6395210970280862,0.2976753010613729,0,1.2788642957648397,1.7905976300853526,5.829636576374352
53,2020,machinery,western,1,1,1,1,2020,0,38.99080947748108,0.47060455879514596,0.2976753010613729,0,1.2788642957648397,1.8204988244359113,6.316335560877131
53,2021,machinery,western,1,1,1,1,2020,1,40.58205459864499,0.6855430208352092,0.2976753010613729,0,1.2788642957648397,1.8948441958798208,6.767528416609473
53,2022,machinery,western,1,1,1,1,2020,2,42.238239665133456,0.5487687450619174,0.2976753010613729,0,1.2788642957648397,1.9953722048309646,7.445415916714582
53,2023,machinery,western,1,1,1,1,2020,3,43.96201492639119,0.7557918224964589,0.2976753010613729,0,1.2788642957648397,2.1135877691441465,8.506944961026301
53,2024,machinery,western,1,1,1,1,2020,4,45.75613879059455,0.7260554882472676,0.2976753010613729,0,1.2788642957648397,2.114166951843783,8.209870517681678
54,2016,machinery,central,0,0,0,0,9999,-99,30.241729906298627,0.5029121048626701,0.3096428065652663,0,0.2097697572153775,1.5035252127835597,4.258671354730712
54,2017,machinery,central,0,0,0,0,9999,-99,31.475918316691775,0.43297303512179114,0.3096428065652663,0,0.2097697572153775,1.6033767383007882,4.75520237941904
54,2018,machinery,central,0,0,0,0,9999,-99,32.76047491161234,0.5428791655186664,0.3096428065652663,0,0.2097697572153775,1.6221984340879436,5.220262465994091
54,2019,machinery,central,0,0,0,0,9999,-99,34.09745525566555,0.5785296932088918,0.3096428065652663,0,0.2097697572153775,1.7098340252662552,5.353583826153865
54,2020,machinery,central,0,1,0,0,9999,-99,35.48899880263958,0.5266268007654968,0.3096428065652663,0,0.2097697572153775,1.7539391510936027,5.556792336533773
54,2021,machinery,central,0,1,0,0,9999,-99,36.937332319088036,0.5186243709870972,0.3096428065652663,0,0.2097697572153775,1.721839298825347,5.657004531372322
54,2022,machinery,central,0,1,0,0,9999,-99,38.44477344763154,0.6805569955228772,0.3096428065652663,0,0.2097697572153775,1.662610487413587,5.187507024083775
54,2023,machinery,central,0,1,0,0,9999,-99,40.013734415680354,0.49940115887665826,0.3096428065652663,0,0.2097697572153775,1.8671388375971871,6.361469146645085
54,2024,machinery,central,0,1,0,0,9999,-99,41.64672589551289,0.5806421273319072,0.3096428065652663,0,0.2097697572153775,1.7604185815770819,5.744976828756403
55,2016,machinery,coastal,0,0,0,0,9999,-99,18.5990197932782,0.7443118142346289,0.13802849290570945,0,0.6759668578029521,2.0799264867379677,7.9580709876052085
55,2017,machinery,coastal,0,0,0,0,9999,-99,19.358060190261433,0.49201992686639295,0.13802849290570945,0,0.6759668578029521,2.0923483741600095,8.043510940162898
55,2018,machinery,coastal,0,0,0,0,9999,-99,20.148077613488855,0.5917334550171471,0.13802849290570945,0,0.6759668578029521,2.0673328178831567,8.289105862858944
55,2019,machinery,coastal,0,0,0,0,9999,-99,20.97033625938366,0.751971694059461,0.13802849290570945,0,0.6759668578029521,2.214353807214972,8.867496737974047
55,2020,machinery,coastal,0,1,0,0,9999,-99,21.82615191720382,0.5651582799056681,0.13802849290570945,0,0.6759668578029521,2.109141847745319,8.023410256815975
55,2021,machinery,coastal,0,1,0,0,9999,-99,22.716894074585586,0.5349748697201681,0.13802849290570945,0,0.6759668578029521,2.1246527647479696,7.9914762853297905
55,2022,machinery,coastal,0,1,0,0,9999,-99,23.6439881090159,0.6539680669671136,0.13802849290570945,0,0.6759668578029521,2.041150108607083,7.9908314503021085
55,2023,machinery,coastal,0,1,0,0,9999,-99,24.608917568740456,0.7166444563032892,0.13802849290570945,0,0.6759668578029521,2.1700418497748983,8.562809704484888
55,2024,machinery,coastal,0,1,0,0,9999,-99,25.613226546757424,0.7115196033668505,0.13802849290570945,0,0.6759668578029521,2.173323450480165,9.038601258254745
56,2016,textile,coastal,0,0,0,0,9999,-99,22.009859518850206,0.31250384881176035,0.139710347722255,0,-2.8604137173557698,1.553974901353534,4.831268899347545
56,2017,textile,coastal,0,0,0,0,9999,-99,22.90809892568019,0.472704712571719,0.139710347722255,0,-2.8604137173557698,1.669009810927584,5.208925124486933
56,2018,textile,coastal,0,0,0,0,9999,-99,23.842996178113015,0.4179406559132775,0.139710347722255,0,-2.8604137173557698,1.6956284823713395,5.432019140715074
56,2019,textile,coastal,0,0,0,0,9999,-99,24.81604731120796,0.23695595350063942,0.139710347722255,0,-2.8604137173557698,1.747166023677856,5.689663433974418
56,2020,textile,coastal,0,1,0,0,9999,-99,25.828809414373293,0.30480541023220015,0.139710347722255,0,-2.8604137173557698,1.6357843666773486,5.032835901781376
56,2021,textile,coastal,0,1,0,0,9999,-99,26.882903123041512,0.32360785177662543,0.139710347722255,0,-2.8604137173557698,1.724615283650054,6.020479566673881
56,2022,textile,coastal,0,1,0,0,9999,-99,27.980015212031805,0.44009177421133144,0.139710347722255,0,-2.8604137173557698,1.7635475772530844,5.742072524801031
56,2023,textile,coastal,0,1,0,0,9999,-99,29.121901294749623,0.31929158323437173,0.139710347722255,0,-2.8604137173557698,1.6953350902226052,5.499695360943356
56,2024,textile,coastal,0,1,0,0,9999,-99,30.310388632542672,0.28141883832782677,0.139710347722255,0,-2.8604137173557698,1.80374709968141,6.091904434616566
57,2016,machinery,central,1,0,0,0,2020,-4,25.573723359315668,0.6798218472804655,0.44536769792828906,0,0.8924836121266736,1.5785491509182468,5.0586255510990314
57,2017,machinery,central,1,0,0,0,2020,-3,26.617406808591305,0.4469157738079016,0.44536769792828906,0,0.8924836121266736,1.6414308937947868,5.200077539494598
57,2018,machinery,central,1,0,0,0,2020,-2,27.703683787443662,0.4407406732803161,0.44536769792828906,0,0.8924836121266736,1.5507128766641343,4.793721935051362
57,2019,machinery,central,1,0,0,0,2020,-1,28.834292570790353,0.6503227101200572,0.44536769792828906,0,0.8924836121266736,1.6567785967707396,5.305523638940806
57,2020,machinery,central,1,1,1,1,2020,0,30.011042373894135,0.5997522778902271,0.44536769792828906,0,0.8924836121266736,1.6585869512510858,5.206482961391759
57,2021,machinery,central,1,1,1,1,2020,1,31.23581624749332,0.4882853871908359,0.44536769792828906,0,0.8924836121266736,1.7943723865968229,5.979570211531026
57,2022,machinery,central,1,1,1,1,2020,2,32.510574091084706,0.6079909605386438,0.44536769792828906,0,0.8924836121266736,1.9774285480037754,7.308078337138941
57,2023,machinery,central,1,1,1,1,2020,3,33.83735578918087,0.6430917839162068,0.44536769792828906,0,0.8924836121266736,1.8645763896377416,6.612402415159131
57,2024,machinery,central,1,1,1,1,2020,4,35.21828447556063,0.4616035533207008,0.44536769792828906,0,0.8924836121266736,1.9884182247292235,6.998660097457548
58,2016,machinery,central,1,0,0,0,2020,-4,23.70901326262281,0.6661075881068399,0.302010641073782,0,0.23295831418070276,1.9963426935927668,7.437870786245792
58,2017,machinery,central,1,0,0,0,2020,-3,24.67659644920805,0.4302687800358118,0.302010641073782,0,0.23295831418070276,2.009968945474108,7.589450450813114
58,2018,machinery,central,1,0,0,0,2020,-2,25.68366745473337,0.652001009324025,0.302010641073782,0,0.23295831418070276,2.0724228959837454,7.9393069043822955
58,2019,machinery,central,1,0,0,0,2020,-1,26.73183780766088,0.36915496584629287,0.302010641073782,0,0.23295831418070276,2.0883655883238808,8.601386309282606
58,2020,machinery,central,1,1,1,1,2020,0,27.822784804176877,0.6522230266104382,0.302010641073782,0,0.23295831418070276,2.25333282016256,9.047002660216585
58,2021,machinery,central,1,1,1,1,2020,1,28.95825419222355,0.5429549674912663,0.302010641073782,0,0.23295831418070276,2.2950089923275376,9.749265199421039
58,2022,machinery,central,1,1,1,1,2020,2,30.140062965068164,0.5322034254465442,0.302010641073782,0,0.23295831418070276,2.288317471172657,10.112163533273426
58,2023,machinery,central,1,1,1,1,2020,3,31.370102268879922,0.6263638749445707,0.302010641073782,0,0.23295831418070276,2.383864725982962,10.896886427413916
58,2024,machinery,central,1,1,1,1,2020,4,32.65034042896731,0.6335756753620418,0.302010641073782,0,0.23295831418070276,2.441945069138361,11.67694096368091
59,2016,electronics,coastal,1,0,0,0,2020,-4,25.94734650546574,0.7016552910326647,0.2968464039939183,0,1.9083210732152092,2.232546703632332,9.297504314602948
59,2017,electronics,coastal,1,0,0,0,2020,-3,27.006277804591956,0.6341675171764176,0.2968464039939183,0,1.9083210732152092,2.197604854015003,9.193699289546364
59,2018,electronics,coastal,1,0,0,0,2020,-2,28.10842490985207,0.7543043902214548,0.2968464039939183,0,1.9083210732152092,2.2732213098557046,9.706311507529675
59,2019,electronics,coastal,1,0,0,0,2020,-1,29.255551491751742,0.7255622967966436,0.2968464039939183,0,1.9083210732152092,2.353404303568655,10.76989262468441
59,2020,electronics,coastal,1,1,1,1,2020,0,30.44949319755541,0.7226859295948912,0.2968464039939183,0,1.9083210732152092,2.317397172578046,10.028226167510454
59,2021,electronics,coastal,1,1,1,1,2020,1,31.692160588713502,0.660822905531823,0.2968464039939183,0,1.9083210732152092,2.4778915807497635,11.680355542680942
59,2022,electronics,coastal,1,1,1,1,2020,2,32.985542198168396,0.6951701656375554,0.2968464039939183,0,1.9083210732152092,2.5063423468998742,11.870315288230852
59,2023,electronics,coastal,1,1,1,1,2020,3,34.33170771243134,0.6016932923069488,0.2968464039939183,0,1.9083210732152092,2.6382555370662377,13.519911383402208
59,2024,electronics,coastal,1,1,1,1,2020,4,35.73281128352245,0.8338146909793877,0.2968464039939183,0,1.9083210732152092,2.6991301255523523,14.833118816979356
60,2016,textile,central,1,0,0,0,2020,-4,14.156795166335344,0.47750134436790886,0.36534532661853086,0,0.1881973925154646,1.2674953466259902,3.5893525444462746
60,2017,textile,central,1,0,0,0,2020,-3,14.73454493715655,0.6395167099370743,0.36534532661853086,0,0.1881973925154646,1.27978672022228,3.8442068766292214
60,2018,textile,central,1,0,0,0,2020,-2,15.335873123414444,0.46878104780202706,0.36534532661853086,0,0.1881973925154646,1.3166759636750396,3.701833618352839
60,2019,textile,central,1,0,0,0,2020,-1,15.961741978497226,0.6423865033426752,0.36534532661853086,0,0.1881973925154646,1.2626263131880686,3.503771052105681
60,2020,textile,central,1,1,1,1,2020,0,16.61315302609884,0.49759157091437745,0.36534532661853086,0,0.1881973925154646,1.4054002548316111,4.292503399379802
60,2021,textile,central,1,1,1,1,2020,1,17.29114866287055,0.5662633344371145,0.36534532661853086,0,0.1881973925154646,1.409645097921885,4.113726447336637
60,2022,textile,central,1,1,1,1,2020,2,17.996813826477975,0.5764042117163183,0.36534532661853086,0,0.1881973925154646,1.6207592109944453,5.170183137994331
60,2023,textile,central,1,1,1,1,2020,3,18.731277731732817,0.7644375578215028,0.36534532661853086,0,0.1881973925154646,1.5443783353372083,4.795967631756617
60,2024,textile,central,1,1,1,1,2020,4,19.49571567757748,0.44881037664004975,0.36534532661853086,0,0.1881973925154646,1.6626908070911315,5.095773857041348
61,2016,machinery,coastal,0,0,0,0,9999,-99,53.66369636381044,0.44460294400657147,0.285383628168717,0,-0.9733060415746994,1.7031561464125924,5.393781434268315
61,2017,machinery,coastal,0,0,0,0,9999,-99,55.85375335844279,0.3798569943537822,0.285383628168717,0,-0.9733060415746994,1.7110220174145454,5.768921586937778
61,2018,machinery,coastal,0,0,0,0,9999,-99,58.13318827455155,0.6004776959947729,0.285383628168717,0,-0.9733060415746994,1.7548819892756582,5.989668573555599
61,2019,machinery,coastal,0,0,0,0,9999,-99,60.505648694307865,0.629142256074762,0.285383628168717,0,-0.9733060415746994,1.7854827437676684,5.950855198661116
61,2020,machinery,coastal,0,1,0,0,9999,-99,62.974931060535226,0.4057022441442795,0.285383628168717,0,-0.9733060415746994,1.9258167588559758,6.7234729358522545
61,2021,machinery,coastal,0,1,0,0,9999,-99,65.54498675182795,0.44965900787444046,0.285383628168717,0,-0.9733060415746994,1.8796254195238224,6.401522102664953
61,2022,machinery,coastal,0,1,0,0,9999,-99,68.21992840559987,0.5031960216044137,0.285383628168717,0,-0.9733060415746994,1.9137971677907266,6.480998426029518
61,2023,machinery,coastal,0,1,0,0,9999,-99,71.0040364991817,0.5489044728410325,0.285383628168717,0,-0.9733060415746994,1.9446939028205077,6.972680930601202
61,2024,machinery,coastal,0,1,0,0,9999,-99,73.9017661994979,0.3403332512709059,0.285383628168717,0,-0.9733060415746994,1.9097240932433723,6.7201259548088625
62,2016,machinery,central,0,0,0,0,9999,-99,13.238757899475075,0.4934497241806327,0.5834148238440932,0,-0.8032460022912944,0.9223711565918512,2.517436869892961
62,2017,machinery,central,0,0,0,0,9999,-99,13.779041858698248,0.4834833667000126,0.5834148238440932,0,-0.8032460022912944,1.0172278831851427,2.7489831408695453
62,2018,machinery,central,0,0,0,0,9999,-99,14.34137522458105,0.3660844138857176,0.5834148238440932,0,-0.8032460022912944,1.081117528117975,2.888728954929227
62,2019,machinery,central,0,0,0,0,9999,-99,14.926657850479737,0.6090799679639082,0.5834148238440932,0,-0.8032460022912944,1.1516983799599503,3.047473261850779
62,2020,machinery,central,0,1,0,0,9999,-99,15.535826313462705,0.5644488399077107,0.5834148238440932,0,-0.8032460022912944,1.0793083143541786,2.917347348556889
62,2021,machinery,central,0,1,0,0,9999,-99,16.169855413033595,0.47512343337259416,0.5834148238440932,0,-0.8032460022912944,1.1363811818069036,3.012533110180816
62,2022,machinery,central,0,1,0,0,9999,-99,16.829759731018473,0.47557995463926245,0.5834148238440932,0,-0.8032460022912944,1.2382467710394756,3.4533631973017345
62,2023,machinery,central,0,1,0,0,9999,-99,17.516595255113216,0.38883348322465233,0.5834148238440932,0,-0.8032460022912944,1.2008189159256348,3.454319451886445
62,2024,machinery,central,0,1,0,0,9999,-99,18.231461068689104,0.4902990654001429,0.5834148238440932,0,-0.8032460022912944,1.2552866659270703,3.7730743400478812
63,2016,machinery,central,0,0,0,0,9999,-99,22.573251384780843,0.5926216179023225,0.22347093522170564,1,0.4056108231929618,1.7974357677306259,5.9483511219089324
63,2017,machinery,central,0,0,0,0,9999,-99,23.49448324983315,0.6510146177679678,0.22347093522170564,1,0.4056108231929618,1.88356980114841,6.399887426086584
63,2018,machinery,central,0,0,0,0,9999,-99,24.45331130050894,0.5797687457511798,0.22347093522170564,1,0.4056108231929618,1.904969654814239,6.875438742245394
63,2019,machinery,central,0,0,0,0,9999,-99,25.451269866250183,0.5195003540909345,0.22347093522170564,1,0.4056108231929618,2.0517276925985994,7.757335363465815
63,2020,machinery,central,0,1,0,0,9999,-99,26.489955893671254,0.5575154790421143,0.22347093522170564,1,0.4056108231929618,2.065506520433672,7.582420426901255
63,2021,machinery,central,0,1,0,0,9999,-99,27.571031502014193,0.6232047399611134,0.22347093522170564,1,0.4056108231929618,2.0021389236044294,7.650084050475697
63,2022,machinery,central,0,1,0,0,9999,-99,28.696226642894118,0.5957507475165567,0.22347093522170564,1,0.4056108231929618,2.050974056013508,8.17315995888313
63,2023,machinery,central,0,1,0,0,9999,-99,29.867341868590863,0.47184288333770974,0.22347093522170564,1,0.4056108231929618,1.984421600068359,7.039934701722359
63,2024,machinery,central,0,1,0,0,9999,-99,31.086251213316793,0.6118253119693643,0.22347093522170564,1,0.4056108231929618,2.0914691591432613,8.084116391265187
64,2016,electronics,western,0,0,0,0,9999,-99,34.95030620040751,0.6021533885324624,0.46519022858870046,0,0.30779728812521984,1.7904897933103114,6.3071971098708435
64,2017,electronics,western,0,0,0,0,9999,-99,36.37665525470717,0.5371403393290644,0.46519022858870046,0,0.30779728812521984,1.7783945035354896,5.839428738028317
64,2018,electronics,western,0,0,0,0,9999,-99,37.86121471818138,0.6611532973504894,0.46519022858870046,0,0.30779728812521984,1.8679970857361115,6.201043633962777
64,2019,electronics,western,0,0,0,0,9999,-99,39.4063602026946,0.6448544527063836,0.46519022858870046,0,0.30779728812521984,1.834217073370124,6.354989844087951
64,2020,electronics,western,0,1,0,0,9999,-99,41.01456427067068,0.5806761635423678,0.46519022858870046,0,0.30779728812521984,1.978721845376896,7.277540944645831
64,2021,electronics,western,0,1,0,0,9999,-99,42.68840039172022,0.4713178891408493,0.46519022858870046,0,0.30779728812521984,2.0576858678344077,8.015079201827989
64,2022,electronics,western,0,1,0,0,9999,-99,44.43054706074097,0.6414014173383612,0.46519022858870046,0,0.30779728812521984,2.0170840928134663,7.281451811056383
64,2023,electronics,western,0,1,0,0,9999,-99,46.24379208408114,0.5904755880855532,0.46519022858870046,0,0.30779728812521984,2.051664802170033,8.416627662449974
64,2024,electronics,western,0,1,0,0,9999,-99,48.131037040624335,0.6273994940517851,0.46519022858870046,0,0.30779728812521984,2.0245176409450885,7.519030896286822
65,2016,chemicals,coastal,0,0,0,0,9999,-99,17.209746869122846,0.5458717837158015,0.24891680442620312,0,-0.6341375680919105,1.828422786395835,6.467313639752355
65,2017,chemicals,coastal,0,0,0,0,9999,-99,17.912089962506776,0.5136676784847461,0.24891680442620312,0,-0.6341375680919105,1.760327091520596,5.74498183896478
65,2018,chemicals,coastal,0,0,0,0,9999,-99,18.643096221280388,0.5946061614677003,0.24891680442620312,0,-0.6341375680919105,1.921155100341319,6.60710539402164
65,2019,chemicals,coastal,0,0,0,0,9999,-99,19.40393541141403,0.5730130995785528,0.24891680442620312,0,-0.6341375680919105,1.9072477140743551,6.937819862043603
65,2020,chemicals,coastal,0,1,0,0,9999,-99,20.19582503793293,0.5992612121451796,0.24891680442620312,0,-0.6341375680919105,1.919383036041491,6.969056017136695
65,2021,chemicals,coastal,0,1,0,0,9999,-99,21.02003229318499,0.41168666892136263,0.24891680442620312,0,-0.6341375680919105,1.9893204756724994,7.471589552498827
65,2022,chemicals,coastal,0,1,0,0,9999,-99,21.877876084618872,0.357756465453443,0.24891680442620312,0,-0.6341375680919105,1.9301860416102006,6.994072777992514
65,2023,chemicals,coastal,0,1,0,0,9999,-99,22.770729145317304,0.5582244990626558,0.24891680442620312,0,-0.6341375680919105,1.9873842220256124,7.29011290191287
65,2024,chemicals,coastal,0,1,0,0,9999,-99,23.700020230662883,0.4022161488988755,0.24891680442620312,0,-0.6341375680919105,2.1382025466656196,8.755816355698222
66,2016,chemicals,coastal,0,0,0,0,9999,-99,38.59463976903778,0.5040910958124173,0.27723880922497374,0,-1.06801321149255,1.6402717507354632,5.104279229084506
66,2017,chemicals,coastal,0,0,0,0,9999,-99,40.169716897688545,0.6835766699848443,0.27723880922497374,0,-1.06801321149255,1.6030479877445336,4.836463678392422
66,2018,chemicals,coastal,0,0,0,0,9999,-99,41.80907414337228,0.5590639260514811,0.27723880922497374,0,-1.06801321149255,1.680508161420643,5.36465788988731
66,2019,chemicals,coastal,0,0,0,0,9999,-99,43.51533482743026,0.6766258328955098,0.27723880922497374,0,-1.06801321149255,1.7441626938115589,5.973191380506946
66,2020,chemicals,coastal,0,1,0,0,9999,-99,45.29122933097868,0.43872203034260326,0.27723880922497374,0,-1.06801321149255,1.7904563140822238,6.584033797543253
66,2021,chemicals,coastal,0,1,0,0,9999,-99,47.13959946410092,0.5185244897221296,0.27723880922497374,0,-1.06801321149255,1.6520552616139892,5.288034173511254
66,2022,chemicals,coastal,0,1,0,0,9999,-99,49.06340301334997,0.4006834390439403,0.27723880922497374,0,-1.06801321149255,1.7411212832564413,5.493328048216252
66,2023,chemicals,coastal,0,1,0,0,9999,-99,51.06571847483793,0.41499551944715385,0.27723880922497374,0,-1.06801321149255,1.7393450159337434,5.706335469230967
66,2024,chemicals,coastal,0,1,0,0,9999,-99,53.14974998048662,0.45145095460877965,0.27723880922497374,0,-1.06801321149255,1.973650961719711,7.4567048306993815
67,2016,electronics,coastal,1,0,0,0,2020,-4,12.742617355868312,0.5576280515942085,0.2503363714655797,1,1.5160211842199978,1.9859063604528833,7.479311805862965
67,2017,electronics,coastal,1,0,0,0,2020,-3,13.26265343539866,0.6944165478246047,0.2503363714655797,1,1.5160211842199978,1.9619032655255375,7.222715087094644
67,2018,electronics,coastal,1,0,0,0,2020,-2,13.803912589942618,0.5350302032515954,0.2503363714655797,1,1.5160211842199978,2.052661012046136,7.701264197536136
67,2019,electronics,coastal,1,0,0,0,2020,-1,14.367260949622231,0.6404452624156455,0.2503363714655797,1,1.5160211842199978,2.0963842972889863,7.904635236421384
67,2020,electronics,coastal,1,1,1,1,2020,0,14.953599992000381,0.6637124166028558,0.2503363714655797,1,1.5160211842199978,2.12244314667114,8.024483832339863
67,2021,electronics,coastal,1,1,1,1,2020,1,15.563867984637207,0.5932644700939886,0.2503363714655797,1,1.5160211842199978,2.099619964377142,8.009200269707511
67,2022,electronics,coastal,1,1,1,1,2020,2,16.199041486518375,0.7269777216540982,0.2503363714655797,1,1.5160211842199978,2.146952561028176,8.781529908622348
67,2023,electronics,coastal,1,1,1,1,2020,3,16.860136910757806,0.5746293589036071,0.2503363714655797,1,1.5160211842199978,2.284589886786367,9.656554276499403
67,2024,electronics,coastal,1,1,1,1,2020,4,17.548212151075493,0.6442460937299623,0.2503363714655797,1,1.5160211842199978,2.1917889365767507,8.797098138944968
68,2016,machinery,coastal,0,0,0,0,9999,-99,17.19897803262333,0.5366847972526277,0.25108447668838135,1,-0.23867457101631356,1.8366387925468421,6.264685518488923
68,2017,machinery,coastal,0,0,0,0,9999,-99,17.900881641452568,0.5724363533692941,0.25108447668838135,1,-0.23867457101631356,1.7913183532072319,5.968102067537262
68,2018,machinery,coastal,0,0,0,0,9999,-99,18.631430479966557,0.5353865411020138,0.25108447668838135,1,-0.23867457101631356,1.8172073598278575,6.142760395070207
68,2019,machinery,coastal,0,0,0,0,9999,-99,19.39179358216565,0.6394598942879203,0.25108447668838135,1,-0.23867457101631356,1.8530514592799872,6.1688427422857925
68,2020,machinery,coastal,0,1,0,0,9999,-99,20.183187691232817,0.5272544983694744,0.25108447668838135,1,-0.23867457101631356,1.9859871771084865,7.210348127687681
68,2021,machinery,coastal,0,1,0,0,9999,-99,21.00687920658231,0.5278816937249153,0.25108447668838135,1,-0.23867457101631356,2.0074292313192768,7.222914388594629
68,2022,machinery,coastal,0,1,0,0,9999,-99,21.864186210368914,0.5485447975299997,0.25108447668838135,1,-0.23867457101631356,2.0315465796201817,7.439011571577754
68,2023,machinery,coastal,0,1,0,0,9999,-99,22.756480576700607,0.5206310827611323,0.25108447668838135,1,-0.23867457101631356,1.8878484675578968,6.618643228273622
68,2024,machinery,coastal,0,1,0,0,9999,-99,23.685190166929807,0.49383510845174106,0.25108447668838135,1,-0.23867457101631356,2.149471218493767,8.638705063360474
69,2016,textile,western,0,0,0,0,9999,-99,8.337837976059017,0.545811250887203,0.028624815075923446,0,-0.06851669764201021,1.4721503006600354,4.2353175941542
69,2017,textile,western,0,0,0,0,9999,-99,8.67811159895268,0.42511057983358735,0.028624815075923446,0,-0.06851669764201021,1.6242732899786338,5.14219173645633
69,2018,textile,western,0,0,0,0,9999,-99,9.032272051833885,0.5380259890833151,0.028624815075923446,0,-0.06851669764201021,1.5379011763964023,4.710727714750415
69,2019,textile,western,0,0,0,0,9999,-99,9.400886066985496,0.6774261529049777,0.028624815075923446,0,-0.06851669764201021,1.6752842262543168,5.276371034375429
69,2020,textile,western,0,1,0,0,9999,-99,9.784543505473609,0.6414195396027703,0.028624815075923446,0,-0.06851669764201021,1.58084536645431,4.863441309312166
69,2021,textile,western,0,1,0,0,9999,-99,10.183858301051092,0.5924948107284979,0.028624815075923446,0,-0.06851669764201021,1.544667433059757,4.567048906979195
69,2022,textile,western,0,1,0,0,9999,-99,10.599469442582567,0.5916001972337672,0.028624815075923446,0,-0.06851669764201021,1.7503910834487346,5.647255696541142
69,2023,textile,western,0,1,0,0,9999,-99,11.032041996562922,0.6723674196350208,0.028624815075923446,0,-0.06851669764201021,1.615296209322985,5.11537694684857
69,2024,textile,western,0,1,0,0,9999,-99,11.482268171365597,0.6501103336333556,0.028624815075923446,0,-0.06851669764201021,1.6973317634831495,5.387785358160498
70,2016,machinery,western,1,0,0,0,2020,-4,38.217994277421234,0.5012913588619031,0.2918853960051233,1,-0.5333465801992939,1.7418401056769468,5.917182170049088
70,2017,machinery,western,1,0,0,0,2020,-3,39.77770021196306,0.47973382164694134,0.2918853960051233,1,-0.5333465801992939,1.791680346316853,6.338386911472007
70,2018,machinery,western,1,0,0,0,2020,-2,41.401058953206,0.6251707972578123,0.2918853960051233,1,-0.5333465801992939,1.8303775237180655,6.162985236096325
70,2019,machinery,western,1,0,0,0,2020,-1,43.09066822147104,0.5245885015741145,0.2918853960051233,1,-0.5333465801992939,1.8480628549831006,6.111881730521334
70,2020,machinery,western,1,1,1,1,2020,0,44.84923175205661,0.4958815169049197,0.2918853960051233,1,-0.5333465801992939,1.8568603232863023,6.569750347665465
70,2021,machinery,western,1,1,1,1,2020,1,46.679563621791885,0.47226592275846,0.2918853960051233,1,-0.5333465801992939,1.9394315892993619,7.097040203165595
70,2022,machinery,western,1,1,1,1,2020,2,48.58459275216005,0.4615475806426634,0.2918853960051233,1,-0.5333465801992939,1.8396754173621,6.197317093978871
70,2023,machinery,western,1,1,1,1,2020,3,50.56736759619759,0.6497654158710094,0.2918853960051233,1,-0.5333465801992939,2.1521423880160913,8.198004558753658
70,2024,machinery,western,1,1,1,1,2020,4,52.631061016669506,0.49506335062908235,0.2918853960051233,1,-0.5333465801992939,2.1367927982991546,8.580667426721478
71,2016,machinery,central,1,0,0,0,2020,-4,14.016585889606505,0.6070007026998508,0.3760384543840217,1,1.398373813408129,1.6372374722380725,5.461942915976526
71,2017,machinery,central,1,0,0,0,2020,-3,14.58861361129545,0.6653523626655746,0.3760384543840217,1,1.398373813408129,1.7486899170483579,5.782403395266055
71,2018,machinery,central,1,0,0,0,2020,-2,15.183986227166033,0.5227789469695768,0.3760384543840217,1,1.398373813408129,1.8256290249101297,6.310367232456062
71,2019,machinery,central,1,0,0,0,2020,-1,15.803656460423237,0.7742560267507803,0.3760384543840217,1,1.398373813408129,1.7035347246298556,5.411017278244499
71,2020,machinery,central,1,1,1,1,2020,0,16.448615915643646,0.6675244991109274,0.3760384543840217,1,1.398373813408129,1.9914069943050932,7.249080289754359
71,2021,machinery,central,1,1,1,1,2020,1,17.119896665554304,0.6870628750074435,0.3760384543840217,1,1.398373813408129,1.867981214780842,6.541961291640454
71,2022,machinery,central,1,1,1,1,2020,2,17.81857290256926,0.7014954290170028,0.3760384543840217,1,1.398373813408129,1.9542093231690452,7.036792056349626
71,2023,machinery,central,1,1,1,1,2020,3,18.54576265772662,0.8702602507635495,0.3760384543840217,1,1.398373813408129,2.1540592965056664,9.135119339636809
71,2024,machinery,central,1,1,1,1,2020,4,19.30262958977673,0.6704847511642303,0.3760384543840217,1,1.398373813408129,2.0808112668189667,7.497431874932005
72,2016,machinery,coastal,1,0,0,0,2020,-4,17.552302790974988,0.580994092107131,0.23905096130988085,0,1.1154592762442732,1.6256712060021146,5.031126232862673
72,2017,machinery,coastal,1,0,0,0,2020,-3,18.268625856733895,0.6707235631681047,0.23905096130988085,0,1.1154592762442732,1.6414885836303037,5.32626632543292
72,2018,machinery,coastal,1,0,0,0,2020,-2,19.014182621378286,0.5501255384708671,0.23905096130988085,0,1.1154592762442732,1.6890707351133658,5.282859204563787
72,2019,machinery,coastal,1,0,0,0,2020,-1,19.790166134792187,0.56161406964254,0.23905096130988085,0,1.1154592762442732,1.7492232538546708,5.682415116356907
72,2020,machinery,coastal,1,1,1,1,2020,0,20.59781813614904,0.6173774070630177,0.23905096130988085,0,1.1154592762442732,1.8337243090109074,6.258345600010091
72,2021,machinery,coastal,1,1,1,1,2020,1,21.438431040959298,0.7175633853729004,0.23905096130988085,0,1.1154592762442732,1.9538349544718367,6.92108019713816
72,2022,machinery,coastal,1,1,1,1,2020,2,22.313350009210975,0.6488991199378946,0.23905096130988085,0,1.1154592762442732,1.9240111141063412,6.9434724554605545
72,2023,machinery,coastal,1,1,1,1,2020,3,23.223975097912604,0.5354177278623705,0.23905096130988085,0,1.1154592762442732,2.0336374753663247,8.00551554102783
72,2024,machinery,coastal,1,1,1,1,2020,4,24.171763501483166,0.6694817036556524,0.23905096130988085,0,1.1154592762442732,2.114386768009013,8.220579752321093
73,2016,textile,coastal,0,0,0,0,9999,-99,33.798551227863776,0.48529481770456606,0.38027202322278614,0,-1.0216437397664466,1.5830670541883993,4.790570365541933
73,2017,textile,coastal,0,0,0,0,9999,-99,35.17789627005399,0.3497538979916798,0.38027202322278614,0,-1.0216437397664466,1.6270097257884604,5.19912366044288
73,2018,textile,coastal,0,0,0,0,9999,-99,36.61353345129442,0.4558292028209401,0.38027202322278614,0,-1.0216437397664466,1.6966638475859561,5.688369321718406
73,2019,textile,coastal,0,0,0,0,9999,-99,38.107760097360654,0.3890539792383938,0.38027202322278614,0,-1.0216437397664466,1.6876135053500108,5.396234033977215
73,2020,textile,coastal,0,1,0,0,9999,-99,39.66296728967174,0.44978035800294563,0.38027202322278614,0,-1.0216437397664466,1.8187852005825564,6.188279489255665
73,2021,textile,coastal,0,1,0,0,9999,-99,41.28164369153061,0.41289017014323665,0.38027202322278614,0,-1.0216437397664466,1.836220216913173,6.259822033839886
73,2022,textile,coastal,0,1,0,0,9999,-99,42.96637953051629,0.38132708372857294,0.38027202322278614,0,-1.0216437397664466,1.7947205934399433,5.880745292838162
73,2023,textile,coastal,0,1,0,0,9999,-99,44.71987074340064,0.41955660414521034,0.38027202322278614,0,-1.0216437397664466,1.8746186311827913,6.391548606006836
73,2024,textile,coastal,0,1,0,0,9999,-99,46.544923290222364,0.4026930173956799,0.38027202322278614,0,-1.0216437397664466,1.9222838700472427,6.568836137224894
74,2016,chemicals,western,0,0,0,0,9999,-99,27.93018261301613,0.5577396991945853,0.25184777761736965,1,-0.07658060396661255,1.4647916074748433,4.303711021974857
74,2017,chemicals,western,0,0,0,0,9999,-99,29.070034988788098,0.5737945180309222,0.25184777761736965,1,-0.07658060396661255,1.4227378540924205,3.9976139968814888
74,2018,chemicals,western,0,0,0,0,9999,-99,30.256405622480358,0.528229330930545,0.25184777761736965,1,-0.07658060396661255,1.5142396400816909,4.783960901550339
74,2019,chemicals,western,0,0,0,0,9999,-99,31.491192960212707,0.550212514778913,0.25184777761736965,1,-0.07658060396661255,1.535653701573432,4.7745997978953145
74,2020,chemicals,western,0,1,0,0,9999,-99,32.77637292516087,0.661901550795982,0.25184777761736965,1,-0.07658060396661255,1.654777146869355,5.549147060229014
74,2021,chemicals,western,0,1,0,0,9999,-99,34.11400207945512,0.6075502851535894,0.25184777761736965,1,-0.07658060396661255,1.4757736251122702,4.344557366968948
74,2022,chemicals,western,0,1,0,0,9999,-99,35.506220915118426,0.5644812407612962,0.25184777761736965,1,-0.07658060396661255,1.5774569709831145,4.605875598117617
74,2023,chemicals,western,0,1,0,0,9999,-99,36.95525727931037,0.61483059837461,0.25184777761736965,1,-0.07658060396661255,1.717502014199256,5.8577667522896
74,2024,chemicals,western,0,1,0,0,9999,-99,38.46342993935792,0.5705644833455905,0.25184777761736965,1,-0.07658060396661255,1.6323774129622404,5.122637682096705
75,2016,chemicals,coastal,0,0,0,0,9999,-99,38.5950026328855,0.6440237578027445,0.4103610764283525,0,-0.9221110255192708,1.5625251685729014,4.802487759474881
75,2017,chemicals,coastal,0,0,0,0,9999,-99,40.17009457029082,0.5672765288997286,0.4103610764283525,0,-0.9221110255192708,1.6745151299477232,5.384811042878028
75,2018,chemicals,coastal,0,0,0,0,9999,-99,41.80946722908585,0.39748876619498363,0.4103610764283525,0,-0.9221110255192708,1.7849875065976124,6.182343269484233
75,2019,chemicals,coastal,0,0,0,0,9999,-99,43.51574395527612,0.3804708896938396,0.4103610764283525,0,-0.9221110255192708,1.8246339912242167,6.376155017806174
75,2020,chemicals,coastal,0,1,0,0,9999,-99,45.29165515564868,0.4158818032669773,0.4103610764283525,0,-0.9221110255192708,1.7290849308417202,5.287668310104438
75,2021,chemicals,coastal,0,1,0,0,9999,-99,47.14004266700537,0.448727030217604,0.4103610764283525,0,-0.9221110255192708,1.7661203470875637,5.908571035671797
75,2022,chemicals,coastal,0,1,0,0,9999,-99,49.06386430370807,0.5131304873004254,0.4103610764283525,0,-0.9221110255192708,1.8033110280126947,5.984313545736753
75,2023,chemicals,coastal,0,1,0,0,9999,-99,51.066198590812675,0.5543316622736758,0.4103610764283525,0,-0.9221110255192708,1.81427179262918,6.254680930515209
75,2024,chemicals,coastal,0,1,0,0,9999,-99,53.150249690365996,0.33998301081619886,0.4103610764283525,0,-0.9221110255192708,1.8900536968855635,6.578617629173666
76,2016,textile,coastal,1,0,0,0,2020,-4,31.978871038168034,0.796002711937435,0.2375631796722036,1,1.8543480656678488,1.733294983433474,5.799048390327279
76,2017,textile,coastal,1,0,0,0,2020,-3,33.283953523034214,0.787761726668309,0.2375631796722036,1,1.8543480656678488,1.9289348058886753,7.149197885316825
76,2018,textile,coastal,1,0,0,0,2020,-2,34.64229743449271,0.5235735888047328,0.2375631796722036,1,1.8543480656678488,1.8616482001619108,6.194079877060195
76,2019,textile,coastal,1,0,0,0,2020,-1,36.05607641259734,0.7276787233619753,0.2375631796722036,1,1.8543480656678488,1.9566313947415568,7.1790672718379716
76,2020,textile,coastal,1,1,1,1,2020,0,37.52755280533535,0.7239787015701584,0.2375631796722036,1,1.8543480656678488,2.020467066384993,7.772001531560674
76,2021,textile,coastal,1,1,1,1,2020,1,39.059081288866814,0.7988083320208319,0.2375631796722036,1,1.8543480656678488,1.9856331824590825,6.987594660804268
76,2022,textile,coastal,1,1,1,1,2020,2,40.65311263550889,0.8032978249106795,0.2375631796722036,1,1.8543480656678488,2.1693616079011084,8.381070583721552
76,2023,textile,coastal,1,1,1,1,2020,3,42.312197635494364,0.6642670831575118,0.2375631796722036,1,1.8543480656678488,2.1727851930448314,9.107727120780275
76,2024,textile,coastal,1,1,1,1,2020,4,44.038991178780236,0.6635255662731454,0.2375631796722036,1,1.8543480656678488,2.334140306950283,10.569438076924493
77,2016,electronics,central,1,0,0,0,2020,-4,35.671758307862376,0.49909149857852314,0.031409075956267,0,0.4432768946099571,1.7711006634628832,5.944090434278079
77,2017,electronics,central,1,0,0,0,2020,-3,37.12755038120999,0.5723180638075359,0.031409075956267,0,0.4432768946099571,1.680689659827588,5.291563519872746
77,2018,electronics,central,1,0,0,0,2020,-2,38.64275445613408,0.5101566042553864,0.031409075956267,0,0.4432768946099571,1.7107732628103234,5.827115471006962
77,2019,electronics,central,1,0,0,0,2020,-1,40.21979518241527,0.5718572493811623,0.031409075956267,0,0.4432768946099571,1.758575541141918,5.490566690113783
77,2020,electronics,central,1,1,1,1,2020,0,41.86119616166892,0.546611190905542,0.031409075956267,0,0.4432768946099571,1.8764489561804039,6.675590313760597
77,2021,electronics,central,1,1,1,1,2020,1,43.56958398564606,0.584888539891392,0.031409075956267,0,0.4432768946099571,1.9500808132387835,6.995119097903514
77,2022,electronics,central,1,1,1,1,2020,2,45.347692439340555,0.600512238714896,0.031409075956267,0,0.4432768946099571,1.985334246812071,7.138006215154009
77,2023,electronics,central,1,1,1,1,2020,3,47.19836687562835,0.49877632010772155,0.031409075956267,0,0.4432768946099571,2.135632566690334,9.132114996824098
77,2024,electronics,central,1,1,1,1,2020,4,49.12456876843912,0.6553547616930089,0.031409075956267,0,0.4432768946099571,2.0806094516528915,7.977146743201733
78,2016,chemicals,coastal,0,0,0,0,9999,-99,19.23509046187822,0.4201813660515023,0.19763885874776743,0,-0.28021632506910404,1.7129628760409126,5.689265776334962
78,2017,chemicals,coastal,0,0,0,0,9999,-99,20.020089395288093,0.44680330106100247,0.19763885874776743,0,-0.28021632506910404,1.7764741952935343,5.7637141889399865
78,2018,chemicals,coastal,0,0,0,0,9999,-99,20.83712474291062,0.47085781239250035,0.19763885874776743,0,-0.28021632506910404,1.762797403435531,5.713253903618959
78,2019,chemicals,coastal,0,0,0,0,9999,-99,21.68750393561217,0.4643337520484725,0.19763885874776743,0,-0.28021632506910404,1.7869437831525496,5.707150295252777
78,2020,chemicals,coastal,0,1,0,0,9999,-99,22.57258776152497,0.5560256686262833,0.19763885874776743,0,-0.28021632506910404,1.9356860638904967,6.682575372292761
78,2021,chemicals,coastal,0,1,0,0,9999,-99,23.49379254359843,0.39329939707673656,0.19763885874776743,0,-0.28021632506910404,1.9291721284907508,6.978389773337039
78,2022,chemicals,coastal,0,1,0,0,9999,-99,24.45259240601804,0.6827588788186508,0.19763885874776743,0,-0.28021632506910404,1.8961722094619649,6.779359286855517
78,2023,chemicals,coastal,0,1,0,0,9999,-99,25.450521633118548,0.5498242359406408,0.19763885874776743,0,-0.28021632506910404,1.934259912493289,6.566049971226531
78,2024,chemicals,coastal,0,1,0,0,9999,-99,26.489177124566247,0.47108018495275983,0.19763885874776743,0,-0.28021632506910404,2.0881786364905306,8.10728855288767
79,2016,electronics,coastal,0,0,0,0,9999,-99,22.968499341780877,0.6357826394512064,0.6315070618912585,0,-0.33749793955049445,1.7815994320059734,6.400461504182297
79,2017,electronics,coastal,0,0,0,0,9999,-99,23.905861581956312,0.5146456932862069,0.6315070618912585,0,-0.33749793955049445,1.8076959336608558,6.184540011926097
79,2018,electronics,coastal,0,0,0,0,9999,-99,24.881478300852024,0.3757745411499949,0.6315070618912585,0,-0.33749793955049445,1.8221671816283942,6.161632601054616
79,2019,electronics,coastal,0,0,0,0,9999,-99,25.8969106933609,0.5083433678225534,0.6315070618912585,0,-0.33749793955049445,1.7055673972493168,5.582825587058336
79,2020,electronics,coastal,0,1,0,0,9999,-99,26.953783667948098,0.5362658238122171,0.6315070618912585,0,-0.33749793955049445,1.8371881016201366,6.309614295189726
79,2021,electronics,coastal,0,1,0,0,9999,-99,28.053788446851208,0.581366710314842,0.6315070618912585,0,-0.33749793955049445,1.8377490135197847,6.054068581574434
79,2022,electronics,coastal,0,1,0,0,9999,-99,29.198685272396684,0.5236530247226819,0.6315070618912585,0,-0.33749793955049445,1.8605347043369032,6.446397842552487
79,2023,electronics,coastal,0,1,0,0,9999,-99,30.390306223763073,0.5144733635497449,0.6315070618912585,0,-0.33749793955049445,1.924260073358097,6.78777846838251
79,2024,electronics,coastal,0,1,0,0,9999,-99,31.630558148698604,0.5028105163209905,0.6315070618912585,0,-0.33749793955049445,1.968189969168394,6.899316330843854
80,2016,electronics,coastal,1,0,0,0,2020,-4,33.27715184397462,0.3951736200305079,0.6912392264646343,0,0.5441686979870537,2.1796623926523266,9.21935721540899
80,2017,electronics,coastal,1,0,0,0,2020,-3,34.63521817364489,0.5035630270457593,0.6912392264646343,0,0.5441686979870537,2.192932826206742,8.951998276822236
80,2018,electronics,coastal,1,0,0,0,2020,-2,36.04870824163361,0.605885508141499,0.6912392264646343,0,0.5441686979870537,2.1649268351083015,9.051699524110992
80,2019,electronics,coastal,1,0,0,0,2020,-1,37.5198839336102,0.5749787101251805,0.6912392264646343,0,0.5441686979870537,2.1895438941342293,8.717194375434481
80,2020,electronics,coastal,1,1,1,1,2020,0,39.051099444549386,0.45831308352194333,0.6912392264646343,0,0.5441686979870537,2.2715970368723335,9.402520897380796
80,2021,electronics,coastal,1,1,1,1,2020,1,40.64480504594538,0.40773008825344315,0.6912392264646343,0,0.5441686979870537,2.2879131587016097,9.920767757042672
80,2022,electronics,coastal,1,1,1,1,2020,2,42.303551006769105,0.6327809717255162,0.6912392264646343,0,0.5441686979870537,2.3426602371224297,11.168226686561072
80,2023,electronics,coastal,1,1,1,1,2020,3,44.029991674442535,0.6752273484577082,0.6912392264646343,0,0.5441686979870537,2.5775156947515074,13.561876420034856
80,2024,electronics,coastal,1,1,1,1,2020,4,45.826889722360946,0.6100856311147221,0.6912392264646343,0,0.5441686979870537,2.575717227359149,12.913444879223581
81,2016,electronics,central,1,0,0,0,2020,-4,33.476824544249695,0.5228605052283087,0.45783688790898097,1,-0.24603020599532802,2.075504015494056,7.890986053145568
81,2017,electronics,central,1,0,0,0,2020,-3,34.84303967140327,0.6811671996408812,0.45783688790898097,1,-0.24603020599532802,2.1972684478828484,8.644600432065081
81,2018,electronics,central,1,0,0,0,2020,-2,36.26501109560934,0.4893713604381188,0.45783688790898097,1,-0.24603020599532802,2.1370193398033663,8.418084434700107
81,2019,electronics,central,1,0,0,0,2020,-1,37.7450142745167,0.5616023311347562,0.45783688790898097,1,-0.24603020599532802,2.200329223036063,9.046176579034112
81,2020,electronics,central,1,1,1,1,2020,0,39.28541752896247,0.4742951106450306,0.45783688790898097,1,-0.24603020599532802,2.2390999751609595,9.059262935343604
81,2021,electronics,central,1,1,1,1,2020,1,40.88868583279065,0.5633724978907859,0.45783688790898097,1,-0.24603020599532802,2.2607102701623916,9.168536360291993
81,2022,electronics,central,1,1,1,1,2020,2,42.55738475733617,0.43162342059392844,0.45783688790898097,1,-0.24603020599532802,2.405850170846427,10.478815885644815
81,2023,electronics,central,1,1,1,1,2020,3,44.2941845768864,0.6292672106800987,0.45783688790898097,1,-0.24603020599532802,2.500239949070512,12.3778821707786
81,2024,electronics,central,1,1,1,1,2020,4,46.10186454168968,0.3863103728259124,0.45783688790898097,1,-0.24603020599532802,2.4491904020738686,10.76551054287984
82,2016,textile,central,1,0,0,0,2020,-4,36.51388268438369,0.6700954384621652,0.19165739104171137,1,1.5426600628465803,1.538714009923495,4.865174112496987
82,2017,textile,central,1,0,0,0,2020,-3,38.00404250550343,0.7585670075255769,0.19165739104171137,1,1.5426600628465803,1.6953168961619827,5.5462079977461505
82,2018,textile,central,1,0,0,0,2020,-2,39.55501690259345,0.5177753390351096,0.19165739104171137,1,1.5426600628465803,1.7223182114907223,5.658094359190945
82,2019,textile,central,1,0,0,0,2020,-1,41.169287765581295,0.6819318787021558,0.19165739104171137,1,1.5426600628465803,1.682777855989971,5.447115356037177
82,2020,textile,central,1,1,1,1,2020,0,42.84943827224388,0.7271968692751438,0.19165739104171137,1,1.5426600628465803,1.802262135155453,5.9154343375379606
82,2021,textile,central,1,1,1,1,2020,1,44.5981570218431,0.8354035874082604,0.19165739104171137,1,1.5426600628465803,1.8973730963519686,6.584024563242061
82,2022,textile,central,1,1,1,1,2020,2,46.41824233745822,0.7694479377199835,0.19165739104171137,1,1.5426600628465803,1.9224534178254857,6.683444361964514
82,2023,textile,central,1,1,1,1,2020,3,48.31260674389978,0.7001433532165418,0.19165739104171137,1,1.5426600628465803,1.9424929850232846,6.8216740417772845
82,2024,textile,central,1,1,1,1,2020,4,50.28428162837073,0.5031281994288731,0.19165739104171137,1,1.5426600628465803,2.1688459231694215,8.620271509952792
83,2016,machinery,western,0,0,0,0,9999,-99,16.901488850440444,0.5145550578046195,0.4313789718686454,1,-0.9262005169008077,1.725038749117971,5.775283332180184
83,2017,machinery,western,0,0,0,0,9999,-99,17.591251695430937,0.32690304229371236,0.4313789718686454,1,-0.9262005169008077,1.8538115288878663,6.402176534009378
83,2018,machinery,western,0,0,0,0,9999,-99,18.309164296134636,0.6169013871858263,0.4313789718686454,1,-0.9262005169008077,1.814264654501122,6.428689850745712
83,2019,machinery,western,0,0,0,0,9999,-99,19.056375465875522,0.38488415256250746,0.4313789718686454,1,-0.9262005169008077,1.929187968083283,6.926383107128696
83,2020,machinery,western,0,1,0,0,9999,-99,19.834080901938737,0.47556550935563285,0.4313789718686454,1,-0.9262005169008077,1.9787518415450083,7.00624405629114
83,2021,machinery,western,0,1,0,0,9999,-99,20.643525098941318,0.522656650434864,0.4313789718686454,1,-0.9262005169008077,1.8917499753965765,6.730691558915427
83,2022,machinery,western,0,1,0,0,9999,-99,21.48600334028911,0.46819416181565887,0.4313789718686454,1,-0.9262005169008077,2.1008268317953505,8.55807034965831
83,2023,machinery,western,0,1,0,0,9999,-99,22.362863770906547,0.5379772243255395,0.4313789718686454,1,-0.9262005169008077,1.93390019809603,6.666727611291865
83,2024,machinery,western,0,1,0,0,9999,-99,23.275509554556155,0.46551825930706886,0.4313789718686454,1,-0.9262005169008077,1.8733727007894894,6.211127207800752
84,2016,electronics,central,0,0,0,0,9999,-99,14.565474291398264,0.4149945381768739,0.2917630770258429,0,-1.234654644820746,1.672248833076654,5.429750174624563
84,2017,electronics,central,0,0,0,0,9999,-99,15.159902573709553,0.4181724479342401,0.2917630770258429,0,-1.234654644820746,1.8353224176878,6.3527897091900405
84,2018,electronics,central,0,0,0,0,9999,-99,15.77858993442382,0.4125841126225455,0.2917630770258429,0,-1.234654644820746,1.7355425076379194,5.990337488121139
84,2019,electronics,central,0,0,0,0,9999,-99,16.42252640531188,0.4025815588049343,0.2917630770258429,0,-1.234654644820746,1.7328992110594763,5.770026595514234
84,2020,electronics,central,0,1,0,0,9999,-99,17.092742422107598,0.3402148002277893,0.2917630770258429,0,-1.234654644820746,2.001414045512798,7.280826061943196
84,2021,electronics,central,0,1,0,0,9999,-99,17.790310473424885,0.5105672570968854,0.2917630770258429,0,-1.234654644820746,1.7844991715318197,5.6050513747750825
84,2022,electronics,central,0,1,0,0,9999,-99,18.51634681696831,0.42782683888630973,0.2917630770258429,0,-1.234654644820746,2.015772647153103,7.56464182174071
84,2023,electronics,central,0,1,0,0,9999,-99,19.272013265783546,0.3479881906485435,0.2917630770258429,0,-1.234654644820746,1.8571090563470702,6.559640809399465
84,2024,electronics,central,0,1,0,0,9999,-99,20.05851904740615,0.54223471147157,0.2917630770258429,0,-1.234654644820746,1.9186048591341254,6.743710502521586
85,2016,electronics,coastal,1,0,0,0,2020,-4,13.561002621331765,0.6503225188228577,0.3253936507260942,0,1.4104830474006034,2.2196689171487143,9.883106265993602
85,2017,electronics,coastal,1,0,0,0,2020,-3,14.114437637133321,0.6860203619301664,0.3253936507260942,0,1.4104830474006034,2.304211356120852,10.517798733788084
85,2018,electronics,coastal,1,0,0,0,2020,-2,14.690458764394915,0.8048306218540358,0.3253936507260942,0,1.4104830474006034,2.3170841767274557,10.487974760380082
85,2019,electronics,coastal,1,0,0,0,2020,-1,15.289987759811225,0.5574579793215798,0.3253936507260942,0,1.4104830474006034,2.1102277577752453,8.024638696659931
85,2020,electronics,coastal,1,1,1,1,2020,0,15.913983997681262,0.5610230851318637,0.3253936507260942,0,1.4104830474006034,2.3565601578593487,10.645134761171184
85,2021,electronics,coastal,1,1,1,1,2020,1,16.56344600511191,0.6504704240710262,0.3253936507260942,0,1.4104830474006034,2.354780413402728,10.58522949292714
85,2022,electronics,coastal,1,1,1,1,2020,2,17.239413059874348,0.5643788988141927,0.3253936507260942,0,1.4104830474006034,2.4524711643523744,11.473109108663271
85,2023,electronics,coastal,1,1,1,1,2020,3,17.94296685347019,0.7277235756017983,0.3253936507260942,0,1.4104830474006034,2.549021790665568,12.282671018526312
85,2024,electronics,coastal,1,1,1,1,2020,4,18.67523322206867,0.7357851506837609,0.3253936507260942,0,1.4104830474006034,2.5917222189352573,13.739777527405547
86,2016,textile,coastal,0,0,0,0,9999,-99,19.275091070570237,0.39467102803571696,0.14498154577668318,0,-0.4256927724283938,1.1384475297160348,2.8982085818130647
86,2017,textile,coastal,0,0,0,0,9999,-99,20.061722459789,0.5570979900610173,0.14498154577668318,0,-0.4256927724283938,1.1936540798434447,3.383319445297205
86,2018,textile,coastal,0,0,0,0,9999,-99,20.880456885005813,0.46386770048386144,0.14498154577668318,0,-0.4256927724283938,1.1968671447217745,3.3827277082535825
86,2019,textile,coastal,0,0,0,0,9999,-99,21.732604495973682,0.490970628727942,0.14498154577668318,0,-0.4256927724283938,1.3531269983890604,3.8713099867719003
86,2020,textile,coastal,0,1,0,0,9999,-99,22.619528910671345,0.5608933788647548,0.14498154577668318,0,-0.4256927724283938,1.44282718653651,4.042892250432343
86,2021,textile,coastal,0,1,0,0,9999,-99,23.54264939738295,0.46409039091243803,0.14498154577668318,0,-0.4256927724283938,1.4758651954347572,4.321631805461278
86,2022,textile,coastal,0,1,0,0,9999,-99,24.50344314583011,0.5421481410461705,0.14498154577668318,0,-0.4256927724283938,1.3540878935141363,3.896639033738268
86,2023,textile,coastal,0,1,0,0,9999,-99,25.503447630990603,0.6473363157799967,0.14498154577668318,0,-0.4256927724283938,1.455042973900648,4.001631523219942
86,2024,textile,coastal,0,1,0,0,9999,-99,26.54426307338636,0.5584911349425192,0.14498154577668318,0,-0.4256927724283938,1.521172137711901,4.549797580125065
87,2016,machinery,central,1,0,0,0,2020,-4,22.788095043353888,0.692467784214869,0.22463637238517103,0,1.419869844138324,1.4690946756302865,4.246096568777224
87,2017,machinery,central,1,0,0,0,2020,-3,23.718094844442884,0.7027068443897225,0.22463637238517103,0,1.419869844138324,1.4295182635089612,4.115305991429238
87,2018,machinery,central,1,0,0,0,2020,-2,24.686048657413092,0.6539111253441557,0.22463637238517103,0,1.419869844138324,1.5050799711739145,4.524249933495644
87,2019,machinery,central,1,0,0,0,2020,-1,25.693505414873087,0.6777258821400584,0.22463637238517103,0,1.419869844138324,1.6550469576138862,5.360598942817243
87,2020,machinery,central,1,1,1,1,2020,0,26.742077262570376,0.6143430937324541,0.22463637238517103,0,1.419869844138324,1.7885906062976848,6.043243743590306
87,2021,machinery,central,1,1,1,1,2020,1,27.833442139168532,0.6331078701658829,0.22463637238517103,0,1.419869844138324,1.814900088144847,6.067386463917804
87,2022,machinery,central,1,1,1,1,2020,2,28.969346461307044,0.7221900679526415,0.22463637238517103,0,1.419869844138324,1.7046770346969597,5.473068926311915
87,2023,machinery,central,1,1,1,1,2020,3,30.151607918240504,0.53357402818147,0.22463637238517103,0,1.419869844138324,1.7161913286569899,5.5403596105244475
87,2024,machinery,central,1,1,1,1,2020,4,31.382118380529246,0.7735974960726747,0.22463637238517103,0,1.419869844138324,1.9724584227882145,7.189536179392866
88,2016,textile,coastal,1,0,0,0,2020,-4,13.93985550529149,0.8937936631553909,0.08168917029848993,0,0.8798701074440789,1.4943529646112559,4.39100729337438
88,2017,textile,coastal,1,0,0,0,2020,-3,14.50875180059246,0.5485749605124892,0.08168917029848993,0,0.8798701074440789,1.6487337504101267,5.370647011143046
88,2018,textile,coastal,1,0,0,0,2020,-2,15.100865194139848,0.7258000569712013,0.08168917029848993,0,0.8798701074440789,1.667062590716894,5.434537110963568
88,2019,textile,coastal,1,0,0,0,2020,-1,15.717143193687583,0.48253521430334956,0.08168917029848993,0,0.8798701074440789,1.797010043690964,5.838544104181448
88,2020,textile,coastal,1,1,1,1,2020,0,16.358571975514597,0.5849639863260322,0.08168917029848993,0,0.8798701074440789,1.712635533776549,5.4099191236570405
88,2021,textile,coastal,1,1,1,1,2020,1,17.026177962517256,0.49853860674955114,0.08168917029848993,0,0.8798701074440789,1.8898535783621864,6.246439792522357
88,2022,textile,coastal,1,1,1,1,2020,2,17.721029466704962,0.5848874481268456,0.08168917029848993,0,0.8798701074440789,1.9309363153339885,6.887778079132006
88,2023,textile,coastal,1,1,1,1,2020,3,18.444238398727315,0.6868488506163346,0.08168917029848993,0,0.8798701074440789,2.083774739519254,7.770647282856501
88,2024,textile,coastal,1,1,1,1,2020,4,19.196962047168356,0.5486843419638225,0.08168917029848993,0,0.8798701074440789,2.0492113097759836,7.669684673987875
89,2016,machinery,central,0,0,0,0,9999,-99,21.95186886749058,0.36629875922628274,0.19978774749987585,0,-1.3580920288226,1.0738068988161997,2.8885930890875837
89,2017,machinery,central,0,0,0,0,9999,-99,22.847741630942657,0.5375991450508047,0.19978774749987585,0,-1.3580920288226,1.1538374732043761,3.1498828359410638
89,2018,machinery,central,0,0,0,0,9999,-99,23.78017565544909,0.3543402498069082,0.19978774749987585,0,-1.3580920288226,1.2755142753404014,3.5763714633212813
89,2019,machinery,central,0,0,0,0,9999,-99,24.75066303437895,0.37492972535996144,0.19978774749987585,0,-1.3580920288226,1.2668390511944045,3.573165774344347
89,2020,machinery,central,0,1,0,0,9999,-99,25.760756754586875,0.48129136639267184,0.19978774749987585,0,-1.3580920288226,1.3376483253608837,3.7992256580069834
89,2021,machinery,central,0,1,0,0,9999,-99,26.81207318152336,0.46953773293012624,0.19978774749987585,0,-1.3580920288226,1.5117672234899422,4.560159647551267
89,2022,machinery,central,0,1,0,0,9999,-99,27.906294645764298,0.3776865048745241,0.19978774749987585,0,-1.3580920288226,1.3324761043770625,3.8779013547349135
89,2023,machinery,central,0,1,0,0,9999,-99,29.045172135098838,0.5786832730063172,0.19978774749987585,0,-1.3580920288226,1.3855411559979898,3.771229265445628
89,2024,machinery,central,0,1,0,0,9999,-99,30.230528096483404,0.5657769385067207,0.19978774749987585,0,-1.3580920288226,1.4735257097147185,4.225085567380431
90,2016,chemicals,central,0,0,0,0,9999,-99,31.68135182186841,0.48021314298300893,0.2257007383245167,0,-0.6095042024115644,1.662729841304499,5.297184749372228
90,2017,chemicals,central,0,0,0,0,9999,-99,32.97429231718029,0.40974300511699957,0.2257007383245167,0,-0.6095042024115644,1.722788934071653,5.5301424369364796
90,2018,chemicals,central,0,0,0,0,9999,-99,34.31999871509054,0.5701561926054496,0.2257007383245167,0,-0.6095042024115644,1.7951416880908713,5.999552510290913
90,2019,chemicals,central,0,0,0,0,9999,-99,35.72062443293515,0.3596550940266193,0.2257007383245167,0,-0.6095042024115644,1.7492783237680323,5.898641033041857
90,2020,chemicals,central,0,1,0,0,9999,-99,37.178410770678774,0.4305570195861014,0.2257007383245167,0,-0.6095042024115644,1.8273546430171208,6.295442190998667
90,2021,chemicals,central,0,1,0,0,9999,-99,38.695690497472796,0.5068244139362098,0.2257007383245167,0,-0.6095042024115644,1.8450337156780188,6.456450319237112
90,2022,chemicals,central,0,1,0,0,9999,-99,40.274891584583706,0.4236611682502177,0.2257007383245167,0,-0.6095042024115644,1.8747487231891404,6.370289444855349
90,2023,chemicals,central,0,1,0,0,9999,-99,41.918541090665066,0.5181412078574911,0.2257007383245167,0,-0.6095042024115644,1.759281832354877,5.899052560300151
90,2024,chemicals,central,0,1,0,0,9999,-99,43.629269205590546,0.5733111439556369,0.2257007383245167,0,-0.6095042024115644,1.7784411480766076,6.038637552332392
91,2016,chemicals,western,1,0,0,0,2020,-4,37.21019980363399,0.4289434388481362,0.09134957703140864,1,0.04931658966041895,1.934943409024585,7.260517600619724
91,2017,chemicals,western,1,0,0,0,2020,-3,38.72877686547375,0.5357063234327812,0.09134957703140864,1,0.04931658966041895,2.0604995038734795,8.08888222426298
91,2018,chemicals,western,1,0,0,0,2020,-2,40.30932823287799,0.5627751560174706,0.09134957703140864,1,0.04931658966041895,2.0804120359205864,7.513159162292982
91,2019,chemicals,western,1,0,0,0,2020,-1,41.95438312523683,0.6208449714702385,0.09134957703140864,1,0.04931658966041895,2.0943454664723316,8.144913300464319
91,2020,chemicals,western,1,1,1,1,2020,0,43.66657398134181,0.5914833345906906,0.09134957703140864,1,0.04931658966041895,2.19061458647429,8.564016576711888
91,2021,chemicals,western,1,1,1,1,2020,1,45.44864067184957,0.5786209187183815,0.09134957703140864,1,0.04931658966041895,2.1592393273071324,8.979723314222005
91,2022,chemicals,western,1,1,1,1,2020,2,47.30343488365941,0.6570182409327756,0.09134957703140864,1,0.04931658966041895,2.318448925221651,10.952460729485388
91,2023,chemicals,western,1,1,1,1,2020,3,49.23392468322077,0.5589122471706316,0.09134957703140864,1,0.04931658966041895,2.186421942494655,8.60173784351596
91,2024,chemicals,western,1,1,1,1,2020,4,51.24319926607275,0.5529469523738781,0.09134957703140864,1,0.04931658966041895,2.4057262064225484,11.147384261107234
92,2016,electronics,coastal,1,0,0,0,2020,-4,18.307115553503507,0.502518840674446,0.6363297392507531,0,-0.22044175750654305,2.0328774120423847,7.745116700768307
92,2017,electronics,coastal,1,0,0,0,2020,-3,19.054243112471497,0.4502882640561032,0.6363297392507531,0,-0.22044175750654305,2.19609497230026,9.060640478859975
92,2018,electronics,coastal,1,0,0,0,2020,-2,19.83186152554144,0.5886466486605746,0.6363297392507531,0,-0.22044175750654305,2.11177867419751,8.79101103104076
92,2019,electronics,coastal,1,0,0,0,2020,-1,20.641215148075027,0.5044636619912696,0.6363297392507531,0,-0.22044175750654305,2.2600499886148238,9.453379880544277
92,2020,electronics,coastal,1,1,1,1,2020,0,21.48359911853962,0.5341769934673337,0.6363297392507531,0,-0.22044175750654305,2.158193733300347,8.870517848571549
92,2021,electronics,coastal,1,1,1,1,2020,1,22.36036143100613,0.5446294511513221,0.6363297392507531,0,-0.22044175750654305,2.415387366295411,11.674489435668592
92,2022,electronics,coastal,1,1,1,1,2020,2,23.272905092227106,0.5035446028600602,0.6363297392507531,0,-0.22044175750654305,2.426371280040439,11.71396371619919
92,2023,electronics,coastal,1,1,1,1,2020,3,24.222690366746868,0.5806571314067825,0.6363297392507531,0,-0.22044175750654305,2.513865465348312,11.678280789286832
92,2024,electronics,coastal,1,1,1,1,2020,4,25.211237113636315,0.4496029876263103,0.6363297392507531,0,-0.22044175750654305,2.5092911974925824,12.35804140238862
93,2016,chemicals,coastal,1,0,0,0,2020,-4,30.786292850225433,0.5069811311951999,0.49262392102438507,1,0.30287780108953066,1.5141642148192307,4.542294594642232
93,2017,chemicals,coastal,1,0,0,0,2020,-3,32.04270529595672,0.6235320721822477,0.49262392102438507,1,0.30287780108953066,1.5099808511752193,4.810603600716541
93,2018,chemicals,coastal,1,0,0,0,2020,-2,33.350392906303256,0.5655421364197742,0.49262392102438507,1,0.30287780108953066,1.5893203616631904,4.844881124280208
93,2019,chemicals,coastal,1,0,0,0,2020,-1,34.71144826042982,0.5144763003189745,0.49262392102438507,1,0.30287780108953066,1.709660583835065,5.366410799564
93,2020,chemicals,coastal,1,1,1,1,2020,0,36.12804933727699,0.6327427936556379,0.49262392102438507,1,0.30287780108953066,1.8018246414826729,6.572070970792131
93,2021,chemicals,coastal,1,1,1,1,2020,1,37.60246300079206,0.6236372311302119,0.49262392102438507,1,0.30287780108953066,1.8177611517594208,5.916110226490429
93,2022,chemicals,coastal,1,1,1,1,2020,2,39.13704862739502,0.5599238876729853,0.49262392102438507,1,0.30287780108953066,1.8068240155257178,6.274699235608902
93,2023,chemicals,coastal,1,1,1,1,2020,3,40.73426188148415,0.559842184107311,0.49262392102438507,1,0.30287780108953066,1.8873461933449343,6.853705199121952
93,2024,chemicals,coastal,1,1,1,1,2020,4,42.39665864502302,0.7570115537119276,0.49262392102438507,1,0.30287780108953066,1.9591769870722562,7.098112251162435
94,2016,textile,central,0,0,0,0,9999,-99,13.425689453038073,0.6379725044454395,0.15194038830418638,0,-0.6124948903477903,1.5200094214790503,4.333554471725612
94,2017,textile,central,0,0,0,0,9999,-99,13.973602233683138,0.48169214613122197,0.15194038830418638,0,-0.6124948903477903,1.475507062598579,4.387421841984547
94,2018,textile,central,0,0,0,0,9999,-99,14.543875759096233,0.3846561885987504,0.15194038830418638,0,-0.6124948903477903,1.599193333619061,4.949715233856417
94,2019,textile,central,0,0,0,0,9999,-99,15.137422588582858,0.3989243939647692,0.15194038830418638,0,-0.6124948903477903,1.626293012282992,4.932625436191051
94,2020,textile,central,0,1,0,0,9999,-99,15.75519252370027,0.5233059624413098,0.15194038830418638,0,-0.6124948903477903,1.6491127883027858,5.364300157200938
94,2021,textile,central,0,1,0,0,9999,-99,16.398174128142603,0.6416058116120607,0.15194038830418638,0,-0.6124948903477903,1.6397130003969735,5.307737401710673
94,2022,textile,central,0,1,0,0,9999,-99,17.067396309653695,0.6439610967815597,0.15194038830418638,0,-0.6124948903477903,1.6234944651297523,4.855775202158978
94,2023,textile,central,0,1,0,0,9999,-99,17.76392996649897,0.4411784428378512,0.15194038830418638,0,-0.6124948903477903,1.6935411809229843,5.58347458422375
94,2024,textile,central,0,1,0,0,9999,-99,18.48888970113116,0.3898749081897712,0.15194038830418638,0,-0.6124948903477903,1.7843198729178549,6.077317023259767
95,2016,textile,coastal,0,0,0,0,9999,-99,17.71599159334963,0.5084950040066141,0.28444474039344037,0,-0.08492884991494587,1.807419420299648,6.094494204671471
95,2017,textile,coastal,0,0,0,0,9999,-99,18.438994925860072,0.47355721206220713,0.28444474039344037,0,-0.08492884991494587,1.9284709456808724,6.993203205461106
95,2018,textile,coastal,0,0,0,0,9999,-99,19.19150458411394,0.5746247994177003,0.28444474039344037,0,-0.08492884991494587,2.0188184470875665,7.469429666781621
95,2019,textile,coastal,0,0,0,0,9999,-99,19.974724744108396,0.5434135881840431,0.28444474039344037,0,-0.08492884991494587,2.0231425645499455,7.481702400294839
95,2020,textile,coastal,0,1,0,0,9999,-99,20.789908725195314,0.5221285686579868,0.28444474039344037,0,-0.08492884991494587,2.0643572134647528,7.552841931968026
95,2021,textile,coastal,0,1,0,0,9999,-99,21.63836099565962,0.6750014185693606,0.28444474039344037,0,-0.08492884991494587,2.1621330113892983,8.535882288118229
95,2022,textile,coastal,0,1,0,0,9999,-99,22.521439260146867,0.6246465302809389,0.28444474039344037,0,-0.08492884991494587,2.1301135700595446,8.728234561603198
95,2023,textile,coastal,0,1,0,0,9999,-99,23.440556632280305,0.67256890388099,0.28444474039344037,0,-0.08492884991494587,2.072180961744325,8.02112277342462
95,2024,textile,coastal,0,1,0,0,9999,-99,24.39718389594419,0.5232529866823938,0.28444474039344037,0,-0.08492884991494587,2.019025474386578,7.864652451322447
96,2016,textile,coastal,1,0,0,0,2020,-4,25.013518086648656,0.7168919986786886,0.27677281758978917,0,1.001485060657655,2.167525354127535,8.956299036839825
96,2017,textile,coastal,1,0,0,0,2020,-3,26.03433912504009,0.6706718475382308,0.27677281758978917,0,1.001485060657655,2.0762695650003957,8.169551062113978
96,2018,textile,coastal,1,0,0,0,2020,-2,27.096820660320166,0.6295714134864058,0.27677281758978917,0,1.001485060657655,2.2128991467135934,9.60147656998784
96,2019,textile,coastal,1,0,0,0,2020,-1,28.20266288962013,0.6532565953589449,0.27677281758978917,0,1.001485060657655,2.156742914755148,8.635822043909991
96,2020,textile,coastal,1,1,1,1,2020,0,29.353635396432463,0.6684369845021275,0.27677281758978917,0,1.001485060657655,2.247455645207815,9.59818760601573
96,2021,textile,coastal,1,1,1,1,2020,1,30.55157998232196,0.5584004916880897,0.27677281758978917,0,1.001485060657655,2.315474769882629,10.569211448813054
96,2022,textile,coastal,1,1,1,1,2020,2,31.79841361420119,0.6019548427402893,0.27677281758978917,0,1.001485060657655,2.4306247925373525,11.507601915915384
96,2023,textile,coastal,1,1,1,1,2020,3,33.09613149188652,0.6609177378366183,0.27677281758978917,0,1.001485060657655,2.477432340686768,11.157633746862112
96,2024,textile,coastal,1,1,1,1,2020,4,34.44681024084349,0.6287677886164766,0.27677281758978917,0,1.001485060657655,2.5410435045858524,12.665690120600798
97,2016,machinery,western,1,0,0,0,2020,-4,17.830428837545725,0.636545029101693,0.14016628627283337,0,1.3329177364417273,1.3694122389228627,3.796550540817568
97,2017,machinery,western,1,0,0,0,2020,-3,18.55810244258825,0.7294063611080237,0.14016628627283337,0,1.3329177364417273,1.3908003716803374,3.9251979342807894
97,2018,machinery,western,1,0,0,0,2020,-2,19.31547297081193,0.7590259825312401,0.14016628627283337,0,1.3329177364417273,1.5137279638267405,4.361044258362501
97,2019,machinery,western,1,0,0,0,2020,-1,20.103752376642912,0.5767844447589606,0.14016628627283337,0,1.3329177364417273,1.534600585873035,4.497935010077727
97,2020,machinery,western,1,1,1,1,2020,0,20.924202075305775,0.6474172904353201,0.14016628627283337,0,1.3329177364417273,1.7130252602186302,5.54678750163917
97,2021,machinery,western,1,1,1,1,2020,1,21.77813496135698,0.6716534811669981,0.14016628627283337,0,1.3329177364417273,1.741889181557345,5.6918235684213325
97,2022,machinery,western,1,1,1,1,2020,2,22.666917509596274,0.5748384144163172,0.14016628627283337,0,1.3329177364417273,1.7100534550878514,5.586251197225171
97,2023,machinery,western,1,1,1,1,2020,3,23.5919719617179,0.6731304538412761,0.14016628627283337,0,1.3329177364417273,1.8270844446468895,5.908255638153845
97,2024,machinery,western,1,1,1,1,2020,4,24.554778602200724,0.651660768955389,0.14016628627283337,0,1.3329177364417273,1.9560291817321374,7.158728791206639
98,2016,chemicals,central,0,0,0,0,9999,-99,16.794282395572846,0.5592136376334709,0.2610614929894882,0,-0.7900442438460281,1.5091318997936192,4.206002744050577
98,2017,chemicals,central,0,0,0,0,9999,-99,17.47967006214177,0.47986288420028117,0.2610614929894882,0,-0.7900442438460281,1.6047941162891348,4.8342744062739245
98,2018,chemicals,central,0,0,0,0,9999,-99,18.193028930005287,0.4871289200984733,0.2610614929894882,0,-0.7900442438460281,1.690935026862472,5.224883028383903
98,2019,chemicals,central,0,0,0,0,9999,-99,18.935500525543322,0.5310161688720983,0.2610614929894882,0,-0.7900442438460281,1.6913336317069272,5.303286754616547
98,2020,chemicals,central,0,1,0,0,9999,-99,19.708272961711117,0.45450673658245144,0.2610614929894882,0,-0.7900442438460281,1.6296885092869942,5.282631034553575
98,2021,chemicals,central,0,1,0,0,9999,-99,20.51258283927346,0.342638121656129,0.2610614929894882,0,-0.7900442438460281,1.6547703831641307,5.278584184834933
98,2022,chemicals,central,0,1,0,0,9999,-99,21.349717225629707,0.645398362501344,0.2610614929894882,0,-0.7900442438460281,1.7151775942291407,5.525064469091511
98,2023,chemicals,central,0,1,0,0,9999,-99,22.22101571439622,0.4254195044593872,0.2610614929894882,0,-0.7900442438460281,1.7865976745527308,6.1711016545827695
98,2024,chemicals,central,0,1,0,0,9999,-99,23.12787256904196,0.540983273984017,0.2610614929894882,0,-0.7900442438460281,1.71256760182229,5.2951661745894825
99,2016,electronics,coastal,0,0,0,0,9999,-99,26.900213438205764,0.6069275206103677,0.1106259011232892,1,-0.23197272643142008,1.5245301076599604,4.73813222257095
99,2017,electronics,coastal,0,0,0,0,9999,-99,27.998031974559428,0.5178229456592397,0.1106259011232892,1,-0.23197272643142008,1.625347067066745,5.022443394794646
99,2018,electronics,coastal,0,0,0,0,9999,-99,29.14065333530444,0.5433518657484174,0.1106259011232892,1,-0.23197272643142008,1.6476331944188563,5.046309772326933
99,2019,electronics,coastal,0,0,0,0,9999,-99,30.329905958390214,0.6074082892421041,0.1106259011232892,1,-0.23197272643142008,1.732154802319933,5.502939810765335
99,2020,electronics,coastal,0,1,0,0,9999,-99,31.567692901734446,0.508088561184348,0.1106259011232892,1,-0.23197272643142008,1.8834217166829945,6.387042184139725
99,2021,electronics,coastal,0,1,0,0,9999,-99,32.855994888521785,0.41774622559327884,0.1106259011232892,1,-0.23197272643142008,1.6508776587616218,5.373478421252354
99,2022,electronics,coastal,0,1,0,0,9999,-99,34.19687347678351,0.5925713502239232,0.1106259011232892,1,-0.23197272643142008,1.8019709370328876,6.164920441819224
99,2023,electronics,coastal,0,1,0,0,9999,-99,35.59247435833019,0.5058928839150858,0.1106259011232892,1,-0.23197272643142008,1.754221429675559,5.640764388112012
99,2024,electronics,coastal,0,1,0,0,9999,-99,37.045030792316375,0.5731927706804555,0.1106259011232892,1,-0.23197272643142008,1.75815170980354,5.674930401852457
100,2016,textile,coastal,0,0,0,0,9999,-99,15.261914395939556,0.47446983278214994,0.3738724351307596,1,-0.12678716199855664,1.6732175780276028,5.176131896941345
100,2017,textile,coastal,0,0,0,0,9999,-99,15.884764938095804,0.5442454580275098,0.3738724351307596,1,-0.12678716199855664,1.876581301608652,6.398802658240806
100,2018,textile,coastal,0,0,0,0,9999,-99,16.533034493083598,0.591908547116899,0.3738724351307596,1,-0.12678716199855664,1.9108242528353978,6.886299455252677
100,2019,textile,coastal,0,0,0,0,9999,-99,17.2077604304958,0.5627071868616952,0.3738724351307596,1,-0.12678716199855664,1.9533468523232886,6.685476489505649
100,2020,textile,coastal,0,1,0,0,9999,-99,17.910022455781476,0.6178733607430335,0.3738724351307596,1,-0.12678716199855664,1.9205323635333558,6.684952785888928
100,2021,textile,coastal,0,1,0,0,9999,-99,18.640944338004974,0.4167206304308753,0.3738724351307596,1,-0.12678716199855664,2.0047472220494624,7.284728726911996
100,2022,textile,coastal,0,1,0,0,9999,-99,19.401695708116176,0.49079981351931756,0.3738724351307596,1,-0.12678716199855664,1.783955048059416,6.317512102494345
100,2023,textile,coastal,0,1,0,0,9999,-99,20.19349393060953,0.6606385704829302,0.3738724351307596,1,-0.12678716199855664,1.993352928121773,7.341509464912626
100,2024,textile,coastal,0,1,0,0,9999,-99,21.017606051567,0.4704919277538408,0.3738724351307596,1,-0.12678716199855664,1.920383555593441,6.768659044646234
101,2016,chemicals,western,0,0,0,0,9999,-99,25.057837303559623,0.4557784045354843,0.29956299873775605,0,-1.349853573564747,1.2545371817571522,3.392623200880842
101,2017,chemicals,western,0,0,0,0,9999,-99,26.080467043504797,0.42470704375676555,0.29956299873775605,0,-1.349853573564747,1.3787998909186348,3.824474001978212
101,2018,chemicals,western,0,0,0,0,9999,-99,27.144831094849295,0.5032352412866887,0.29956299873775605,0,-1.349853573564747,1.3502771366832396,3.9389327265325678
101,2019,chemicals,western,0,0,0,0,9999,-99,28.25263266715171,0.39205393403855526,0.29956299873775605,0,-1.349853573564747,1.519167156796239,4.526887513710884
101,2020,chemicals,western,0,1,0,0,9999,-99,29.405644479271327,0.440695142041309,0.29956299873775605,0,-1.349853573564747,1.4789117617129974,4.31735749398369
101,2021,chemicals,western,0,1,0,0,9999,-99,30.605711596096516,0.46132095996274153,0.29956299873775605,0,-1.349853573564747,1.4707423165181357,4.1975493293179005
101,2022,chemicals,western,0,1,0,0,9999,-99,31.85475438104217,0.34542802081017204,0.29956299873775605,0,-1.349853573564747,1.57337558991618,4.917974204918097
101,2023,chemicals,western,0,1,0,0,9999,-99,33.15477156904087,0.3871904245619067,0.29956299873775605,0,-1.349853573564747,1.6264554093853274,4.829446167986897
101,2024,chemicals,western,0,1,0,0,9999,-99,34.50784346494521,0.41745581181806746,0.29956299873775605,0,-1.349853573564747,1.5841190008094945,4.880537839329771
102,2016,electronics,central,1,0,0,0,2020,-4,22.714985066705214,0.7113466843082444,0.05411496938455542,0,0.9379916393325541,1.67451449133174,5.50108384362013
102,2017,electronics,central,1,0,0,0,2020,-3,23.642001193045992,0.6750603457540048,0.05411496938455542,0,0.9379916393325541,1.7546218135640808,5.6068683740062655
102,2018,electronics,central,1,0,0,0,2020,-2,24.606849565191567,0.5718971277375845,0.05411496938455542,0,0.9379916393325541,1.8792521770633566,6.691674333618373
102,2019,electronics,central,1,0,0,0,2020,-1,25.611074146382666,0.6493642483901644,0.05411496938455542,0,0.9379916393325541,1.807824801875336,6.35218628573081
102,2020,electronics,central,1,1,1,1,2020,0,26.6562819101952,0.5844861788347258,0.05411496938455542,0,0.9379916393325541,1.8436129474798724,6.565060811561011
102,2021,electronics,central,1,1,1,1,2020,1,27.74414541204082,0.7525066486164758,0.05411496938455542,0,0.9379916393325541,2.0656855428095326,8.496137793515498
102,2022,electronics,central,1,1,1,1,2020,2,28.8764054656124,0.5163400526083933,0.05411496938455542,0,0.9379916393325541,2.068741022596165,7.937669273931016
102,2023,electronics,central,1,1,1,1,2020,3,30.054873928557353,0.5837955938402014,0.05411496938455542,0,0.9379916393325541,2.039216408905651,7.438602481257868
102,2024,electronics,central,1,1,1,1,2020,4,31.281436601836404,0.6974710742191266,0.05411496938455542,0,0.9379916393325541,2.1672113553076398,8.607230978459937
103,2016,textile,western,0,0,0,0,9999,-99,29.96454198110259,0.5403464647954119,0.3360883128495028,0,0.5647037264108458,1.311072618434787,3.8448314491220326
103,2017,textile,western,0,0,0,0,9999,-99,31.187418137671706,0.5373025188435795,0.3360883128495028,0,0.5647037264108458,1.3217194357269622,3.6420940697921016
103,2018,textile,western,0,0,0,0,9999,-99,32.460200816931824,0.661959611733585,0.3360883128495028,0,0.5647037264108458,1.3865554188592548,4.0267037670149515
103,2019,textile,western,0,0,0,0,9999,-99,33.7849267427112,0.6490300283129584,0.3360883128495028,0,0.5647037264108458,1.3653144860425637,3.941371522939926
103,2020,textile,western,0,1,0,0,9999,-99,35.16371575911437,0.47439174790133865,0.3360883128495028,0,0.5647037264108458,1.4311258841196313,4.216538588153797
103,2021,textile,western,0,1,0,0,9999,-99,36.598774222724906,0.454553523077347,0.3360883128495028,0,0.5647037264108458,1.403093333989781,4.21124134204839
103,2022,textile,western,0,1,0,0,9999,-99,38.09239853324673,0.4706079117054633,0.3360883128495028,0,0.5647037264108458,1.3688117403586841,3.944083938193361
103,2023,textile,western,0,1,0,0,9999,-99,39.64697880823352,0.5356979678426105,0.3360883128495028,0,0.5647037264108458,1.594488206583307,5.115345307784905
103,2024,textile,western,0,1,0,0,9999,-99,41.26500270778674,0.4338666045216983,0.3360883128495028,0,0.5647037264108458,1.5415239911252943,4.540350827362275
104,2016,machinery,central,0,0,0,0,9999,-99,33.469770371637274,0.7090049906400886,0.10105389702536122,0,0.5213868695257937,1.6579430561174482,5.34300467881694
104,2017,machinery,central,0,0,0,0,9999,-99,34.835697612545246,0.5827522275079828,0.10105389702536122,0,0.5213868695257937,1.818857609520944,6.439656532711441
104,2018,machinery,central,0,0,0,0,9999,-99,36.25736940164516,0.5580516083815996,0.10105389702536122,0,0.5213868695257937,1.8923729766493682,6.820121528374828
104,2019,machinery,central,0,0,0,0,9999,-99,37.7370607171057,0.4665866901647074,0.10105389702536122,0,0.5213868695257937,1.9142611662472915,6.809327205885847
104,2020,machinery,central,0,1,0,0,9999,-99,39.277139380715944,0.5132945432372417,0.10105389702536122,0,0.5213868695257937,1.860910791013066,6.291754162566694
104,2021,machinery,central,0,1,0,0,9999,-99,40.8800698469053,0.5372626418697701,0.10105389702536122,0,0.5213868695257937,1.8836137338311025,6.818814886008075
104,2022,machinery,central,0,1,0,0,9999,-99,42.54841714639641,0.5834154246701542,0.10105389702536122,0,0.5213868695257937,1.980586237361905,7.6262479344629535
104,2023,machinery,central,0,1,0,0,9999,-99,44.28485099080153,0.44800227385579283,0.10105389702536122,0,0.5213868695257937,1.9452173185138375,7.064497792281646
104,2024,machinery,central,0,1,0,0,9999,-99,46.0921500447307,0.41507057760124016,0.10105389702536122,0,0.5213868695257937,1.956664856135657,7.103778087655199
105,2016,textile,coastal,0,0,0,0,9999,-99,25.301646005144047,0.5041486390802028,0.2592694695649972,0,-0.1102802596889178,1.8992509548976455,6.940645523437903
105,2017,textile,coastal,0,0,0,0,9999,-99,26.334225766955722,0.6893405387338113,0.2592694695649972,0,-0.1102802596889178,1.910683863203518,6.95003225171938
105,2018,textile,coastal,0,0,0,0,9999,-99,27.408945908262325,0.679357215300536,0.2592694695649972,0,-0.1102802596889178,2.013703292375637,7.60848677573641
105,2019,textile,coastal,0,0,0,0,9999,-99,28.527526210575804,0.5676493803174184,0.2592694695649972,0,-0.1102802596889178,2.0494472466167117,7.297547542370648
105,2020,textile,coastal,0,1,0,0,9999,-99,29.691756641023048,0.5926651574036776,0.2592694695649972,0,-0.1102802596889178,2.032907198818696,7.78927371935924
105,2021,textile,coastal,0,1,0,0,9999,-99,30.90350021667518,0.46436777822203607,0.2592694695649972,0,-0.1102802596889178,2.030843406646356,7.657370555189169
105,2022,textile,coastal,0,1,0,0,9999,-99,32.16469598577233,0.534224414786035,0.2592694695649972,0,-0.1102802596889178,2.110180854877799,8.257127113284133
105,2023,textile,coastal,0,1,0,0,9999,-99,33.4773621306145,0.6043152287742728,0.2592694695649972,0,-0.1102802596889178,2.1713417169352693,8.921955760770906
105,2024,textile,coastal,0,1,0,0,9999,-99,34.843599197083826,0.5526318136745191,0.2592694695649972,0,-0.1102802596889178,2.11553058024247,8.189653668857254
106,2016,electronics,coastal,1,0,0,0,2020,-4,19.05219692109094,0.6619372813054788,0.1037615315842461,0,0.8703330993429881,1.9933366619701818,7.3905483600749005
106,2017,electronics,coastal,1,0,0,0,2020,-3,19.829731827506496,0.5492970630431289,0.1037615315842461,0,0.8703330993429881,2.1040050761738405,7.945937725869251
106,2018,electronics,coastal,1,0,0,0,2020,-2,20.63899853541448,0.5224434483896296,0.1037615315842461,0,0.8703330993429881,1.9077524085492361,6.76235431237994
106,2019,electronics,coastal,1,0,0,0,2020,-1,21.48129204420031,0.5426145241718268,0.1037615315842461,0,0.8703330993429881,2.0035147447886374,7.379537599563972
106,2020,electronics,coastal,1,1,1,1,2020,0,22.357960203176916,0.671079785481875,0.1037615315842461,0,0.8703330993429881,2.2521372066543974,9.875620859676522
106,2021,electronics,coastal,1,1,1,1,2020,1,23.27040586843117,0.5472769919923095,0.1037615315842461,0,0.8703330993429881,2.225457785171148,8.877536848256673
106,2022,electronics,coastal,1,1,1,1,2020,2,24.22008914769294,0.5933792257315478,0.1037615315842461,0,0.8703330993429881,2.2484850543818564,9.359025981399217
106,2023,electronics,coastal,1,1,1,1,2020,3,25.208529736818946,0.7701873367805377,0.1037615315842461,0,0.8703330993429881,2.471214836166214,12.134860823874366
106,2024,electronics,coastal,1,1,1,1,2020,4,26.237309351630373,0.5683806239290697,0.1037615315842461,0,0.8703330993429881,2.446945460543327,11.252458052331743
107,2016,textile,coastal,1,0,0,0,2020,-4,37.492232836087915,0.580444646956913,0.43292058774409803,0,0.9634146676942199,1.7058938876697642,5.6994653584958925
107,2017,textile,coastal,1,0,0,0,2020,-3,39.02231988432994,0.7332038581498185,0.43292058774409803,0,0.9634146676942199,1.7092337691018054,5.555406785872016
107,2018,textile,coastal,1,0,0,0,2020,-2,40.614850969592474,0.5390637889487678,0.43292058774409803,0,0.9634146676942199,1.7510238761080437,5.849684431361739
107,2019,textile,coastal,1,0,0,0,2020,-1,42.272374481370015,0.6731990427531201,0.43292058774409803,0,0.9634146676942199,1.8390471621869848,6.382920997187599
107,2020,textile,coastal,1,1,1,1,2020,0,43.99754281090528,0.6799983407385657,0.43292058774409803,0,0.9634146676942199,1.9678055559353604,7.142675589127823
107,2021,textile,coastal,1,1,1,1,2020,1,45.79311659558107,0.6226600051062698,0.43292058774409803,0,0.9634146676942199,1.893122795755794,6.40801678592354
107,2022,textile,coastal,1,1,1,1,2020,2,47.66196913652903,0.6828608574069591,0.43292058774409803,0,0.9634146676942199,1.9876360336545191,7.680437054358073
107,2023,textile,coastal,1,1,1,1,2020,3,49.60709099652449,0.6942324845503955,0.43292058774409803,0,0.9634146676942199,2.146687710222212,8.657384958780897
107,2024,textile,coastal,1,1,1,1,2020,4,51.63159478552491,0.5854196531196016,0.43292058774409803,0,0.9634146676942199,2.112428486382691,8.437214307218383
108,2016,chemicals,central,1,0,0,0,2020,-4,26.02436359442602,0.7148035766719745,0.3708984162158998,1,1.1600283241195102,1.4125272763255854,4.153767574951848
108,2017,chemicals,central,1,0,0,0,2020,-3,27.08643802057875,0.6075992071447052,0.3708984162158998,1,1.1600283241195102,1.6434317135494405,5.214211119965863
108,2018,chemicals,central,1,0,0,0,2020,-2,28.19185652631271,0.6323951998493362,0.3708984162158998,1,1.1600283241195102,1.5084180929087103,4.364245724230261
108,2019,chemicals,central,1,0,0,0,2020,-1,29.342388017072263,0.733849291253448,0.3708984162158998,1,1.1600283241195102,1.7273780099483287,5.834017828127759
108,2020,chemicals,central,1,1,1,1,2020,0,30.539873588702438,0.5402057378820969,0.3708984162158998,1,1.1600283241195102,1.719938063315177,5.549395314636591
108,2021,chemicals,central,1,1,1,1,2020,1,31.786229473595053,0.5792719275155812,0.3708984162158998,1,1.1600283241195102,1.70661498492573,5.371299276372336
108,2022,chemicals,central,1,1,1,1,2020,2,33.083450107069375,0.7616192537537994,0.3708984162158998,1,1.1600283241195102,1.8199015790896573,6.320393657730923
108,2023,chemicals,central,1,1,1,1,2020,3,34.43361131889412,0.5067379802773077,0.3708984162158998,1,1.1600283241195102,1.88495402472145,6.928806729780083
108,2024,chemicals,central,1,1,1,1,2020,4,35.83887365505798,0.5311035286786371,0.3708984162158998,1,1.1600283241195102,2.025359757446783,7.713043699076753
109,2016,textile,coastal,0,0,0,0,9999,-99,16.02766756938974,0.6277142187771296,0.5900062413008278,0,-0.1700828303773144,1.7859984187599929,6.013520216602025
109,2017,textile,coastal,0,0,0,0,9999,-99,16.68176909139477,0.5320834333774572,0.5900062413008278,0,-0.1700828303773144,1.8981314299661114,6.583965724074559
109,2018,textile,coastal,0,0,0,0,9999,-99,17.362565002913247,0.6123673119146958,0.5900062413008278,0,-0.1700828303773144,2.0063394732979036,7.060247261909868
109,2019,textile,coastal,0,0,0,0,9999,-99,18.071144722647798,0.6438943996421298,0.5900062413008278,0,-0.1700828303773144,1.9959518442256814,7.788603981100046
109,2020,textile,coastal,0,1,0,0,9999,-99,18.808642129321747,0.5660916284100588,0.5900062413008278,0,-0.1700828303773144,1.8746812004511095,6.637940828685492
109,2021,textile,coastal,0,1,0,0,9999,-99,19.576237376126937,0.5653353600151861,0.5900062413008278,0,-0.1700828303773144,2.0400267434548076,8.126464298003015
109,2022,textile,coastal,0,1,0,0,9999,-99,20.375158779220644,0.6241476350944933,0.5900062413008278,0,-0.1700828303773144,1.9979617338694173,7.329333508388307
109,2023,textile,coastal,0,1,0,0,9999,-99,21.206684783293472,0.5662885781250163,0.5900062413008278,0,-0.1700828303773144,1.9703942103879926,7.31999301141336
109,2024,textile,coastal,0,1,0,0,9999,-99,22.07214600735362,0.4481279460446928,0.5900062413008278,0,-0.1700828303773144,1.955826576970581,7.177207106133421
110,2016,machinery,coastal,0,0,0,0,9999,-99,25.73556460409997,0.5584537715128365,0.2715136565125234,0,0.349374564674646,2.190254104103844,9.20618279971816
110,2017,machinery,coastal,0,0,0,0,9999,-99,26.785852919871513,0.473170910686075,0.2715136565125234,0,0.349374564674646,2.231740891319808,9.441979483644962
110,2018,machinery,coastal,0,0,0,0,9999,-99,27.879004314934914,0.551069327863581,0.2715136565125234,0,0.349374564674646,2.326668955580631,10.69109413054053
110,2019,machinery,coastal,0,0,0,0,9999,-99,29.01676806474034,0.45686807971200644,0.2715136565125234,0,0.349374564674646,2.508814611471101,12.69327323160135
110,2020,machinery,coastal,0,1,0,0,9999,-99,30.20096483402336,0.42122761287097077,0.2715136565125234,0,0.349374564674646,2.536163488611291,13.298590659614451
110,2021,machinery,coastal,0,1,0,0,9999,-99,31.433489590256944,0.5720017983639684,0.2715136565125234,0,0.349374564674646,2.4080882624883304,11.74866523443139
110,2022,machinery,coastal,0,1,0,0,9999,-99,32.71631463600371,0.5820609552278844,0.2715136565125234,0,0.349374564674646,2.4487940188914825,11.266003121105438
110,2023,machinery,coastal,0,1,0,0,9999,-99,34.051492765020775,0.524899525022563,0.2715136565125234,0,0.349374564674646,2.501827315282771,12.932897729271332
110,2024,machinery,coastal,0,1,0,0,9999,-99,35.44116054716778,0.6252727259180609,0.2715136565125234,0,0.349374564674646,2.509979015680573,12.962581208947332
111,2016,textile,coastal,0,0,0,0,9999,-99,18.07532796431919,0.38400431014465447,0.20690480943740402,0,-0.38878543317591246,1.3346472754556085,3.847560124613638
111,2017,textile,coastal,0,0,0,0,9999,-99,18.81299609232438,0.6187891562922634,0.20690480943740402,0,-0.38878543317591246,1.4179967664675626,3.9656236995218834
111,2018,textile,coastal,0,0,0,0,9999,-99,19.580769027730515,0.42184571613601307,0.20690480943740402,0,-0.38878543317591246,1.391870229505224,4.109619732611337
111,2019,textile,coastal,0,0,0,0,9999,-99,20.379875371034533,0.4712601639608259,0.20690480943740402,0,-0.38878543317591246,1.3680682163329385,3.9445421175921935
111,2020,textile,coastal,0,1,0,0,9999,-99,21.21159386287084,0.4448400711937338,0.20690480943740402,0,-0.38878543317591246,1.37472131243703,3.9001474103711913
111,2021,textile,coastal,0,1,0,0,9999,-99,22.077255430269105,0.2571118201811656,0.20690480943740402,0,-0.38878543317591246,1.4698180940904717,4.2443840621986455
111,2022,textile,coastal,0,1,0,0,9999,-99,22.978245316421496,0.5702145142629315,0.20690480943740402,0,-0.38878543317591246,1.5906228049015527,4.909968937954398
111,2023,textile,coastal,0,1,0,0,9999,-99,23.916005297367274,0.5201575563412436,0.20690480943740402,0,-0.38878543317591246,1.3813086751286816,3.841746744373921
111,2024,textile,coastal,0,1,0,0,9999,-99,24.892035989142094,0.4820635597695548,0.20690480943740402,0,-0.38878543317591246,1.6742744017033524,5.4017286307453025
112,2016,machinery,central,0,0,0,0,9999,-99,7.643573883156241,0.5912921979422423,0.17474740901060848,0,-0.3229373590147265,1.5382704439931643,4.500503415757151
112,2017,machinery,central,0,0,0,0,9999,-99,7.955514050924567,0.6242681411058927,0.17474740901060848,0,-0.3229373590147265,1.681475327120768,5.406588904433192
112,2018,machinery,central,0,0,0,0,9999,-99,8.280184738441221,0.6593160711033423,0.17474740901060848,0,-0.3229373590147265,1.7344360444684581,5.396930554685777
112,2019,machinery,central,0,0,0,0,9999,-99,8.618105488073006,0.4778521624062404,0.17474740901060848,0,-0.3229373590147265,1.8007272294428247,6.256746951694323
112,2020,machinery,central,0,1,0,0,9999,-99,8.969817045112935,0.4736742777749938,0.17474740901060848,0,-0.3229373590147265,1.8166599291886296,6.462611872931542
112,2021,machinery,central,0,1,0,0,9999,-99,9.335882223088072,0.6821904971796504,0.17474740901060848,0,-0.3229373590147265,1.861662801135763,6.7297641415970935
112,2022,machinery,central,0,1,0,0,9999,-99,9.716886804381252,0.4580172027698737,0.17474740901060848,0,-0.3229373590147265,1.7558779094478667,5.597130837575598
112,2023,machinery,central,0,1,0,0,9999,-99,10.11344047760785,0.5356681366053574,0.17474740901060848,0,-0.3229373590147265,1.8532671421337168,6.356763976824189
112,2024,machinery,central,0,1,0,0,9999,-99,10.526177813247665,0.5728049011156295,0.17474740901060848,0,-0.3229373590147265,1.914238254590476,6.619487419472001
113,2016,textile,coastal,1,0,0,0,2020,-4,15.46470479974148,0.7674832850310437,0.5678970347352259,0,0.9814730376228509,1.4062448802866365,3.9007586284568845
113,2017,textile,coastal,1,0,0,0,2020,-3,16.095831375275672,0.5029886312881534,0.5678970347352259,0,0.9814730376228509,1.3023077949409942,3.6133485420099305
113,2018,textile,coastal,1,0,0,0,2020,-2,16.752714714970807,0.6111537212535084,0.5678970347352259,0,0.9814730376228509,1.5476212466385153,4.7994275396365484
113,2019,textile,coastal,1,0,0,0,2020,-1,17.43640597231298,0.5610675882585677,0.5678970347352259,0,0.9814730376228509,1.4811511057781401,4.198318665168585
113,2020,textile,coastal,1,1,1,1,2020,0,18.147999199175853,0.66837884650906,0.5678970347352259,0,0.9814730376228509,1.6260397755448344,5.285426076906975
113,2021,textile,coastal,1,1,1,1,2020,1,18.88863309653706,0.6193604594160423,0.5678970347352259,0,0.9814730376228509,1.753142770982493,5.764653440029715
113,2022,textile,coastal,1,1,1,1,2020,2,19.659492836642706,0.5737451782548623,0.5678970347352259,0,0.9814730376228509,1.7635338015624953,5.8885685182171645
113,2023,textile,coastal,1,1,1,1,2020,3,20.461811959535805,0.5810355988334753,0.5678970347352259,0,0.9814730376228509,1.8417592703139813,6.3783905478912954
113,2024,textile,coastal,1,1,1,1,2020,4,21.29687434698353,0.6152286895851501,0.5678970347352259,0,0.9814730376228509,1.9015861184739808,6.593153931790942
114,2016,electronics,western,0,0,0,0,9999,-99,20.07603139073281,0.4510958174097418,0.38586545728294114,1,0.05373803051943737,1.5542036535395605,4.85868796655744
114,2017,electronics,western,0,0,0,0,9999,-99,20.8953497744993,0.4977541983760525,0.38586545728294114,1,0.05373803051943737,1.626629153409866,5.053435845757772
114,2018,electronics,western,0,0,0,0,9999,-99,21.748105175817365,0.5277894854654116,0.38586545728294114,1,0.05373803051943737,1.5701196583091075,4.9087354174984865
114,2019,electronics,western,0,0,0,0,9999,-99,22.635662185259957,0.6805565948609359,0.38586545728294114,1,0.05373803051943737,1.6966895612646593,5.514561752751231
114,2020,electronics,western,0,1,0,0,9999,-99,23.559441083397783,0.6360953101607084,0.38586545728294114,1,0.05373803051943737,1.7998328220149604,6.226586078793745
114,2021,electronics,western,0,1,0,0,9999,-99,24.520920113551202,0.6151873840519251,0.38586545728294114,1,0.05373803051943737,1.8669594134285767,6.562840682371343
114,2022,electronics,western,0,1,0,0,9999,-99,25.521637847294933,0.566102928178158,0.38586545728294114,1,0.05373803051943737,1.7906957942238164,5.892491898728023
114,2023,electronics,western,0,1,0,0,9999,-99,26.56319564650079,0.5774234683292261,0.38586545728294114,1,0.05373803051943737,1.7880695817885286,6.029572994137823
114,2024,electronics,western,0,1,0,0,9999,-99,27.64726022585837,0.46882425085361645,0.38586545728294114,1,0.05373803051943737,1.8059910782516475,6.237241147301206
115,2016,electronics,coastal,0,0,0,0,9999,-99,19.37422977642866,0.42467179281936585,0.6336427072883597,0,-0.15369193219670918,1.9612222061354503,6.693320621863628
115,2017,electronics,coastal,0,0,0,0,9999,-99,20.164907092985935,0.5025751087416926,0.6336427072883597,0,-0.15369193219670918,2.050223389588113,7.949511904849151
115,2018,electronics,coastal,0,0,0,0,9999,-99,20.98785256296827,0.5148080948160864,0.6336427072883597,0,-0.15369193219670918,2.0909972467472295,8.227297159623792
115,2019,electronics,coastal,0,0,0,0,9999,-99,21.844383074698708,0.6357258126964165,0.6336427072883597,0,-0.15369193219670918,2.169718225172819,9.158306345198879
115,2020,electronics,coastal,0,1,0,0,9999,-99,22.73586925973226,0.6983548947132278,0.6336427072883597,0,-0.15369193219670918,2.1183979872674064,8.07368821775429
115,2021,electronics,coastal,0,1,0,0,9999,-99,23.663737686158857,0.5702469025344452,0.6336427072883597,0,-0.15369193219670918,2.2571030050044443,10.006608358959692
115,2022,electronics,coastal,0,1,0,0,9999,-99,24.629473141416593,0.460403768824523,0.6336427072883597,0,-0.15369193219670918,2.171947368180313,8.992235121888744
115,2023,electronics,coastal,0,1,0,0,9999,-99,25.634621008268436,0.5641235604116512,0.6336427072883597,0,-0.15369193219670918,2.215955804555736,9.353734159546462
115,2024,electronics,coastal,0,1,0,0,9999,-99,26.68078973774433,0.5257106231640793,0.6336427072883597,0,-0.15369193219670918,2.2134260845383884,9.327627693159968
116,2016,electronics,western,1,0,0,0,2020,-4,11.914909614000727,0.5267085489058257,0.28438865312153105,0,0.603208931600843,1.8666618319804116,6.470272886837468
116,2017,electronics,western,1,0,0,0,2020,-3,12.401166299780426,0.5407976233716931,0.28438865312153105,0,0.603208931600843,2.043756548609526,8.11700546961252
116,2018,electronics,western,1,0,0,0,2020,-2,12.907267497363021,0.5160690247234644,0.28438865312153105,0,0.603208931600843,1.9496291035765663,7.312186663254953
116,2019,electronics,western,1,0,0,0,2020,-1,13.434023076638654,0.5726511346243044,0.28438865312153105,0,0.603208931600843,2.075744814663628,8.199176250595036
116,2020,electronics,western,1,1,1,1,2020,0,13.982275958914688,0.6202103565982722,0.28438865312153105,0,0.603208931600843,2.1549159233071804,8.753155176981053
116,2021,electronics,western,1,1,1,1,2020,1,14.552903465769614,0.517508015389902,0.28438865312153105,0,0.603208931600843,2.165192606315684,8.809904150644586
116,2022,electronics,western,1,1,1,1,2020,2,15.14681872295476,0.5868138037364298,0.28438865312153105,0,0.603208931600843,2.2078179877844284,9.073681379608052
116,2023,electronics,western,1,1,1,1,2020,3,15.764972121590304,0.6200094295483525,0.28438865312153105,0,0.603208931600843,2.2886395741469827,9.791246242584279
116,2024,electronics,western,1,1,1,1,2020,4,16.408352838993824,0.5979872319271096,0.28438865312153105,0,0.603208931600843,2.3651586738216688,10.447928611597677
117,2016,electronics,western,0,0,0,0,9999,-99,20.339992079904604,0.646541512157555,0.3339936916489268,0,0.6655021469742209,1.5322742131771259,4.750672509063762
117,2017,electronics,western,0,0,0,0,9999,-99,21.170082903752554,0.6384481211761199,0.3339936916489268,0,0.6655021469742209,1.491025737617339,4.33115514871161
117,2018,electronics,western,0,0,0,0,9999,-99,22.03405037677174,0.5177939499833502,0.3339936916489268,0,0.6655021469742209,1.4781987070241054,4.334652625393726
117,2019,electronics,western,0,0,0,0,9999,-99,22.93327703124188,0.5744829526617334,0.3339936916489268,0,0.6655021469742209,1.670972629853758,4.984591140628688
117,2020,electronics,western,0,1,0,0,9999,-99,23.869201821655373,0.6418298823675905,0.3339936916489268,0,0.6655021469742209,1.693119803011207,5.152863822558239
117,2021,electronics,western,0,1,0,0,9999,-99,24.843322427351495,0.5176031917990138,0.3339936916489268,0,0.6655021469742209,1.7421117563980946,5.828658557737147
117,2022,electronics,western,0,1,0,0,9999,-99,25.85719764912283,0.6666686508339434,0.3339936916489268,0,0.6655021469742209,1.7587857508795142,5.785095364734441
117,2023,electronics,western,0,1,0,0,9999,-99,26.91244990362913,0.6108710041647978,0.3339936916489268,0,0.6655021469742209,1.8034602879492831,5.969496683770343
117,2024,electronics,western,0,1,0,0,9999,-99,28.010767819610102,0.6647569663909274,0.3339936916489268,0,0.6655021469742209,1.8334238951141064,6.226162226694333
118,2016,machinery,western,1,0,0,0,2020,-4,28.845934393875552,0.4244043380715123,0.24158139747826313,0,-0.7542898175660396,1.6218544586703254,4.980033688017724
118,2017,machinery,western,1,0,0,0,2020,-3,30.02315930879245,0.38077618811338965,0.24158139747826313,0,-0.7542898175660396,1.5400965913774955,4.398601207680307
118,2018,machinery,western,1,0,0,0,2020,-2,31.248427683885684,0.4622477172561643,0.24158139747826313,0,-0.7542898175660396,1.7079601141365375,5.3922360664288265
118,2019,machinery,western,1,0,0,0,2020,-1,32.52370020995991,0.47051121422577663,0.24158139747826313,0,-0.7542898175660396,1.7520507995322685,5.366947442486599
118,2020,machinery,western,1,1,1,1,2020,0,33.85101759512952,0.4211698609897388,0.24158139747826313,0,-0.7542898175660396,1.931353945263663,6.869328954318577
118,2021,machinery,western,1,1,1,1,2020,1,35.232503830386904,0.5083472572012022,0.24158139747826313,0,-0.7542898175660396,1.842684549579127,6.087679744693223
118,2022,machinery,western,1,1,1,1,2020,2,36.67036958844128,0.3385320301633336,0.24158139747826313,0,-0.7542898175660396,2.0517546860325018,8.250192083374607
118,2023,machinery,western,1,1,1,1,2020,3,38.16691576126657,0.4458013594445205,0.24158139747826313,0,-0.7542898175660396,1.9582602223652936,7.2432078447299295
118,2024,machinery,western,1,1,1,1,2020,4,39.724537142019535,0.5486838232327691,0.24158139747826313,0,-0.7542898175660396,2.176294486361886,8.545588829740542
119,2016,electronics,coastal,0,0,0,0,9999,-99,14.252945367826444,0.5078390443298876,0.3107604502335848,0,-0.647699064087604,1.6952922869081593,5.120192707637224
119,2017,electronics,coastal,0,0,0,0,9999,-99,14.834619102809254,0.5589919045610505,0.3107604502335848,0,-0.647699064087604,1.8424753847119915,6.434687484220356
119,2018,electronics,coastal,0,0,0,0,9999,-99,15.440031393244093,0.5982309302934331,0.3107604502335848,0,-0.647699064087604,1.84603781751982,6.380067990266007
119,2019,electronics,coastal,0,0,0,0,9999,-99,16.070151027957163,0.4997633260873467,0.3107604502335848,0,-0.647699064087604,1.75499896706682,5.970816209853969
119,2020,electronics,coastal,0,1,0,0,9999,-99,16.725986332796698,0.34753339711215936,0.3107604502335848,0,-0.647699064087604,1.8204954898885561,6.224609911104115
119,2021,electronics,coastal,0,1,0,0,9999,-99,17.408586784169433,0.42505212040088597,0.3107604502335848,0,-0.647699064087604,1.9643836084378006,7.081539874612907
119,2022,electronics,coastal,0,1,0,0,9999,-99,18.11904468842677,0.6194566422538359,0.3107604502335848,0,-0.647699064087604,2.0429448006456696,7.264208015741199
119,2023,electronics,coastal,0,1,0,0,9999,-99,18.858496929787943,0.47369346866978096,0.3107604502335848,0,-0.647699064087604,2.0216134186530117,7.270847033175748
119,2024,electronics,coastal,0,1,0,0,9999,-99,19.628126789597367,0.6906903230765787,0.3107604502335848,0,-0.647699064087604,1.9225915384533125,6.6016968433150796
120,2016,machinery,western,1,0,0,0,2020,-4,26.718744250319894,0.5784011689341206,0.2908051514985721,0,0.7122996742102422,1.4338105837358492,4.310250984574089
120,2017,machinery,western,1,0,0,0,2020,-3,27.80915688862387,0.6030807878013041,0.2908051514985721,0,0.7122996742102422,1.434370076036367,4.212534977382379
120,2018,machinery,western,1,0,0,0,2020,-2,28.944070110886198,0.5200308750245584,0.2908051514985721,0,0.7122996742102422,1.4613843620199245,4.320234226568042
120,2019,machinery,western,1,0,0,0,2020,-1,30.125300020390227,0.6907493125051208,0.2908051514985721,0,0.7122996742102422,1.5354593951614168,4.667009812907964
120,2020,machinery,western,1,1,1,1,2020,0,31.35473683700032,0.5964512932021191,0.2908051514985721,0,0.7122996742102422,1.5983596710552586,4.75117715673033
120,2021,machinery,western,1,1,1,1,2020,1,32.6343479219169,0.6017920169748217,0.2908051514985721,0,0.7122996742102422,1.715554589405055,5.714727150029297
120,2022,machinery,western,1,1,1,1,2020,2,33.966180925874085,0.49379611753485764,0.2908051514985721,0,0.7122996742102422,1.6837654911246964,5.20852286882853
120,2023,machinery,western,1,1,1,1,2020,3,35.35236706581773,0.5644993896326725,0.2908051514985721,0,0.7122996742102422,1.8054860979623735,5.880741659443391
120,2024,machinery,western,1,1,1,1,2020,4,36.795124535307245,0.6068691240520261,0.2908051514985721,0,0.7122996742102422,1.9219945939097103,6.7284182524066205
121,2016,textile,coastal,1,0,0,0,2020,-4,9.562675471665068,0.6347693886344157,0.47492020291407755,0,0.5260640789798678,1.569969146636354,4.716589805479434
121,2017,textile,coastal,1,0,0,0,2020,-3,9.952935661014282,0.6329825663232617,0.47492020291407755,0,0.5260640789798678,1.6078228277824818,5.176966905746141
121,2018,textile,coastal,1,0,0,0,2020,-2,10.359122670827304,0.5226115145797173,0.47492020291407755,0,0.5260640789798678,1.7681646431848115,5.77528961027856
121,2019,textile,coastal,1,0,0,0,2020,-1,10.781886486977687,0.6552574263120554,0.47492020291407755,0,0.5260640789798678,1.7947362237679965,6.403471818194542
121,2020,textile,coastal,1,1,1,1,2020,0,11.221903621765694,0.5617336403833547,0.47492020291407755,0,0.5260640789798678,1.7963284153467742,5.6923314534040195
121,2021,textile,coastal,1,1,1,1,2020,1,11.679878196482317,0.5338089249992307,0.47492020291407755,0,0.5260640789798678,1.863654414533336,6.219886698870814
121,2022,textile,coastal,1,1,1,1,2020,2,12.156543068153557,0.6059483553319841,0.47492020291407755,0,0.5260640789798678,2.0297311409316583,7.435048569852146
121,2023,textile,coastal,1,1,1,1,2020,3,12.652661002268012,0.6512586680186891,0.47492020291407755,0,0.5260640789798678,2.07582263376109,8.189626811839704
121,2024,textile,coastal,1,1,1,1,2020,4,13.169025893364411,0.41383310689949315,0.47492020291407755,0,0.5260640789798678,2.014355283067054,7.6049129959131845
122,2016,chemicals,coastal,0,0,0,0,9999,-99,29.877927580037387,0.6021264087559843,0.43140953509578817,1,-0.20958742468890293,1.4372842367392933,4.31134006522911
122,2017,chemicals,coastal,0,0,0,0,9999,-99,31.09726893584282,0.49970184234191195,0.43140953509578817,1,-0.20958742468890293,1.4600434679776666,4.390121646766822
122,2018,chemicals,coastal,0,0,0,0,9999,-99,32.366372556383475,0.6366661526048307,0.43140953509578817,1,-0.20958742468890293,1.4213828000790536,4.1669600670498586
122,2019,chemicals,coastal,0,0,0,0,9999,-99,33.68726927820875,0.417746641752687,0.43140953509578817,1,-0.20958742468890293,1.6324939727049705,5.199381023901138
122,2020,chemicals,coastal,0,1,0,0,9999,-99,35.0620728178799,0.4772074005449645,0.43140953509578817,1,-0.20958742468890293,1.5674779634616653,4.770301870733341
122,2021,chemicals,coastal,0,1,0,0,9999,-99,36.49298315436747,0.507739181545429,0.43140953509578817,1,-0.20958742468890293,1.5910908719362835,4.786844315387735
122,2022,chemicals,coastal,0,1,0,0,9999,-99,37.98229004948699,0.5975010665815219,0.43140953509578817,1,-0.20958742468890293,1.6544459069830106,5.039592197035212
122,2023,chemicals,coastal,0,1,0,0,9999,-99,39.532376712006396,0.6743058643584657,0.43140953509578817,1,-0.20958742468890293,1.594224321994347,4.9568843696754525
122,2024,chemicals,coastal,0,1,0,0,9999,-99,41.145723611288524,0.6013158440609256,0.43140953509578817,1,-0.20958742468890293,1.6169819860161558,5.003389019302799
123,2016,machinery,coastal,1,0,0,0,2020,-4,18.44654932677091,0.6483218914976827,0.19201905121731783,0,1.1958557584804173,2.110971055778852,8.46095661820792
123,2017,machinery,coastal,1,0,0,0,2020,-3,19.199367285974507,0.8198105175754145,0.19201905121731783,0,1.1958557584804173,1.960681031162264,7.161815643692953
123,2018,machinery,coastal,1,0,0,0,2020,-2,19.98290832891914,0.6223661199890631,0.19201905121731783,0,1.1958557584804173,2.0841000377357046,7.746872361948925
123,2019,machinery,coastal,1,0,0,0,2020,-1,20.798426288437852,0.6251718696416799,0.19201905121731783,0,1.1958557584804173,2.060053571370926,7.909426780954177
123,2020,machinery,coastal,1,1,1,1,2020,0,21.647226167252324,0.6231732859128334,0.19201905121731783,0,1.1958557584804173,2.133970586000989,8.181853392987323
123,2021,machinery,coastal,1,1,1,1,2020,1,22.530666226255615,0.6045302307106318,0.19201905121731783,0,1.1958557584804173,2.256755438816441,9.843316612542234
123,2022,machinery,coastal,1,1,1,1,2020,2,23.4501601580194,0.7754524730419332,0.19201905121731783,0,1.1958557584804173,2.354802321981266,9.899298030603942
123,2023,machinery,coastal,1,1,1,1,2020,3,24.407179349003666,0.6305909642127726,0.19201905121731783,0,1.1958557584804173,2.2450775101828992,9.241048824784874
123,2024,machinery,coastal,1,1,1,1,2020,4,25.40325523408898,0.5934828265569208,0.19201905121731783,0,1.1958557584804173,2.3754077787525345,11.41710761204059
124,2016,machinery,central,1,0,0,0,2020,-4,13.022281504572053,0.546896563292515,0.3460157184989186,0,-0.09911780100864995,1.8176274150576894,5.763292812680271
124,2017,machinery,central,1,0,0,0,2020,-3,13.553730894524856,0.5056812942469521,0.3460157184989186,0,-0.09911780100864995,2.032539767164827,7.26810592819886
124,2018,machinery,central,1,0,0,0,2020,-2,14.106869145525708,0.4876363024158714,0.3460157184989186,0,-0.09911780100864995,2.1146475576059487,8.097657381539554
124,2019,machinery,central,1,0,0,0,2020,-1,14.682581396785325,0.6022825313429799,0.3460157184989186,0,-0.09911780100864995,2.185505398011706,9.02936895476882
124,2020,machinery,central,1,1,1,1,2020,0,15.281788910730892,0.4638536476866285,0.3460157184989186,0,-0.09911780100864995,2.2596945779937,9.166587775950608
124,2021,machinery,central,1,1,1,1,2020,1,15.905450547222472,0.4473028568114128,0.3460157184989186,0,-0.09911780100864995,2.2816823692768544,9.98268924635644
124,2022,machinery,central,1,1,1,1,2020,2,16.554564297933368,0.5439224311013284,0.3460157184989186,0,-0.09911780100864995,2.4313319708067436,10.88391759479261
124,2023,machinery,central,1,1,1,1,2020,3,17.230168883349695,0.6196058042903102,0.3460157184989186,0,-0.09911780100864995,2.411407929557605,11.355624161478756
124,2024,machinery,central,1,1,1,1,2020,4,17.933345414944796,0.6049198167923676,0.3460157184989186,0,-0.09911780100864995,2.4900787899662307,11.85150285525025
125,2016,machinery,coastal,0,0,0,0,9999,-99,39.18425162354406,0.35521816101820397,0.22682582514653626,0,-1.9313643622252084,1.512157567146888,4.553152164361097
125,2017,machinery,coastal,0,0,0,0,9999,-99,40.78339126845024,0.4199661100960872,0.22682582514653626,0,-1.9313643622252084,1.5008535966131082,4.589802754706705
125,2018,machinery,coastal,0,0,0,0,9999,-99,42.44779304030678,0.4782232589943762,0.22682582514653626,0,-1.9313643622252084,1.5246391813716167,4.415292255062698
125,2019,machinery,coastal,0,0,0,0,9999,-99,44.180120337039966,0.3799629502808247,0.22682582514653626,0,-1.9313643622252084,1.743586347450711,5.694263928042185
125,2020,machinery,coastal,0,1,0,0,9999,-99,45.983145251907445,0.29050635334853175,0.22682582514653626,0,-1.9313643622252084,1.7037384403930846,5.392526171498987
125,2021,machinery,coastal,0,1,0,0,9999,-99,47.859753009438826,0.49784019677730307,0.22682582514653626,0,-1.9313643622252084,1.7189764138047112,5.54229237301384
125,2022,machinery,coastal,0,1,0,0,9999,-99,49.812946582410504,0.34248281926472096,0.22682582514653626,0,-1.9313643622252084,1.7096314404496493,5.653977024350052
125,2023,machinery,coastal,0,1,0,0,9999,-99,51.845851497242755,0.46985141528889446,0.22682582514653626,0,-1.9313643622252084,1.7541373736659787,5.706760399815081
125,2024,machinery,coastal,0,1,0,0,9999,-99,53.96172083550883,0.37653124557061557,0.22682582514653626,0,-1.9313643622252084,1.8396873838687096,6.267894649105695
126,2016,electronics,western,0,0,0,0,9999,-99,29.32599610834365,0.5873994294597267,0.17847840041983856,0,-0.7958933274185833,1.3367685207879882,4.045208764365999
126,2017,electronics,western,0,0,0,0,9999,-99,30.52281271348812,0.4170533398002905,0.17847840041983856,0,-0.7958933274185833,1.2015307018060228,3.3178168947095688
126,2018,electronics,western,0,0,0,0,9999,-99,31.76847233085484,0.46529606568855575,0.17847840041983856,0,-0.7958933274185833,1.3297530148748797,3.738264283367767
126,2019,electronics,western,0,0,0,0,9999,-99,33.06496828158649,0.5581301334991855,0.17847840041983856,0,-0.7958933274185833,1.2271142025147783,3.4055454729475105
126,2020,electronics,western,0,1,0,0,9999,-99,34.41437523580479,0.4106751373197027,0.17847840041983856,0,-0.7958933274185833,1.3583637818023118,3.7686507465542864
126,2021,electronics,western,0,1,0,0,9999,-99,35.81885253252534,0.4396375421284439,0.17847840041983856,0,-0.7958933274185833,1.367953043705999,3.8614786393269083
126,2022,electronics,western,0,1,0,0,9999,-99,37.28064763506069,0.46534319741546754,0.17847840041983856,0,-0.7958933274185833,1.5562891768028915,4.645793332489986
126,2023,electronics,western,0,1,0,0,9999,-99,38.80209972744114,0.40738198671364917,0.17847840041983856,0,-0.7958933274185833,1.49836068469868,4.4952837418740375
126,2024,electronics,western,0,1,0,0,9999,-99,40.38564345760827,0.5134186753513692,0.17847840041983856,0,-0.7958933274185833,1.4470460727013075,4.236981549617319
127,2016,textile,coastal,0,0,0,0,9999,-99,36.45943490101313,0.3730662008734241,0.03995055920603926,1,-1.474751991468161,1.2362593296781061,3.5395807079730823
127,2017,textile,coastal,0,0,0,0,9999,-99,37.947372665940456,0.3965325989437878,0.03995055920603926,1,-1.474751991468161,1.2256130745753098,3.474679650710058
127,2018,textile,coastal,0,0,0,0,9999,-99,39.496034323004565,0.6423041068546461,0.03995055920603926,1,-1.474751991468161,1.138703923300595,3.0391293684083265
127,2019,textile,coastal,0,0,0,0,9999,-99,41.10789806125552,0.5912484175135041,0.03995055920603926,1,-1.474751991468161,1.26039853091215,3.498577495667534
127,2020,textile,coastal,0,1,0,0,9999,-99,42.78554320655713,0.35406595556525977,0.03995055920603926,1,-1.474751991468161,1.309323447718328,3.63389161106164
127,2021,textile,coastal,0,1,0,0,9999,-99,44.5316543490586,0.5049764492321575,0.03995055920603926,1,-1.474751991468161,1.3955540874587589,3.9219573544953934
127,2022,textile,coastal,0,1,0,0,9999,-99,46.34902563911152,0.5336132528388355,0.03995055920603926,1,-1.474751991468161,1.456554238693305,4.49834889765862
127,2023,textile,coastal,0,1,0,0,9999,-99,48.2405652585065,0.35656483835644326,0.03995055920603926,1,-1.474751991468161,1.3929936719914096,3.841802574571471
127,2024,textile,coastal,0,1,0,0,9999,-99,50.20930007418458,0.48408105369018195,0.03995055920603926,1,-1.474751991468161,1.5790167267327044,4.84850817242504
128,2016,chemicals,central,1,0,0,0,2020,-4,27.34118760006653,0.5801197215796909,0.4786787122740475,0,1.1456082754900438,1.4505408338755215,4.296848836886143
128,2017,chemicals,central,1,0,0,0,2020,-3,28.45700263336457,0.4662577624767824,0.4786787122740475,0,1.1456082754900438,1.490178107448899,4.496493325039554
128,2018,chemicals,central,1,0,0,0,2020,-2,29.61835494202701,0.5439195703544746,0.4786787122740475,0,1.1456082754900438,1.515616891040743,4.584785052100925
128,2019,chemicals,central,1,0,0,0,2020,-1,30.82710293751608,0.7470085636706758,0.4786787122740475,0,1.1456082754900438,1.4887106850716778,4.339294371852682
128,2020,chemicals,central,1,1,1,1,2020,0,32.08518087450456,0.6461676064600214,0.4786787122740475,0,1.1456082754900438,1.6275130028470133,5.082312885332045
128,2021,chemicals,central,1,1,1,1,2020,1,33.3946019460959,0.7409772305638216,0.4786787122740475,0,1.1456082754900438,1.6714865320458376,5.430219412134786
128,2022,chemicals,central,1,1,1,1,2020,2,34.757461505362706,0.5962801806488331,0.4786787122740475,0,1.1456082754900438,1.802692185307918,5.917238070638526
128,2023,chemicals,central,1,1,1,1,2020,3,36.175940418358685,0.7153950061445303,0.4786787122740475,0,1.1456082754900438,1.757154751686464,5.716525218665075
128,2024,chemicals,central,1,1,1,1,2020,4,37.65230855396961,0.6189718119133034,0.4786787122740475,0,1.1456082754900438,1.7875770096430788,5.9562919115654465
129,2016,machinery,western,1,0,0,0,2020,-4,27.794834942665602,0.5379946651463393,0.28623810519380105,0,0.5052123157355908,1.8880599095193582,6.470141419726782
129,2017,machinery,western,1,0,0,0,2020,-3,28.92916367522543,0.6472145235974662,0.28623810519380105,0,0.5052123157355908,1.9248308798910139,7.053810376195455
129,2018,machinery,western,1,0,0,0,2020,-2,30.109785241549698,0.6023113172290593,0.28623810519380105,0,0.5052123157355908,2.013933698668553,7.638324225530688
129,2019,machinery,western,1,0,0,0,2020,-1,31.338588888023885,0.6640182090028817,0.28623810519380105,0,0.5052123157355908,1.8945243007852208,6.627765521139837
129,2020,machinery,western,1,1,1,1,2020,0,32.617540962641115,0.49915332049761985,0.28623810519380105,0,0.5052123157355908,2.0680692752578453,7.727418287115337
129,2021,machinery,western,1,1,1,1,2020,1,33.94868806157843,0.6599545839473328,0.28623810519380105,0,0.5052123157355908,1.9428943547121007,6.927582934260946
129,2022,machinery,western,1,1,1,1,2020,2,35.334160304187336,0.5190899252330013,0.28623810519380105,0,0.5052123157355908,2.168248985807951,8.737924612254691
129,2023,machinery,western,1,1,1,1,2020,3,36.776174741639174,0.5880177878864792,0.28623810519380105,0,0.5052123157355908,2.2999074923227885,9.985987134909614
129,2024,machinery,western,1,1,1,1,2020,4,38.277038904680026,0.6137325761492805,0.28623810519380105,0,0.5052123157355908,2.337473217992157,10.788224277150794
130,2016,machinery,coastal,1,0,0,0,2020,-4,20.006472194713258,0.5438172514679301,0.5962009078943212,1,0.11870758448221372,1.541799979410967,4.804548944927961
130,2017,machinery,coastal,1,0,0,0,2020,-3,20.822951813837992,0.6054973109536326,0.5962009078943212,1,0.11870758448221372,1.649244236527334,5.144573974410829
130,2018,machinery,coastal,1,0,0,0,2020,-2,21.67275259833152,0.614479437446475,0.5962009078943212,1,0.11870758448221372,1.5516667610007062,4.654134477329269
130,2019,machinery,coastal,1,0,0,0,2020,-1,22.557234410749523,0.6985215985062012,0.5962009078943212,1,0.11870758448221372,1.7282459626266673,5.348470348906593
130,2020,machinery,coastal,1,1,1,1,2020,0,23.47781261069139,0.5047038199257495,0.5962009078943212,1,0.11870758448221372,1.735938300927153,5.367191311594017
130,2021,machinery,coastal,1,1,1,1,2020,1,24.43596031967752,0.4984798803935342,0.5962009078943212,1,0.11870758448221372,1.8275917195821094,5.902056344419087
130,2022,machinery,coastal,1,1,1,1,2020,2,25.433210778458037,0.4341007958221879,0.5962009078943212,1,0.11870758448221372,1.8829956079448857,6.994847429223021
130,2023,machinery,coastal,1,1,1,1,2020,3,26.4711598005251,0.5412058291673234,0.5962009078943212,1,0.11870758448221372,1.903352549686421,6.962633223939404
130,2024,machinery,coastal,1,1,1,1,2020,4,27.55146832575496,0.5897155008626171,0.5962009078943212,1,0.11870758448221372,1.9268479097812279,6.7586527515699775
131,2016,chemicals,central,1,0,0,0,2020,-4,28.74154925319525,0.4543799229514176,0.5770355532129912,0,-2.3175886814462214,1.453683347147315,4.164493729979778
131,2017,chemicals,central,1,0,0,0,2020,-3,29.914514129706806,0.3348737195788067,0.5770355532129912,0,-2.3175886814462214,1.4666193737062012,4.33112203647324
131,2018,chemicals,central,1,0,0,0,2020,-2,31.135348610929277,0.37065920135198044,0.5770355532129912,0,-2.3175886814462214,1.6204710907358684,5.223212365776306
131,2019,chemicals,central,1,0,0,0,2020,-1,32.4060062924912,0.5072423156952552,0.5770355532129912,0,-2.3175886814462214,1.643974538112218,5.092325587333678
131,2020,chemicals,central,1,1,1,1,2020,0,33.72852049777117,0.24865268809161364,0.5770355532129912,0,-2.3175886814462214,1.646544306631122,5.565571467093326
131,2021,chemicals,central,1,1,1,1,2020,1,35.10500753164904,0.3478980163782153,0.5770355532129912,0,-2.3175886814462214,1.7211540884125625,5.628515149875087
131,2022,chemicals,central,1,1,1,1,2020,2,36.53767006704526,0.32893801888012386,0.5770355532129912,0,-2.3175886814462214,1.6482562900822066,5.3906466309060965
131,2023,chemicals,central,1,1,1,1,2020,3,38.028800669667426,0.40287373063114706,0.5770355532129912,0,-2.3175886814462214,1.9374965213863728,6.839841056953237
131,2024,chemicals,central,1,1,1,1,2020,4,39.580785466604574,0.4440045606872573,0.5770355532129912,0,-2.3175886814462214,1.989093322198295,7.1258383586647325
132,2016,textile,central,0,0,0,0,9999,-99,22.8909835137043,0.5807287309665097,0.13456511278386105,0,-1.477248526391871,1.40314282219129,4.3086855653009355
132,2017,textile,central,0,0,0,0,9999,-99,23.825182272923765,0.3175237307939453,0.13456511278386105,0,-1.477248526391871,1.5974616394547128,4.964257236345785
132,2018,textile,central,0,0,0,0,9999,-99,24.79750640675655,0.3844270927610238,0.13456511278386105,0,-1.477248526391871,1.4106446362265466,4.136064491510625
132,2019,textile,central,0,0,0,0,9999,-99,25.80951184125699,0.3058550509980644,0.13456511278386105,0,-1.477248526391871,1.5694910584830688,4.747902963672882
132,2020,textile,central,0,1,0,0,9999,-99,26.8628180010263,0.40626043147271396,0.13456511278386105,0,-1.477248526391871,1.5784666225644088,5.046793715055258
132,2021,textile,central,0,1,0,0,9999,-99,27.959110400637407,0.4475935372014238,0.13456511278386105,0,-1.477248526391871,1.5593626854732086,4.574916945970369
132,2022,textile,central,0,1,0,0,9999,-99,29.100143341817873,0.46909448446544144,0.13456511278386105,0,-1.477248526391871,1.641261453165382,5.149436214018833
132,2023,textile,central,0,1,0,0,9999,-99,30.28774272070693,0.2158391813016344,0.13456511278386105,0,-1.477248526391871,1.7137901198624061,5.647152645270044
132,2024,textile,central,0,1,0,0,9999,-99,31.523808949678855,0.3211534887686971,0.13456511278386105,0,-1.477248526391871,1.7448330035710589,5.755178126270654
133,2016,textile,central,1,0,0,0,2020,-4,17.8343195519509,0.5648802458657224,0.15981865654344027,0,-0.15074206519719055,1.5247347557333868,4.444130486161974
133,2017,textile,central,1,0,0,0,2020,-3,18.562151940060463,0.5257357442283882,0.15981865654344027,0,-0.15074206519719055,1.680758033284682,5.6003289466313415
133,2018,textile,central,1,0,0,0,2020,-2,19.319687731411076,0.4569685325902629,0.15981865654344027,0,-0.15074206519719055,1.6873802702198208,5.344744620614211
133,2019,textile,central,1,0,0,0,2020,-1,20.108139144885143,0.563088141695404,0.15981865654344027,0,-0.15074206519719055,1.549122587350788,4.8464531417157835
133,2020,textile,central,1,1,1,1,2020,0,20.928767870956175,0.5879425253643072,0.15981865654344027,0,-0.15074206519719055,1.8135911829905693,6.120346100306506
133,2021,textile,central,1,1,1,1,2020,1,21.782887090662676,0.6337852901684724,0.15981865654344027,0,-0.15074206519719055,1.7982151391047079,6.279329356833835
133,2022,textile,central,1,1,1,1,2020,2,22.671863576977998,0.5896170588595533,0.15981865654344027,0,-0.15074206519719055,1.9863177997865125,7.087661082161382
133,2023,textile,central,1,1,1,1,2020,3,23.597119881938678,0.5508523243861347,0.15981865654344027,0,-0.15074206519719055,1.9278441430807938,6.790233361565019
133,2024,textile,central,1,1,1,1,2020,4,24.560136613031194,0.5870309847977699,0.15981865654344027,0,-0.15074206519719055,2.0083307633989094,7.098058200279273
134,2016,chemicals,central,0,0,0,0,9999,-99,21.82984019890683,0.32672147358403403,0.2217004959301848,0,-1.7802076247736232,1.6252836943516287,5.0931504547974145
134,2017,chemicals,central,0,0,0,0,9999,-99,22.720732877920334,0.31689871435899214,0.2217004959301848,0,-1.7802076247736232,1.6934287791671943,5.738502053173342
134,2018,chemicals,central,0,0,0,0,9999,-99,23.647983576886716,0.35482897875016617,0.2217004959301848,0,-1.7802076247736232,1.6836169275894253,5.277195817746231
134,2019,chemicals,central,0,0,0,0,9999,-99,24.613076094748344,0.5322228757803816,0.2217004959301848,0,-1.7802076247736232,1.789995865388902,6.280810219638366
134,2020,chemicals,central,0,1,0,0,9999,-99,25.617554785431185,0.3761183582755958,0.2217004959301848,0,-1.7802076247736232,1.6960259949814827,5.447939903974275
134,2021,chemicals,central,0,1,0,0,9999,-99,26.66302702914055,0.37149107610616616,0.2217004959301848,0,-1.7802076247736232,1.868458464897416,6.778011002740383
134,2022,chemicals,central,0,1,0,0,9999,-99,27.75116580451235,0.40461088954174096,0.2217004959301848,0,-1.7802076247736232,1.7114742161361012,5.636241751793663
134,2023,chemicals,central,0,1,0,0,9999,-99,28.88371236573583,0.42117794103188805,0.2217004959301848,0,-1.7802076247736232,1.8959725906413005,6.7635738353924575
134,2024,chemicals,central,0,1,0,0,9999,-99,30.06247902893177,0.4684554692958037,0.2217004959301848,0,-1.7802076247736232,1.8322994625288709,6.04661477694137
135,2016,electronics,western,0,0,0,0,9999,-99,13.398941307106957,0.5562711304771735,0.18629949773550572,0,0.9417946814475222,1.520559705602653,4.513414197614203
135,2017,electronics,western,0,0,0,0,9999,-99,13.945762475208362,0.7592640442998786,0.18629949773550572,0,0.9417946814475222,1.4532100643697132,4.372179259756268
135,2018,electronics,western,0,0,0,0,9999,-99,14.514899838524773,0.43126339082797577,0.18629949773550572,0,0.9417946814475222,1.5096939000908263,4.7057052662922665
135,2019,electronics,western,0,0,0,0,9999,-99,15.10726413825994,0.6380060873002648,0.18629949773550572,0,0.9417946814475222,1.7059476505743645,5.435546477052127
135,2020,electronics,western,0,1,0,0,9999,-99,15.72380328367123,0.6105467395770239,0.18629949773550572,0,0.9417946814475222,1.6490578720930653,5.623909075714204
135,2021,electronics,western,0,1,0,0,9999,-99,16.36550386892667,0.7505419221354523,0.18629949773550572,0,0.9417946814475222,1.5794508017015554,4.906406960188002
135,2022,electronics,western,0,1,0,0,9999,-99,17.033392751866092,0.4518402405198352,0.18629949773550572,0,0.9417946814475222,1.656569664202197,5.424995484781415
135,2023,electronics,western,0,1,0,0,9999,-99,17.72853869719276,0.6951775391060823,0.18629949773550572,0,0.9417946814475222,1.8349736174116507,6.05690260019914
135,2024,electronics,western,0,1,0,0,9999,-99,18.452054086724914,0.7392767315572347,0.18629949773550572,0,0.9417946814475222,1.8193778193942078,6.389562387607737
136,2016,textile,central,0,0,0,0,9999,-99,23.482447288673445,0.49108827649810216,0.2669444887706169,0,-0.10295261320370766,1.5916284026937755,4.833252309964778
136,2017,textile,central,0,0,0,0,9999,-99,24.440784142456156,0.508383181229976,0.2669444887706169,0,-0.10295261320370766,1.7147040007504115,5.43997068841601
136,2018,textile,central,0,0,0,0,9999,-99,25.438231465178838,0.5235700466658496,0.2669444887706169,0,-0.10295261320370766,1.7840938281120668,6.252362356338218
136,2019,textile,central,0,0,0,0,9999,-99,26.476385385357958,0.5524483637722543,0.2669444887706169,0,-0.10295261320370766,1.7884145908006663,5.9853450674121795
136,2020,textile,central,0,1,0,0,9999,-99,27.55690717075045,0.5932678024927841,0.2669444887706169,0,-0.10295261320370766,1.853544393146926,6.421130839627073
136,2021,textile,central,0,1,0,0,9999,-99,28.681525886736548,0.5401860306377251,0.2669444887706169,0,-0.10295261320370766,1.8319981487438055,5.896122180892836
136,2022,textile,central,0,1,0,0,9999,-99,29.85204116319329,0.618207560983672,0.2669444887706169,0,-0.10295261320370766,1.89388202449937,6.505374557895166
136,2023,textile,central,0,1,0,0,9999,-99,31.07032607428625,0.53004480386916,0.2669444887706169,0,-0.10295261320370766,1.811699208137328,6.072150804745922
136,2024,textile,central,0,1,0,0,9999,-99,32.33833013578782,0.4372251737033459,0.2669444887706169,0,-0.10295261320370766,1.7808567435080136,5.782197963682041
137,2016,textile,central,0,0,0,0,9999,-99,28.941974711747292,0.4741702633330927,0.1756384738524801,0,-0.14311214493607377,1.4202430367989098,3.895394688344993
137,2017,textile,central,0,0,0,0,9999,-99,30.12311910639022,0.6262313017341119,0.1756384738524801,0,-0.14311214493607377,1.464244045853117,4.463471588979357
137,2018,textile,central,0,0,0,0,9999,-99,31.35246691821153,0.6017159927325139,0.1756384738524801,0,-0.14311214493607377,1.4788568543149538,4.367464314651711
137,2019,textile,central,0,0,0,0,9999,-99,32.63198536598498,0.4363105070369762,0.1756384738524801,0,-0.14311214493607377,1.5569232633358745,4.9252470160077815
137,2020,textile,central,0,1,0,0,9999,-99,33.96372195220551,0.6094081587173704,0.1756384738524801,0,-0.14311214493607377,1.5825203669940817,4.946960447040575
137,2021,textile,central,0,1,0,0,9999,-99,35.34980773953003,0.6056491216809445,0.1756384738524801,0,-0.14311214493607377,1.4388323201750968,4.218140990889124
137,2022,textile,central,0,1,0,0,9999,-99,36.79246076093233,0.36417203913388785,0.1756384738524801,0,-0.14311214493607377,1.6542178241293892,5.370444442243485
137,2023,textile,central,0,1,0,0,9999,-99,38.29398956902904,0.48883546033647685,0.1756384738524801,0,-0.14311214493607377,1.5782235130295204,4.928582574814713
137,2024,textile,central,0,1,0,0,9999,-99,39.85679693025636,0.5183010113915874,0.1756384738524801,0,-0.14311214493607377,1.5678877460513543,4.6690212007424154
138,2016,chemicals,coastal,1,0,0,0,2020,-4,25.117537355366874,0.6090510139888775,0.3108121084544733,0,-0.06341013648442359,1.8079501613476312,5.957526353697541
138,2017,chemicals,coastal,1,0,0,0,2020,-3,26.142603500645627,0.4998631807260799,0.3108121084544733,0,-0.06341013648442359,1.80262665028407,6.327409612104898
138,2018,chemicals,coastal,1,0,0,0,2020,-2,27.209503388911617,0.752962458404338,0.3108121084544733,0,-0.06341013648442359,1.9619627006987777,7.034852782279142
138,2019,chemicals,coastal,1,0,0,0,2020,-1,28.31994428760351,0.4531706821703227,0.3108121084544733,0,-0.06341013648442359,2.0237070790996095,7.825419591838865
138,2020,chemicals,coastal,1,1,1,1,2020,0,29.47570313906591,0.45383478235417796,0.3108121084544733,0,-0.06341013648442359,2.020072080446113,7.498130352978742
138,2021,chemicals,coastal,1,1,1,1,2020,1,30.678629404036197,0.4871137866704589,0.3108121084544733,0,-0.06341013648442359,2.142194309592813,8.948191300820474
138,2022,chemicals,coastal,1,1,1,1,2020,2,31.93064802117628,0.5883121910757045,0.3108121084544733,0,-0.06341013648442359,2.0947889846797265,8.390935780150754
138,2023,chemicals,coastal,1,1,1,1,2020,3,33.233762487385135,0.4778506066730519,0.3108121084544733,0,-0.06341013648442359,2.2259396325300402,9.28684815257732
138,2024,chemicals,coastal,1,1,1,1,2020,4,34.590058063821274,0.562196383531911,0.3108121084544733,0,-0.06341013648442359,2.2221757117510816,9.351208165594821
139,2016,machinery,coastal,0,0,0,0,9999,-99,30.639133969396006,0.5720798831574427,0.1888675457813415,0,-0.9501493546308207,1.5660262340112856,4.742707904524283
139,2017,machinery,coastal,0,0,0,0,9999,-99,31.889540747271358,0.5080452591207244,0.1888675457813415,0,-0.9501493546308207,1.5918440383664496,5.02089031597575
139,2018,machinery,coastal,0,0,0,0,9999,-99,33.19097759380722,0.3736135404443417,0.1888675457813415,0,-0.9501493546308207,1.6331156560587574,5.123342169471072
139,2019,machinery,coastal,0,0,0,0,9999,-99,34.5455270856127,0.518094082077718,0.1888675457813415,0,-0.9501493546308207,1.6051983793269657,5.062314089021475
139,2020,machinery,coastal,0,1,0,0,9999,-99,35.95535679086067,0.4859676858012528,0.1888675457813415,0,-0.9501493546308207,1.7368215712442463,5.446212467598597
139,2021,machinery,coastal,0,1,0,0,9999,-99,37.42272273785924,0.6189690833920407,0.1888675457813415,0,-0.9501493546308207,1.7119928551525032,5.758932645673027
139,2022,machinery,coastal,0,1,0,0,9999,-99,38.94997302517836,0.43977425240622986,0.1888675457813415,0,-0.9501493546308207,1.6186184041192546,5.099025192897835
139,2023,machinery,coastal,0,1,0,0,9999,-99,40.539551579108526,0.5892081704598554,0.1888675457813415,0,-0.9501493546308207,1.6788415326902495,5.389822380766882
139,2024,machinery,coastal,0,1,0,0,9999,-99,42.1940020644642,0.5244264175906119,0.1888675457813415,0,-0.9501493546308207,1.6818080506992632,5.362567493631386
140,2016,textile,coastal,0,0,0,0,9999,-99,20.660649860607432,0.4660683729134365,0.4291472828031431,0,-1.0431549250083614,1.30070565175693,3.550235381110368
140,2017,textile,coastal,0,0,0,0,9999,-99,21.50382697673668,0.514698845993382,0.4291472828031431,0,-1.0431549250083614,1.3135170194419312,3.855644458788926
140,2018,textile,coastal,0,0,0,0,9999,-99,22.381414803756467,0.36495744658563656,0.4291472828031431,0,-1.0431549250083614,1.3378238002625227,3.7737122705377675
140,2019,textile,coastal,0,0,0,0,9999,-99,23.294817669418748,0.5339904938641717,0.4291472828031431,0,-1.0431549250083614,1.4416947314348871,3.9296663551633775
140,2020,textile,coastal,0,1,0,0,9999,-99,24.24549721317825,0.47304687097352044,0.4291472828031431,0,-1.0431549250083614,1.367027351872059,3.8106612159619946
140,2021,textile,coastal,0,1,0,0,9999,-99,25.234974725127447,0.43740837925583337,0.4291472828031431,0,-1.0431549250083614,1.434054284903502,4.053334399912834
140,2022,textile,coastal,0,1,0,0,9999,-99,26.264833580385247,0.31958822489998767,0.4291472828031431,0,-1.0431549250083614,1.5610058938271993,4.675782379541635
140,2023,textile,coastal,0,1,0,0,9999,-99,27.336721772835002,0.4102016733615129,0.4291472828031431,0,-1.0431549250083614,1.5826942014499303,4.681799099371178
140,2024,textile,coastal,0,1,0,0,9999,-99,28.452354552266318,0.4873279010391068,0.4291472828031431,0,-1.0431549250083614,1.5831306335351958,4.8750751541426185
141,2016,textile,western,0,0,0,0,9999,-99,24.102463673562,0.38680685795197284,0.27959202916671855,1,-1.8986527880993846,1.1912854912546444,3.3434753609132533
141,2017,textile,western,0,0,0,0,9999,-99,25.086103876023977,0.36197527155433695,0.27959202916671855,1,-1.8986527880993846,1.1791470692801524,3.2798260016449556
141,2018,textile,western,0,0,0,0,9999,-99,26.10988719667519,0.29468110682063053,0.27959202916671855,1,-1.8986527880993846,1.3588306460389872,3.887719064169332
141,2019,textile,western,0,0,0,0,9999,-99,27.175451907247428,0.3304772666901801,0.27959202916671855,1,-1.8986527880993846,1.2768153254194454,3.641484283415265
141,2020,textile,western,0,1,0,0,9999,-99,28.28450313861021,0.4304374769549964,0.27959202916671855,1,-1.8986527880993846,1.324020687504981,3.723793760639233
141,2021,textile,western,0,1,0,0,9999,-99,29.438815609343926,0.3731485633846021,0.27959202916671855,1,-1.8986527880993846,1.4417905203998913,4.14979010605197
141,2022,textile,western,0,1,0,0,9999,-99,30.640236465668213,0.312125220815136,0.27959202916671855,1,-1.8986527880993846,1.544060191218811,4.481505180594169
141,2023,textile,western,0,1,0,0,9999,-99,31.890688237269977,0.35252437708717527,0.27959202916671855,1,-1.8986527880993846,1.4545808463123802,4.365939124885694
141,2024,textile,western,0,1,0,0,9999,-99,33.19217191376106,0.42034914292714776,0.27959202916671855,1,-1.8986527880993846,1.4751606689991252,4.53658503966996
142,2016,machinery,coastal,0,0,0,0,9999,-99,24.051165357123764,0.5981007503100148,0.22094820164681853,1,0.023475250803674515,1.8137816912035416,5.926572687297188
142,2017,machinery,coastal,0,0,0,0,9999,-99,25.03271203557713,0.7024850719992171,0.22094820164681853,1,0.023475250803674515,2.0931920536038087,8.349072947992015
142,2018,machinery,coastal,0,0,0,0,9999,-99,26.054316393884154,0.478305203828505,0.22094820164681853,1,0.023475250803674515,2.0065784720692768,7.668004881900115
142,2019,machinery,coastal,0,0,0,0,9999,-99,27.117613216971996,0.651014226739363,0.22094820164681853,1,0.023475250803674515,2.0156944406013872,7.524682706326523
142,2020,machinery,coastal,0,1,0,0,9999,-99,28.224304006606364,0.6378278010104484,0.22094820164681853,1,0.023475250803674515,2.057761394284704,7.835916500341609
142,2021,machinery,coastal,0,1,0,0,9999,-99,29.376159704157292,0.6357100556788986,0.22094820164681853,1,0.023475250803674515,2.0265257012584743,7.879703550374843
142,2022,machinery,coastal,0,1,0,0,9999,-99,30.57502352448319,0.4728381350520825,0.22094820164681853,1,0.023475250803674515,2.1352153134908467,8.985099740149534
142,2023,machinery,coastal,0,1,0,0,9999,-99,31.82281390546783,0.5789520353089559,0.22094820164681853,1,0.023475250803674515,2.157360181011244,8.896168237194122
142,2024,machinery,coastal,0,1,0,0,9999,-99,33.12152757793027,0.4370427233021727,0.22094820164681853,1,0.023475250803674515,2.1116207825198927,8.121803941601994
143,2016,electronics,western,1,0,0,0,2020,-4,56.37638413559347,0.6307050663085265,0.062193594140211805,0,0.40625862159256027,2.017477113255416,7.283545375788571
143,2017,electronics,western,1,0,0,0,2020,-3,58.67714801833451,0.5718887867707733,0.062193594140211805,0,0.40625862159256027,1.8773457402762743,6.265586091748451
143,2018,electronics,western,1,0,0,0,2020,-2,61.0718078563641,0.5829978178373819,0.062193594140211805,0,0.40625862159256027,2.0149106068537974,7.348067433419503
143,2019,electronics,western,1,0,0,0,2020,-1,63.5641956163111,0.6399814728566702,0.062193594140211805,0,0.40625862159256027,1.9969992084168156,7.1158959554496874
143,2020,electronics,western,1,1,1,1,2020,0,66.15829965032917,0.516543311549318,0.062193594140211805,0,0.40625862159256027,2.0616694047383826,8.424072311044496
143,2021,electronics,western,1,1,1,1,2020,1,68.8582710783111,0.6313503182681398,0.062193594140211805,0,0.40625862159256027,2.185489000734934,8.862245486460543
143,2022,electronics,western,1,1,1,1,2020,2,71.66843043056632,0.5318449140395591,0.062193594140211805,0,0.40625862159256027,2.2131946586570463,8.665123073113769
143,2023,electronics,western,1,1,1,1,2020,3,74.59327456159104,0.5826751814801749,0.062193594140211805,0,0.40625862159256027,2.3829049429466465,10.732311588162194
143,2024,electronics,western,1,1,1,1,2020,4,77.63748384599496,0.5476580087717478,0.062193594140211805,0,0.40625862159256027,2.410070482123771,11.17031639629574
144,2016,machinery,coastal,0,0,0,0,9999,-99,13.257533259950897,0.4693197741710566,0.46524617026026427,1,-0.23760239509842612,1.927292354145427,6.947323515379776
144,2017,machinery,coastal,0,0,0,0,9999,-99,13.79858345617083,0.6030669672974699,0.46524617026026427,1,-0.23760239509842612,2.0243958180166963,7.9739409369595755
144,2018,machinery,coastal,0,0,0,0,9999,-99,14.361714329775442,0.6648346396798377,0.46524617026026427,1,-0.23760239509842612,2.093349412537443,8.058463042805862
144,2019,machinery,coastal,0,0,0,0,9999,-99,14.947827010303493,0.4598970654795532,0.46524617026026427,1,-0.23760239509842612,2.155603003899463,8.653067505694457
144,2020,machinery,coastal,0,1,0,0,9999,-99,15.557859403087871,0.5096869981186398,0.46524617026026427,1,-0.23760239509842612,2.074632438887201,8.04835432343833
144,2021,machinery,coastal,0,1,0,0,9999,-99,16.192787690104215,0.4896121892643509,0.46524617026026427,1,-0.23760239509842612,2.1854953856688843,8.71636137391466
144,2022,machinery,coastal,0,1,0,0,9999,-99,16.85362789207034,0.47994304608979993,0.46524617026026427,1,-0.23760239509842612,2.194146463574699,9.171475328581131
144,2023,machinery,coastal,0,1,0,0,9999,-99,17.541437494296158,0.4906432077126267,0.46524617026026427,1,-0.23760239509842612,2.203411255199518,9.093295859261342
144,2024,machinery,coastal,0,1,0,0,9999,-99,18.257317138885774,0.71601670411732,0.46524617026026427,1,-0.23760239509842612,2.2441268762927384,10.013940488926584
145,2016,chemicals,coastal,1,0,0,0,2020,-4,58.66063255853694,0.6296495162600606,0.1939239416874053,0,-0.28253046156544825,1.3026058263651539,3.6637777917443852
145,2017,chemicals,coastal,1,0,0,0,2020,-3,61.05461838786604,0.6305103519902415,0.1939239416874053,0,-0.28253046156544825,1.3500104534008426,3.78537923707527
145,2018,chemicals,coastal,1,0,0,0,2020,-2,63.54630463229569,0.4404986851721905,0.1939239416874053,0,-0.28253046156544825,1.4305930743011153,3.9926043528772004
145,2019,chemicals,coastal,1,0,0,0,2020,-1,66.13967852140502,0.4420101768495008,0.1939239416874053,0,-0.28253046156544825,1.476439331663181,4.373108835642044
145,2020,chemicals,coastal,1,1,1,1,2020,0,68.83889000669923,0.5356667320947548,0.1939239416874053,0,-0.28253046156544825,1.5131169431558837,4.781616297630242
145,2021,chemicals,coastal,1,1,1,1,2020,1,71.64825840241728,0.5277083114775237,0.1939239416874053,0,-0.28253046156544825,1.5593731601525262,5.015954636806933
145,2022,chemicals,coastal,1,1,1,1,2020,2,74.57227929735622,0.5212463579910017,0.1939239416874053,0,-0.28253046156544825,1.7059105319311525,5.518471559441084
145,2023,chemicals,coastal,1,1,1,1,2020,3,77.61563174877232,0.530781144733655,0.1939239416874053,0,-0.28253046156544825,1.627676852261247,4.868852213483737
145,2024,chemicals,coastal,1,1,1,1,2020,4,80.78318576987104,0.4859921833363421,0.1939239416874053,0,-0.28253046156544825,1.7596320439043303,5.636400781157945
146,2016,electronics,coastal,0,0,0,0,9999,-99,17.13857259292369,0.3204867395853297,0.21235531545523487,0,-0.9400888644327094,1.651070948631985,5.126076289958494
146,2017,electronics,coastal,0,0,0,0,9999,-99,17.83801100899335,0.5656925203111518,0.21235531545523487,0,-0.9400888644327094,1.7725585818425629,5.884553105151946
146,2018,electronics,coastal,0,0,0,0,9999,-99,18.565994048322718,0.5309042833361751,0.21235531545523487,0,-0.9400888644327094,1.7310698503221233,5.483526382330222
146,2019,electronics,coastal,0,0,0,0,9999,-99,19.323686639086038,0.6242442695013055,0.21235531545523487,0,-0.9400888644327094,1.9127359534436863,6.704148143890882
146,2020,electronics,coastal,0,1,0,0,9999,-99,20.11230125107825,0.5470105724036797,0.21235531545523487,0,-0.9400888644327094,1.875930212551136,6.7009825469321145
146,2021,electronics,coastal,0,1,0,0,9999,-99,20.93309983592529,0.5057614881149799,0.21235531545523487,0,-0.9400888644327094,1.8276270589164836,6.312632907735
146,2022,electronics,coastal,0,1,0,0,9999,-99,21.787395846475956,0.4587907245755823,0.21235531545523487,0,-0.9400888644327094,1.8771338235251633,6.872737988719159
146,2023,electronics,coastal,0,1,0,0,9999,-99,22.676556338606662,0.41727821218536654,0.21235531545523487,0,-0.9400888644327094,2.0789863608581904,7.660416520998586
146,2024,electronics,coastal,0,1,0,0,9999,-99,23.60200415880251,0.5724569789328302,0.21235531545523487,0,-0.9400888644327094,2.0415029043776425,7.6117285991692745
147,2016,electronics,coastal,1,0,0,0,2020,-4,20.440070084444834,0.5490255965905291,0.17100745214062013,0,0.2506857073851182,1.6540491837480082,5.411199911400981
147,2017,electronics,coastal,1,0,0,0,2020,-3,21.2742451691377,0.6301954786170179,0.17100745214062013,0,0.2506857073851182,1.8315310710491652,6.190106141319362
147,2018,electronics,coastal,1,0,0,0,2020,-2,22.142463584848887,0.6019842153674092,0.17100745214062013,0,0.2506857073851182,1.9185297660874638,6.243728340199952
147,2019,electronics,coastal,1,0,0,0,2020,-1,23.046114666273336,0.5544535124827571,0.17100745214062013,0,0.2506857073851182,1.805043060197546,6.104418821793271
147,2020,electronics,coastal,1,1,1,1,2020,0,23.9866444479305,0.5502681120657205,0.17100745214062013,0,0.2506857073851182,2.022005058330697,7.130130233660616
147,2021,electronics,coastal,1,1,1,1,2020,1,24.965557978128096,0.4543843993394289,0.17100745214062013,0,0.2506857073851182,2.1592425362196077,9.254686531166456
147,2022,electronics,coastal,1,1,1,1,2020,2,25.98442172736046,0.5431409372920545,0.17100745214062013,0,0.2506857073851182,2.0631189146126303,7.551305054477016
147,2023,electronics,coastal,1,1,1,1,2020,3,27.04486609499555,0.504045693741497,0.17100745214062013,0,0.2506857073851182,2.224745418809475,9.519497926390125
147,2024,electronics,coastal,1,1,1,1,2020,4,28.148588018261794,0.507602830797571,0.17100745214062013,0,0.2506857073851182,2.178423927695535,8.413821144254793
148,2016,machinery,coastal,1,0,0,0,2020,-4,26.902061271826508,0.4190907120273585,0.11826362259633685,0,-2.45140927594481,1.7442501166646336,5.884743742893883
148,2017,machinery,coastal,1,0,0,0,2020,-3,27.999955219700812,0.27999349468578083,0.11826362259633685,0,-2.45140927594481,1.8428176245905163,6.464190998778803
148,2018,machinery,coastal,1,0,0,0,2020,-2,29.142655069569006,0.17420631752653218,0.11826362259633685,0,-2.45140927594481,1.8663137577670736,6.239710061973768
148,2019,machinery,coastal,1,0,0,0,2020,-1,30.331989384979845,0.4143354158997529,0.11826362259633685,0,-2.45140927594481,1.7560318433170028,5.749266468428596
148,2020,machinery,coastal,1,1,1,1,2020,0,31.569861354576172,0.32527470961242116,0.11826362259633685,0,-2.45140927594481,1.972290004884181,6.820323032510965
148,2021,machinery,coastal,1,1,1,1,2020,1,32.858251837602786,0.32672767328562224,0.11826362259633685,0,-2.45140927594481,2.041326596033478,7.749144928042095
148,2022,machinery,coastal,1,1,1,1,2020,2,34.19922253370382,0.3620722373015306,0.11826362259633685,0,-2.45140927594481,2.0075683593920517,7.234670161969975
148,2023,machinery,coastal,1,1,1,1,2020,3,35.59491928208204,0.21030002603937062,0.11826362259633685,0,-2.45140927594481,2.198514970268652,9.515459161088895
148,2024,machinery,coastal,1,1,1,1,2020,4,37.04757549529938,0.20724138948660875,0.11826362259633685,0,-2.45140927594481,2.1960468325584435,9.52411460619713
149,2016,electronics,coastal,0,0,0,0,9999,-99,30.794126864152798,0.5800302749808742,0.13231979832495344,0,-1.1044465871316536,1.9227789916535922,7.092120590816861
149,2017,electronics,coastal,0,0,0,0,9999,-99,32.050859022057494,0.6052134395618421,0.13231979832495344,0,-1.1044465871316536,1.8808693604907132,6.600457956012643
149,2018,electronics,coastal,0,0,0,0,9999,-99,33.35887939227875,0.5673493893692976,0.13231979832495344,0,-1.1044465871316536,1.9354571496317445,7.1509711352402086
149,2019,electronics,coastal,0,0,0,0,9999,-99,34.720281086468155,0.5647080782788125,0.13231979832495344,0,-1.1044465871316536,1.9280644139202667,7.013966645298181
149,2020,electronics,coastal,0,1,0,0,9999,-99,36.137242637784254,0.5494205636045605,0.13231979832495344,0,-1.1044465871316536,2.029403215285754,7.729252585436363
149,2021,electronics,coastal,0,1,0,0,9999,-99,37.61203148701041,0.502545859578033,0.13231979832495344,0,-1.1044465871316536,2.0935533915152553,8.326523549426176
149,2022,electronics,coastal,0,1,0,0,9999,-99,39.14700761094379,0.5540016222215867,0.13231979832495344,0,-1.1044465871316536,1.9953321417699244,7.397798687528551
149,2023,electronics,coastal,0,1,0,0,9999,-99,40.744627298861715,0.513765690817743,0.13231979832495344,0,-1.1044465871316536,2.048640697026412,7.7980315663949735
149,2024,electronics,coastal,0,1,0,0,9999,-99,42.40744708310858,0.4809363197229765,0.13231979832495344,0,-1.1044465871316536,1.993584615447826,7.178020256323006
150,2016,electronics,central,1,0,0,0,2020,-4,23.47767202737998,0.5401699494923093,0.26753593012563687,0,-0.6584149213554794,2.0843821547178534,8.403085455135528
150,2017,electronics,central,1,0,0,0,2020,-3,24.435813999052336,0.511596084916437,0.26753593012563687,0,-0.6584149213554794,2.1438701022995335,8.644934425375702
150,2018,electronics,central,1,0,0,0,2020,-2,25.43305848637486,0.4401182899854539,0.26753593012563687,0,-0.6584149213554794,2.1847872381832882,8.876457451367365
150,2019,electronics,central,1,0,0,0,2020,-1,26.471001293284107,0.4363367112155195,0.26753593012563687,0,-0.6584149213554794,2.2979162810708327,9.898951733837928
150,2020,electronics,central,1,1,1,1,2020,0,27.551303349710743,0.5251370236659589,0.26753593012563687,0,-0.6584149213554794,2.245218377265269,9.554229326479325
150,2021,electronics,central,1,1,1,1,2020,1,28.675693369421776,0.5362220213682412,0.26753593012563687,0,-0.6584149213554794,2.34003891078534,10.012663625923684
150,2022,electronics,central,1,1,1,1,2020,2,29.845970616331414,0.33996016960665665,0.26753593012563687,0,-0.6584149213554794,2.3504792410605146,10.651525127846119
150,2023,electronics,central,1,1,1,1,2020,3,31.064007783707165,0.4725227691746979,0.26753593012563687,0,-0.6584149213554794,2.5315726971172396,12.771038279924799
150,2024,electronics,central,1,1,1,1,2020,4,32.33175399087863,0.5512161387007153,0.26753593012563687,0,-0.6584149213554794,2.505922958560219,12.088593490008401
151,2016,chemicals,coastal,0,0,0,0,9999,-99,26.246550971649423,0.5796827647381635,0.1826928210342361,0,-0.5084874892739071,1.755039986971487,5.718913625630744
151,2017,chemicals,coastal,0,0,0,0,9999,-99,27.317693036682414,0.5579324165498512,0.1826928210342361,0,-0.5084874892739071,1.8028437921636298,5.992177488538277
151,2018,chemicals,coastal,0,0,0,0,9999,-99,28.43254923865944,0.5343181081612044,0.1826928210342361,0,-0.5084874892739071,1.7012659052841652,5.155175415334443
151,2019,chemicals,coastal,0,0,0,0,9999,-99,29.592903585352328,0.4239271183881791,0.1826928210342361,0,-0.5084874892739071,1.8076281551783382,6.193849901203745
151,2020,chemicals,coastal,0,1,0,0,9999,-99,30.80061289127126,0.4684260526861314,0.1826928210342361,0,-0.5084874892739071,1.8361175688279798,6.00844226652833
151,2021,chemicals,coastal,0,1,0,0,9999,-99,32.05760974896409,0.5686275012883895,0.1826928210342361,0,-0.5084874892739071,1.9192391974061416,6.538346261384312
151,2022,chemicals,coastal,0,1,0,0,9999,-99,33.36590562157677,0.4316863857584663,0.1826928210342361,0,-0.5084874892739071,1.789588758163285,6.054961723756414
151,2023,chemicals,coastal,0,1,0,0,9999,-99,34.72759406162347,0.5377213669155447,0.1826928210342361,0,-0.5084874892739071,1.8193820337548168,5.854203608640135
151,2024,chemicals,coastal,0,1,0,0,9999,-99,36.144854061117314,0.4934875615253229,0.1826928210342361,0,-0.5084874892739071,1.8192454530974895,6.198336058499976
152,2016,machinery,central,1,0,0,0,2020,-4,44.297174678397774,0.597428718818898,0.06240007577845203,1,0.21791100088633442,1.1900958590225286,3.187089571949184
152,2017,machinery,central,1,0,0,0,2020,-3,46.10497667155864,0.5919318477573682,0.06240007577845203,1,0.21791100088633442,1.2711632779085253,3.7189485164417713
152,2018,machinery,central,1,0,0,0,2020,-2,47.986556463646956,0.5908999092953355,0.06240007577845203,1,0.21791100088633442,1.3130899503441067,3.7671498208708436
152,2019,machinery,central,1,0,0,0,2020,-1,49.944924983755136,0.5866415432430363,0.06240007577845203,1,0.21791100088633442,1.332163650393119,3.8529234708251767
152,2020,machinery,central,1,1,1,1,2020,0,51.98321603932293,0.5616065536375938,0.06240007577845203,1,0.21791100088633442,1.4479682031841046,4.103627847567193
152,2021,machinery,central,1,1,1,1,2020,1,54.10469133089788,0.6221024711212283,0.06240007577845203,1,0.21791100088633442,1.5281139096634726,4.693522510798171
152,2022,machinery,central,1,1,1,1,2020,2,56.312745671552015,0.6477324534098392,0.06240007577845203,1,0.21791100088633442,1.5739099009454947,4.8782185783676155
152,2023,machinery,central,1,1,1,1,2020,3,58.610912419307105,0.584682003789934,0.06240007577845203,1,0.21791100088633442,1.5422096009745514,4.778620970915533
152,2024,machinery,central,1,1,1,1,2020,4,61.0028691312613,0.5875543757106145,0.06240007577845203,1,0.21791100088633442,1.6433455672801012,5.204412062409053
153,2016,textile,western,1,0,0,0,2020,-4,75.98802993741083,0.4713511768386159,0.23970703301851978,0,-0.19240587446072388,1.1045915877787011,3.1027376906455455
153,2017,textile,western,1,0,0,0,2020,-3,79.08916026851094,0.5753420890124731,0.23970703301851978,0,-0.19240587446072388,1.260069616541364,3.603597970583014
153,2018,textile,western,1,0,0,0,2020,-2,82.31685012929475,0.5751681041281411,0.23970703301851978,0,-0.19240587446072388,1.2623166636014318,3.6870231548521426
153,2019,textile,western,1,0,0,0,2020,-1,85.67626451215006,0.5261347726375958,0.23970703301851978,0,-0.19240587446072388,1.3628848701121705,4.022604152877751
153,2020,textile,western,1,1,1,1,2020,0,89.17277919680274,0.5792790222132653,0.23970703301851978,0,-0.19240587446072388,1.3511624024541702,3.8583625295428763
153,2021,textile,western,1,1,1,1,2020,1,92.81198935271115,0.5280457935065335,0.23970703301851978,0,-0.19240587446072388,1.3635307638300316,3.7315112289338623
153,2022,textile,western,1,1,1,1,2020,2,96.59971849253098,0.5587356315827204,0.23970703301851978,0,-0.19240587446072388,1.3951044468697305,3.9541302751384357
153,2023,textile,western,1,1,1,1,2020,3,100.54202779097793,0.4463762061009326,0.23970703301851978,0,-0.19240587446072388,1.5598185837716618,4.973519769121679
153,2024,textile,western,1,1,1,1,2020,4,104.64522578400036,0.42726001269771957,0.23970703301851978,0,-0.19240587446072388,1.506224686100536,4.607180834839072
154,2016,electronics,coastal,1,0,0,0,2020,-4,28.568454109571377,0.6172747716372264,0.32564263823324574,1,0.15546812688940018,1.874717205124462,6.330413560112802
154,2017,electronics,coastal,1,0,0,0,2020,-3,29.7343548392627,0.590571980866219,0.32564263823324574,1,0.15546812688940018,1.9370920291519602,6.914880743715307
154,2018,electronics,coastal,1,0,0,0,2020,-2,30.9478368803642,0.6441049223857819,0.32564263823324574,1,0.15546812688940018,1.9938232693337032,7.420680402619693
154,2019,electronics,coastal,1,0,0,0,2020,-1,32.210842063031606,0.6530380410592851,0.32564263823324574,1,0.15546812688940018,2.0988080576061825,8.107846346438302
154,2020,electronics,coastal,1,1,1,1,2020,0,33.52539146501267,0.5595477963203117,0.32564263823324574,1,0.15546812688940018,2.1022086532963336,8.348879232439067
154,2021,electronics,coastal,1,1,1,1,2020,1,34.893588645802716,0.47357260609531,0.32564263823324574,1,0.15546812688940018,2.2726948296139273,9.681605942234611
154,2022,electronics,coastal,1,1,1,1,2020,2,36.31762301278866,0.5170855258713264,0.32564263823324574,1,0.15546812688940018,2.3233476330578218,10.327909077251906
154,2023,electronics,coastal,1,1,1,1,2020,3,37.799773324767855,0.5864959410977598,0.32564263823324574,1,0.15546812688940018,2.2618594456985868,9.665493015294096
154,2024,electronics,coastal,1,1,1,1,2020,4,39.34241133844842,0.37812562261710747,0.32564263823324574,1,0.15546812688940018,2.3237272668366518,9.867748058952307
155,2016,textile,central,1,0,0,0,2020,-4,32.47709514093856,0.7006325175028671,0.5526719298501651,0,1.2457733043014363,1.6646986256354916,5.198092020179016
155,2017,textile,central,1,0,0,0,2020,-3,33.80251053716011,0.5701906271063912,0.5526719298501651,0,1.2457733043014363,1.8264716503125937,6.1023460045961375
155,2018,textile,central,1,0,0,0,2020,-2,35.18201716182798,0.46996271666695955,0.5526719298501651,0,1.2457733043014363,1.8192265908504397,5.8217789052121605
155,2019,textile,central,1,0,0,0,2020,-1,36.61782251985207,0.5456060916822771,0.5526719298501651,0,1.2457733043014363,1.837531115938041,6.250635582436461
155,2020,textile,central,1,1,1,1,2020,0,38.1122242061267,0.6303206486416344,0.5526719298501651,0,1.2457733043014363,1.8279051933787793,6.20571750888446
155,2021,textile,central,1,1,1,1,2020,1,39.667613582172606,0.5057742963401661,0.5526719298501651,0,1.2457733043014363,1.9421220275918256,6.862204926853436
155,2022,textile,central,1,1,1,1,2020,2,41.286479602825565,0.5956681858252713,0.5526719298501651,0,1.2457733043014363,1.879164551783684,6.7558122901217965
155,2023,textile,central,1,1,1,1,2020,3,42.97141279909512,0.5343458391819041,0.5526719298501651,0,1.2457733043014363,1.9973608352521246,6.816991561631226
155,2024,textile,central,1,1,1,1,2020,4,44.7251094235669,0.654850505399085,0.5526719298501651,0,1.2457733043014363,2.1032420839667307,8.036580996020431
156,2016,electronics,western,0,0,0,0,9999,-99,22.768306921949723,0.6221794867798477,0.3082466531244215,0,1.3721024908965929,1.8293857262752697,6.714244974862249
156,2017,electronics,western,0,0,0,0,9999,-99,23.6974991544844,0.8020715280314102,0.3082466531244215,0,1.3721024908965929,1.949118182947198,7.093577508642219
156,2018,electronics,western,0,0,0,0,9999,-99,24.66461244140238,0.6123318962058255,0.3082466531244215,0,1.3721024908965929,1.932624366838305,6.7812148526196045
156,2019,electronics,western,0,0,0,0,9999,-99,25.671194370291218,0.5984909990072255,0.3082466531244215,0,1.3721024908965929,2.0133775065429496,7.620650826008659
156,2020,electronics,western,0,1,0,0,9999,-99,26.718855686986082,0.7825119964398105,0.3082466531244215,0,1.3721024908965929,2.0312504832255964,7.261715740553248
156,2021,electronics,western,0,1,0,0,9999,-99,27.80927287310668,0.6498549921872248,0.3082466531244215,0,1.3721024908965929,2.1082335180919363,8.431585505384016
156,2022,electronics,western,0,1,0,0,9999,-99,28.944190828785544,0.6012322590566278,0.3082466531244215,0,1.3721024908965929,2.0227261847148683,7.673749497583442
156,2023,electronics,western,0,1,0,0,9999,-99,30.125425664880503,0.6728440523231578,0.3082466531244215,0,1.3721024908965929,1.9953712918835826,7.464572729488963
156,2024,electronics,western,0,1,0,0,9999,-99,31.35486760913952,0.7330389241918072,0.3082466531244215,0,1.3721024908965929,2.1998202480638653,8.8084259512454
157,2016,textile,central,1,0,0,0,2020,-4,49.93287399837547,0.611864164789604,0.32552590388903824,1,0.6476078774360021,1.3800834401699495,4.027842176971216
157,2017,textile,central,1,0,0,0,2020,-3,51.970673243900144,0.5133803293787722,0.32552590388903824,1,0.6476078774360021,1.3813240376813178,4.0801837073572385
157,2018,textile,central,1,0,0,0,2020,-2,54.09163665428335,0.681683863857578,0.32552590388903824,1,0.6476078774360021,1.5529573238557188,4.4531717928034364
157,2019,textile,central,1,0,0,0,2020,-1,56.29915822347802,0.46098081446408207,0.32552590388903824,1,0.6476078774360021,1.4683864491202407,4.2802462704296325
157,2020,textile,central,1,1,1,1,2020,0,58.59677045695791,0.6581903007835521,0.32552590388903824,1,0.6476078774360021,1.5741567235844394,4.855598322118808
157,2021,textile,central,1,1,1,1,2020,1,60.98815002448003,0.6055035432132695,0.32552590388903824,1,0.6476078774360021,1.706699181031736,5.485043596612791
157,2022,textile,central,1,1,1,1,2020,2,63.47712364354058,0.7119227854058723,0.32552590388903824,1,0.6476078774360021,1.7219857291359264,5.647844828254934
157,2023,textile,central,1,1,1,1,2020,3,66.06767420293941,0.6492969833896631,0.32552590388903824,1,0.6476078774360021,1.7720292345746516,5.745627727565473
157,2024,textile,central,1,1,1,1,2020,4,68.76394713625186,0.5822177180989092,0.32552590388903824,1,0.6476078774360021,1.718345134845771,5.373689952865341
158,2016,machinery,central,1,0,0,0,2020,-4,22.631994821191196,0.6333738314595114,0.3024090435732968,1,1.2486016031833487,1.769371108988036,5.884907968378059
158,2017,machinery,central,1,0,0,0,2020,-3,23.55562405136213,0.7006059583033574,0.3024090435732968,1,1.2486016031833487,1.7868869426553176,6.079961547184896
158,2018,machinery,central,1,0,0,0,2020,-2,24.51694730548306,0.6506636759493356,0.3024090435732968,1,1.2486016031833487,1.8494131078031342,6.505202030899787
158,2019,machinery,central,1,0,0,0,2020,-1,25.51750290585381,0.7092532708008046,0.3024090435732968,1,1.2486016031833487,1.7924659197605592,5.775267959085963
158,2020,machinery,central,1,1,1,1,2020,0,26.55889195489822,0.6403285577135678,0.3024090435732968,1,1.2486016031833487,1.9061126664415284,6.907934508961951
158,2021,machinery,central,1,1,1,1,2020,1,27.642780897269606,0.5327482543224691,0.3024090435732968,1,1.2486016031833487,1.9822506763393823,7.291193935629163
158,2022,machinery,central,1,1,1,1,2020,2,28.77090418651774,0.6550627628167774,0.3024090435732968,1,1.2486016031833487,1.9930555490177593,6.8975984436220035
158,2023,machinery,central,1,1,1,1,2020,3,29.94506706058455,0.7614472271470079,0.3024090435732968,1,1.2486016031833487,2.253274644301018,9.845292230920647
158,2024,machinery,central,1,1,1,1,2020,4,31.16714843056999,0.6186281489354032,0.3024090435732968,1,1.2486016031833487,2.123870030919066,8.167048392952982
159,2016,electronics,central,1,0,0,0,2020,-4,29.87840733549153,0.6481290999379615,0.5396157201810927,0,1.7296417840546479,2.002447134664116,7.958850360794135
159,2017,electronics,central,1,0,0,0,2020,-3,31.097768270488473,0.7241811907662358,0.5396157201810927,0,1.7296417840546479,2.0996810774315793,8.470586057320865
159,2018,electronics,central,1,0,0,0,2020,-2,32.36689226926259,0.6635217511951634,0.5396157201810927,0,1.7296417840546479,2.2137665864599274,8.568330703442712
159,2019,electronics,central,1,0,0,0,2020,-1,33.68781020097283,0.8279411250554493,0.5396157201810927,0,1.7296417840546479,2.1923005409418663,8.964506540741764
159,2020,electronics,central,1,1,1,1,2020,0,35.06263581612076,0.8271784138811813,0.5396157201810927,0,1.7296417840546479,2.234087973056158,9.417845137330906
159,2021,electronics,central,1,1,1,1,2020,1,36.49356912900241,0.6586050855967709,0.5396157201810927,0,1.7296417840546479,2.2020519528514098,8.673064762909384
159,2022,electronics,central,1,1,1,1,2020,2,37.98289993820043,0.7080182743478488,0.5396157201810927,0,1.7296417840546479,2.332151290016383,9.939896902358587
159,2023,electronics,central,1,1,1,1,2020,3,39.533011490750404,0.7807239920543874,0.5396157201810927,0,1.7296417840546479,2.533419263939052,12.128261273816781
159,2024,electronics,central,1,1,1,1,2020,4,41.14638429584451,0.7711859808508339,0.5396157201810927,0,1.7296417840546479,2.4529923376024163,11.433196481797484
160,2016,textile,coastal,0,0,0,0,9999,-99,14.942733684055673,0.573606119674022,0.6527728564985397,0,0.37042034901979143,1.7814411242256705,5.934367181770032
160,2017,textile,coastal,0,0,0,0,9999,-99,15.552558214252663,0.6253441204540092,0.6527728564985397,0,0.37042034901979143,1.7542556967028087,5.996245967250135
160,2018,textile,coastal,0,0,0,0,9999,-99,16.187270155648502,0.4717581741728132,0.6527728564985397,0,0.37042034901979143,1.7622960672000203,6.009206937504
160,2019,textile,coastal,0,0,0,0,9999,-99,16.847885182761857,0.7416657748088837,0.6527728564985397,0,0.37042034901979143,1.9492261719833999,6.7447440674196795
160,2020,textile,coastal,0,1,0,0,9999,-99,17.535460420574836,0.6334960536426641,0.6527728564985397,0,0.37042034901979143,2.0115027134492154,7.703222822116479
160,2021,textile,coastal,0,1,0,0,9999,-99,18.251096136158477,0.6883554639522983,0.6527728564985397,0,0.37042034901979143,1.8837105424234335,6.367480035630656
160,2022,textile,coastal,0,1,0,0,9999,-99,18.995937499334808,0.5135962237403846,0.6527728564985397,0,0.37042034901979143,2.0107964116313943,7.575596307739107
160,2023,textile,coastal,0,1,0,0,9999,-99,19.77117641519288,0.6218498879682781,0.6527728564985397,0,0.37042034901979143,1.9732984588845361,7.117693252255936
160,2024,textile,coastal,0,1,0,0,9999,-99,20.57805343139119,0.5805332595036723,0.6527728564985397,0,0.37042034901979143,2.1075235486374413,8.749438863940075
161,2016,machinery,central,0,0,0,0,9999,-99,7.273267751623015,0.49061547934150407,0.12700601870981248,0,-1.3983025399548592,1.5320200834429718,4.347702649191557
161,2017,machinery,central,0,0,0,0,9999,-99,7.570095439475281,0.44491764395495403,0.12700601870981248,0,-1.3983025399548592,1.5248442001160425,4.526908629748595
161,2018,machinery,central,0,0,0,0,9999,-99,7.879036895070535,0.5122590425111634,0.12700601870981248,0,-1.3983025399548592,1.700845866689064,5.462544642981309
161,2019,machinery,central,0,0,0,0,9999,-99,8.200586490648755,0.35041605017217997,0.12700601870981248,0,-1.3983025399548592,1.7679384685051418,5.7586481496371595
161,2020,machinery,central,0,1,0,0,9999,-99,8.53525877416377,0.4555121824436437,0.12700601870981248,0,-1.3983025399548592,1.7587273766228901,5.843649067825695
161,2021,machinery,central,0,1,0,0,9999,-99,8.883589292669768,0.411581274467057,0.12700601870981248,0,-1.3983025399548592,1.7887241525750124,5.695475286147929
161,2022,machinery,central,0,1,0,0,9999,-99,9.246135449310831,0.4774789091657848,0.12700601870981248,0,-1.3983025399548592,1.8753839412376503,6.427608706394822
161,2023,machinery,central,0,1,0,0,9999,-99,9.623477395284892,0.44865444864486403,0.12700601870981248,0,-1.3983025399548592,1.757867326427066,5.990173023628984
161,2024,machinery,central,0,1,0,0,9999,-99,10.016218958209416,0.2313514116672462,0.12700601870981248,0,-1.3983025399548592,1.7750386139614094,6.201646439421839
162,2016,machinery,western,1,0,0,0,2020,-4,65.54683788887604,0.5272278174564895,0.1746261261101548,0,1.0052793828357693,1.5222974632929278,4.435165604436327
162,2017,machinery,western,1,0,0,0,2020,-3,68.22185508898404,0.6357957840538557,0.1746261261101548,0,1.0052793828357693,1.431717081855561,4.119472496786959
162,2018,machinery,western,1,0,0,0,2020,-2,71.0060418120064,0.668849350586741,0.1746261261101548,0,1.0052793828357693,1.481108090217718,4.450401205823974
162,2019,machinery,western,1,0,0,0,2020,-1,73.90385335069148,0.6616806379246745,0.1746261261101548,0,1.0052793828357693,1.6384941714299037,4.976899621631909
162,2020,machinery,western,1,1,1,1,2020,0,76.91992682173391,0.6458878625055988,0.1746261261101548,0,1.0052793828357693,1.6162486053191656,5.017072205898525
162,2021,machinery,western,1,1,1,1,2020,1,80.05908858615072,0.6895025595587931,0.1746261261101548,0,1.0052793828357693,1.8373506353405207,6.496751507482338
162,2022,machinery,western,1,1,1,1,2020,2,83.32636197248853,0.5714425010541271,0.1746261261101548,0,1.0052793828357693,1.8790789491758693,6.370084736260759
162,2023,machinery,western,1,1,1,1,2020,3,86.72697531522095,0.6811888048593212,0.1746261261101548,0,1.0052793828357693,1.852105076442715,6.581768637073471
162,2024,machinery,western,1,1,1,1,2020,4,90.26637032119928,0.6719084678742192,0.1746261261101548,0,1.0052793828357693,1.9310339143817443,7.227537537406453
163,2016,electronics,western,0,0,0,0,9999,-99,38.34912116406451,0.3944635918332668,0.7332083173960795,0,-0.9949166203726277,1.6644589069908549,5.432402508146475
163,2017,electronics,western,0,0,0,0,9999,-99,39.91417848836769,0.49407011940277545,0.7332083173960795,0,-0.9949166203726277,1.7743105568409,6.029002842586904
163,2018,electronics,western,0,0,0,0,9999,-99,41.543107013731145,0.3996826540133504,0.7332083173960795,0,-0.9949166203726277,1.8532108355284849,6.738963559162327
163,2019,electronics,western,0,0,0,0,9999,-99,43.238513373318746,0.5037470856171749,0.7332083173960795,0,-0.9949166203726277,1.855424285628828,6.259988038623941
163,2020,electronics,western,0,1,0,0,9999,-99,45.00311057901181,0.4511409145400032,0.7332083173960795,0,-0.9949166203726277,1.8237560872426686,6.101716046780971
163,2021,electronics,western,0,1,0,0,9999,-99,46.83972236280694,0.46213623072379867,0.7332083173960795,0,-0.9949166203726277,1.9035029671227348,6.749415555467005
163,2022,electronics,western,0,1,0,0,9999,-99,48.751287695389614,0.486969382595296,0.7332083173960795,0,-0.9949166203726277,1.961500178160709,7.3711931330965035
163,2023,electronics,western,0,1,0,0,9999,-99,50.740865489114306,0.44719782908268146,0.7332083173960795,0,-0.9949166203726277,1.822641982937725,5.7615208349502485
163,2024,electronics,western,0,1,0,0,9999,-99,52.8116394929169,0.5718005217050811,0.7332083173960795,0,-0.9949166203726277,1.9815382704193607,7.026974164709811
164,2016,textile,central,1,0,0,0,2020,-4,35.86879663286624,0.7681773381799675,0.43221783201737224,1,1.861854311380185,1.4903230716208904,4.618876934037198
164,2017,textile,central,1,0,0,0,2020,-3,37.33262999280284,0.6897323910124076,0.43221783201737224,1,1.861854311380185,1.4105738245140356,4.306024023877106
164,2018,textile,central,1,0,0,0,2020,-2,38.8562035254471,0.5894732391598618,0.43221783201737224,1,1.861854311380185,1.4932877412939143,4.460229911219475
164,2019,textile,central,1,0,0,0,2020,-1,40.441955273497605,0.7754920867284262,0.43221783201737224,1,1.861854311380185,1.5838073826860926,5.062633920087998
164,2020,textile,central,1,1,1,1,2020,0,42.092422778062975,0.658709308808705,0.43221783201737224,1,1.861854311380185,1.596151513704338,4.841966607585738
164,2021,textile,central,1,1,1,1,2020,1,43.810247139269045,0.6873919849453779,0.43221783201737224,1,1.861854311380185,1.7625807267076832,6.026479350032476
164,2022,textile,central,1,1,1,1,2020,2,45.59817724258247,0.6764490129993173,0.43221783201737224,1,1.861854311380185,1.6956268730327804,5.254027656595485
164,2023,textile,central,1,1,1,1,2020,3,47.459074157614,0.5701853284172629,0.43221783201737224,1,1.861854311380185,1.754369666409509,6.024794700007975
164,2024,textile,central,1,1,1,1,2020,4,49.3959157164402,0.7040857741815687,0.43221783201737224,1,1.861854311380185,1.852457368314717,6.693808170681696
165,2016,machinery,coastal,0,0,0,0,9999,-99,15.73987419839839,0.6785587955798743,0.317965045542927,0,1.7250455175235004,1.7184601024465493,5.74472457061748
165,2017,machinery,coastal,0,0,0,0,9999,-99,16.382230650125823,0.6840546713455399,0.317965045542927,0,1.7250455175235004,1.8272649837051396,6.386984858416311
165,2018,machinery,coastal,0,0,0,0,9999,-99,17.05080216595573,0.7671528751456023,0.317965045542927,0,1.7250455175235004,1.8289192939612622,6.31269555377358
165,2019,machinery,coastal,0,0,0,0,9999,-99,17.746658602949633,0.6018910247533814,0.317965045542927,0,1.7250455175235004,1.9130678496756925,7.162848582069512
165,2020,machinery,coastal,0,1,0,0,9999,-99,18.470913479864016,0.8609499736405879,0.317965045542927,0,1.7250455175235004,2.10433870015336,8.117464945147683
165,2021,machinery,coastal,0,1,0,0,9999,-99,19.224725759017886,0.6160948799447766,0.317965045542927,0,1.7250455175235004,2.014298281026382,7.464249465495659
165,2022,machinery,coastal,0,1,0,0,9999,-99,20.009301700879753,0.6360531596846194,0.317965045542927,0,1.7250455175235004,1.9959824559117643,7.052113511163704
165,2023,machinery,coastal,0,1,0,0,9999,-99,20.825896794341727,0.7934341219586436,0.317965045542927,0,1.7250455175235004,2.1224874553532906,8.167500351811068
165,2024,machinery,coastal,0,1,0,0,9999,-99,21.67581776576959,0.6996293024671538,0.317965045542927,0,1.7250455175235004,2.0683844841776717,7.950548577937314
166,2016,electronics,central,0,0,0,0,9999,-99,11.532386869809818,0.45538050977840067,0.6761759020741114,0,-0.5182262596725409,1.6235208243532073,5.008646792219764
166,2017,electronics,central,0,0,0,0,9999,-99,12.00303250625289,0.4174738779716354,0.6761759020741114,0,-0.5182262596725409,1.6920406759859032,5.354228151797056
166,2018,electronics,central,0,0,0,0,9999,-99,12.492885555489472,0.4774789109129896,0.6761759020741114,0,-0.5182262596725409,1.6236370370299196,5.179036439766722
166,2019,electronics,central,0,0,0,0,9999,-99,13.002729886905902,0.5885270046651443,0.6761759020741114,0,-0.5182262596725409,1.7076217455206215,5.632793636515149
166,2020,electronics,central,0,1,0,0,9999,-99,13.533381360205036,0.5372633373563243,0.6761759020741114,0,-0.5182262596725409,1.8130891738176864,6.3605128259744435
166,2021,electronics,central,0,1,0,0,9999,-99,14.085689130955839,0.41795590425259804,0.6761759020741114,0,-0.5182262596725409,1.698942929430302,5.456373606948779
166,2022,electronics,central,0,1,0,0,9999,-99,14.660537009423456,0.5265909481025723,0.6761759020741114,0,-0.5182262596725409,1.7293927127645417,5.784439202363774
166,2023,electronics,central,0,1,0,0,9999,-99,15.258844874854185,0.435610778778756,0.6761759020741114,0,-0.5182262596725409,1.7541867578022141,5.81992951376859
166,2024,electronics,central,0,1,0,0,9999,-99,15.881570147478541,0.6585618625905514,0.6761759020741114,0,-0.5182262596725409,1.8752435060051544,6.5144736762040125
167,2016,chemicals,western,0,0,0,0,9999,-99,21.448943816832895,0.4786199730428015,0.3151863009006998,0,-1.0997824506846166,1.1604966006829562,3.146983153574446
167,2017,chemicals,western,0,0,0,0,9999,-99,22.324291819606884,0.5536308176815773,0.3151863009006998,0,-1.0997824506846166,1.2625257462650417,3.526600446703931
167,2018,chemicals,western,0,0,0,0,9999,-99,23.23536345206184,0.4625471340975036,0.3151863009006998,0,-1.0997824506846166,1.3416092200832948,3.6770370012436047
167,2019,chemicals,western,0,0,0,0,9999,-99,24.183616623182008,0.4060974172984721,0.3151863009006998,0,-1.0997824506846166,1.2498344809295747,3.677279749086875
167,2020,chemicals,western,0,1,0,0,9999,-99,25.170568740345974,0.4278575369692678,0.3151863009006998,0,-1.0997824506846166,1.3993766509847543,4.0079901589267655
167,2021,chemicals,western,0,1,0,0,9999,-99,26.19779913750222,0.4474350732025132,0.3151863009006998,0,-1.0997824506846166,1.2909808980583701,3.604964149484925
167,2022,chemicals,western,0,1,0,0,9999,-99,27.266951602440365,0.583053715025671,0.3151863009006998,0,-1.0997824506846166,1.4340222096907973,4.35547231480373
167,2023,chemicals,western,0,1,0,0,9999,-99,28.379737007202333,0.6356643110258673,0.3151863009006998,0,-1.0997824506846166,1.5912747128441862,4.647786692176452
167,2024,chemicals,western,0,1,0,0,9999,-99,29.537936045842635,0.44695352878455274,0.3151863009006998,0,-1.0997824506846166,1.4976954350037863,4.558303147284639
168,2016,electronics,western,0,0,0,0,9999,-99,25.13081684801423,0.4270547521213269,0.4283817235549268,0,-0.6886564851002086,1.6943736415402075,5.5253236940897485
168,2017,electronics,western,0,0,0,0,9999,-99,26.156424939668806,0.45174331306626136,0.4283817235549268,0,-0.6886564851002086,1.6580317095537385,5.117277354276362
168,2018,electronics,western,0,0,0,0,9999,-99,27.22388889156178,0.5874711629807052,0.4283817235549268,0,-0.6886564851002086,1.674550615562602,5.200338712597245
168,2019,electronics,western,0,0,0,0,9999,-99,28.334916873753976,0.43392951092420756,0.4283817235549268,0,-0.6886564851002086,1.829588915976374,6.165213831521454
168,2020,electronics,western,0,1,0,0,9999,-99,29.49128676804884,0.34329644098338225,0.4283817235549268,0,-0.6886564851002086,1.7225132841278308,5.579004408068446
168,2021,electronics,western,0,1,0,0,9999,-99,30.694849012982647,0.4266737462724931,0.4283817235549268,0,-0.6886564851002086,1.869973823922963,6.4968179812977
168,2022,electronics,western,0,1,0,0,9999,-99,31.947529564920934,0.576290463796601,0.4283817235549268,0,-0.6886564851002086,1.7648111945378773,5.69805942584321
168,2023,electronics,western,0,1,0,0,9999,-99,33.25133297999957,0.5226099166690272,0.4283817235549268,0,-0.6886564851002086,1.9209779719022384,6.856869885508228
168,2024,electronics,western,0,1,0,0,9999,-99,34.60834562184225,0.3875176780420174,0.4283817235549268,0,-0.6886564851002086,1.9256733894890676,7.003696668523224
169,2016,electronics,coastal,1,0,0,0,2020,-4,32.89147591086869,0.5029352954959857,0.3027740160303106,0,-0.06508111482684045,1.9029380117828425,6.792180394203989
169,2017,electronics,coastal,1,0,0,0,2020,-3,34.23380250712153,0.6030970250107337,0.3027740160303106,0,-0.06508111482684045,1.9523430248531817,7.096776867561198
169,2018,electronics,coastal,1,0,0,0,2020,-2,35.63091049098649,0.5318216766147092,0.3027740160303106,0,-0.06508111482684045,1.9670317689213355,7.260416703312492
169,2019,electronics,coastal,1,0,0,0,2020,-1,37.08503553330333,0.4934606422152344,0.3027740160303106,0,-0.06508111482684045,1.9981811293532132,7.426501228424862
169,2020,electronics,coastal,1,1,1,1,2020,0,38.59850454436967,0.5774947474907399,0.3027740160303106,0,-0.06508111482684045,2.0615065564397796,8.257674939684904
169,2021,electronics,coastal,1,1,1,1,2020,1,40.173739397493804,0.5694356390163874,0.3027740160303106,0,-0.06508111482684045,2.1253815175829343,8.590847505769162
169,2022,electronics,coastal,1,1,1,1,2020,2,41.81326080450878,0.44990089233107355,0.3027740160303106,0,-0.06508111482684045,2.263889577575102,9.670261351956265
169,2023,electronics,coastal,1,1,1,1,2020,3,43.519692349449016,0.43198624627354126,0.3027740160303106,0,-0.06508111482684045,2.211923739725692,9.132767985982603
169,2024,electronics,coastal,1,1,1,1,2020,4,45.29576468684459,0.5058054560281107,0.3027740160303106,0,-0.06508111482684045,2.3366753286693407,9.819060309748155
170,2016,machinery,western,1,0,0,0,2020,-4,23.973513402321053,0.6581753657912216,0.2904485531150104,0,1.2812645994502474,1.6667761158471575,5.372905689804506
170,2017,machinery,western,1,0,0,0,2020,-3,24.95189104438137,0.7016269358861619,0.2904485531150104,0,1.2812645994502474,1.7625473076046736,5.882702565262478
170,2018,machinery,western,1,0,0,0,2020,-2,25.970197035466693,0.6532092437126337,0.2904485531150104,0,1.2812645994502474,1.7524917125774662,5.901508694152882
170,2019,machinery,western,1,0,0,0,2020,-1,27.030060882412958,0.6260285822677107,0.2904485531150104,0,1.2812645994502474,1.827903314838133,6.222688698675785
170,2020,machinery,western,1,1,1,1,2020,0,28.133178593491618,0.5659682137800823,0.2904485531150104,0,1.2812645994502474,1.9174208433127458,6.4928946209159815
170,2021,machinery,western,1,1,1,1,2020,1,29.281315392384734,0.6183172569463397,0.2904485531150104,0,1.2812645994502474,1.8463968213643798,6.457743174398714
170,2022,machinery,western,1,1,1,1,2020,2,30.476308542919448,0.7094387249324983,0.2904485531150104,0,1.2812645994502474,2.0289704343979866,8.03127629529652
170,2023,machinery,western,1,1,1,1,2020,3,31.720070289082084,0.7343021560472115,0.2904485531150104,0,1.2812645994502474,1.934137416083606,6.704358630555417
170,2024,machinery,western,1,1,1,1,2020,4,33.0145909150165,0.8058779802998479,0.2904485531150104,0,1.2812645994502474,2.1241939682836612,8.627783207672383
171,2016,electronics,central,0,0,0,0,9999,-99,42.20078606913697,0.44743195366349314,0.5259842482247036,0,-1.235428121415525,1.681202766838107,5.352487681068024
171,2017,electronics,central,0,0,0,0,9999,-99,43.9230328201458,0.45348335248705574,0.5259842482247036,0,-1.235428121415525,1.6371653617275796,5.726906270207372
171,2018,electronics,central,0,0,0,0,9999,-99,45.71556579441363,0.46373973827954573,0.5259842482247036,0,-1.235428121415525,1.736345232402254,5.860364539393935
171,2019,electronics,central,0,0,0,0,9999,-99,47.58125342712671,0.4291590429746066,0.5259842482247036,0,-1.235428121415525,1.6988113502894315,5.331654364486844
171,2020,electronics,central,0,1,0,0,9999,-99,49.52308121653198,0.3668336835542709,0.5259842482247036,0,-1.235428121415525,1.617524593599793,5.170176130522522
171,2021,electronics,central,0,1,0,0,9999,-99,51.54415650137116,0.3810802746755382,0.5259842482247036,0,-1.235428121415525,1.7173929686825575,5.314854008712328
171,2022,electronics,central,0,1,0,0,9999,-99,53.647713433285745,0.3874844255168391,0.5259842482247036,0,-1.235428121415525,1.6393565129494343,5.148805560740983
171,2023,electronics,central,0,1,0,0,9999,-99,55.837118152149515,0.5611032820596978,0.5259842482247036,0,-1.235428121415525,1.752326345395577,5.981873012450991
171,2024,electronics,central,0,1,0,0,9999,-99,58.115874172610596,0.4982815780318226,0.5259842482247036,0,-1.235428121415525,1.6934393588936336,5.199918945212825
172,2016,machinery,western,0,0,0,0,9999,-99,27.84852572784433,0.7094009533130732,0.5812202587796369,0,0.8819012157493104,1.754195576926869,5.882563718080139
172,2017,machinery,western,0,0,0,0,9999,-99,28.9850456229143,0.6191389791343237,0.5812202587796369,0,0.8819012157493104,1.7997267617178798,6.134017284227381
172,2018,machinery,western,0,0,0,0,9999,-99,30.167947774787127,0.6681813219184243,0.5812202587796369,0,0.8819012157493104,1.7554837683561022,5.822173694980009
172,2019,machinery,western,0,0,0,0,9999,-99,31.399125079271723,0.7041425678507212,0.5812202587796369,0,0.8819012157493104,1.7842505673033957,6.297133392704582
172,2020,machinery,western,0,1,0,0,9999,-99,32.68054768272044,0.5874458060139288,0.5812202587796369,0,0.8819012157493104,1.7755249346885382,5.96104222132564
172,2021,machinery,western,0,1,0,0,9999,-99,34.01426613468352,0.7002517666322237,0.5812202587796369,0,0.8819012157493104,2.001038681587233,7.635288341263239
172,2022,machinery,western,0,1,0,0,9999,-99,35.402414669225884,0.7041033269895604,0.5812202587796369,0,0.8819012157493104,1.9396084446217274,7.104991429260936
172,2023,machinery,western,0,1,0,0,9999,-99,36.84721462015695,0.6132165614339679,0.5812202587796369,0,0.8819012157493104,1.8693430733100445,6.509793588455441
172,2024,machinery,western,0,1,0,0,9999,-99,38.35097797563865,0.5850777254882062,0.5812202587796369,0,0.8819012157493104,1.9839416995493135,7.482304831899029
173,2016,machinery,coastal,0,0,0,0,9999,-99,27.387839461419002,0.2848289348404807,0.13778463490796258,0,-2.069656841450476,1.2652595968921345,3.6246099577869857
173,2017,machinery,coastal,0,0,0,0,9999,-99,28.50555839329635,0.3137757259108747,0.13778463490796258,0,-2.069656841450476,1.3598878723268353,3.9494788683361146
173,2018,machinery,coastal,0,0,0,0,9999,-99,29.66889230011311,0.397610632773516,0.13778463490796258,0,-2.069656841450476,1.3183447672015973,3.723736447644395
173,2019,machinery,coastal,0,0,0,0,9999,-99,30.87970276431131,0.2891031652363918,0.13778463490796258,0,-2.069656841450476,1.3898321489291008,4.079248835788754
173,2020,machinery,coastal,0,1,0,0,9999,-99,32.13992734095368,0.39973177316955455,0.13778463490796258,0,-2.069656841450476,1.3876193583556133,4.084417886746487
173,2021,machinery,coastal,0,1,0,0,9999,-99,33.45158265822511,0.2195442742269672,0.13778463490796258,0,-2.069656841450476,1.5280166707970764,4.404323084818504
173,2022,machinery,coastal,0,1,0,0,9999,-99,34.816767644467944,0.3108592294866375,0.13778463490796258,0,-2.069656841450476,1.5237407781816132,4.506485286485162
173,2023,machinery,coastal,0,1,0,0,9999,-99,36.23766688691517,0.29441561682222994,0.13778463490796258,0,-2.069656841450476,1.559769848961834,4.862724683405301
173,2024,machinery,coastal,0,1,0,0,9999,-99,37.71655412749605,0.5549854447015309,0.13778463490796258,0,-2.069656841450476,1.5958371798342093,4.89759441416925
174,2016,chemicals,western,1,0,0,0,2020,-4,40.042877222827464,0.8637543824133955,0.361382399546673,0,1.2136981128932969,1.4586201155364955,4.310796938801312
174,2017,chemicals,western,1,0,0,0,2020,-3,41.6770580431818,0.6311798571869697,0.361382399546673,0,1.2136981128932969,1.505640544692893,4.396160376653774
174,2018,chemicals,western,1,0,0,0,2020,-2,43.37793104798516,0.5695343218609566,0.361382399546673,0,1.2136981128932969,1.5443978393791769,4.7905680602000515
174,2019,chemicals,western,1,0,0,0,2020,-1,45.14821799691746,0.7215974056904586,0.361382399546673,0,1.2136981128932969,1.6603123606538988,5.223212419808882
174,2020,chemicals,western,1,1,1,1,2020,0,46.99075172677838,0.5830536793718096,0.361382399546673,0,1.2136981128932969,1.8022406620252358,6.128886205342625
174,2021,chemicals,western,1,1,1,1,2020,1,48.908480684630504,0.665158449703556,0.361382399546673,0,1.2136981128932969,1.797150089317511,5.945634670349175
174,2022,chemicals,western,1,1,1,1,2020,2,50.904473645943746,0.6027114471983726,0.361382399546673,0,1.2136981128932969,1.8165669061104224,6.131599936797194
174,2023,chemicals,western,1,1,1,1,2020,3,52.98192462529073,0.7752137456329704,0.361382399546673,0,1.2136981128932969,1.910831588604271,7.177369267853694
174,2024,chemicals,western,1,1,1,1,2020,4,55.14415798745161,0.5176486046633334,0.361382399546673,0,1.2136981128932969,1.953441613662831,7.115551465885683
175,2016,chemicals,central,0,0,0,0,9999,-99,17.726253591866357,0.44385551148078345,0.22968124838739656,0,-0.06196326538175875,1.815490895527108,5.868745934792701
175,2017,chemicals,central,0,0,0,0,9999,-99,18.449675724481025,0.4726661469939549,0.22968124838739656,0,-0.06196326538175875,1.7219258728541862,5.5695138098813555
175,2018,chemicals,central,0,0,0,0,9999,-99,19.202621274395607,0.4303274253288698,0.22968124838739656,0,-0.06196326538175875,1.8857805899549447,6.666091415686493
175,2019,chemicals,central,0,0,0,0,9999,-99,19.986295115126918,0.5196622049168593,0.22968124838739656,0,-0.06196326538175875,1.8300127873449903,6.168298324712565
175,2020,chemicals,central,0,1,0,0,9999,-99,20.801951292012795,0.6862650745915317,0.22968124838739656,0,-0.06196326538175875,1.9685976641520664,7.286499399867429
175,2021,chemicals,central,0,1,0,0,9999,-99,21.650895028952185,0.597322720706164,0.22968124838739656,0,-0.06196326538175875,1.8055041707507842,6.59473010078945
175,2022,chemicals,central,0,1,0,0,9999,-99,22.534484817041854,0.6056158012428546,0.22968124838739656,0,-0.06196326538175875,1.94496547226661,6.792926246483857
175,2023,chemicals,central,0,1,0,0,9999,-99,23.45413458845195,0.6295108080264775,0.22968124838739656,0,-0.06196326538175875,2.0691827252789508,8.096999310213333
175,2024,chemicals,central,0,1,0,0,9999,-99,24.411315979019147,0.4818722827112175,0.22968124838739656,0,-0.06196326538175875,2.014144809132114,7.410151204451588
176,2016,electronics,coastal,0,0,0,0,9999,-99,28.32778834423241,0.7278308522549399,0.1479458172071801,0,0.19974366116359193,1.4756637122823892,4.5245866991833426
176,2017,electronics,coastal,0,0,0,0,9999,-99,29.483867317718644,0.5428911780495724,0.1479458172071801,0,0.19974366116359193,1.5372724497357617,4.440191383045105
176,2018,electronics,coastal,0,0,0,0,9999,-99,30.6871267691404,0.5842489294427071,0.1479458172071801,0,0.19974366116359193,1.6061906614455759,5.240560243983616
176,2019,electronics,coastal,0,0,0,0,9999,-99,31.93949217032898,0.6058286749847684,0.1479458172071801,0,0.19974366116359193,1.6940533186512876,5.560405011868722
176,2020,electronics,coastal,0,1,0,0,9999,-99,33.24296757311183,0.5490855168517763,0.1479458172071801,0,0.19974366116359193,1.6671902594181223,5.352606071545559
176,2021,electronics,coastal,0,1,0,0,9999,-99,34.59963881622298,0.6298942221228824,0.1479458172071801,0,0.19974366116359193,1.6670616693916998,5.224067473245442
176,2022,electronics,coastal,0,1,0,0,9999,-99,36.011676863090045,0.6399984053460324,0.1479458172071801,0,0.19974366116359193,1.6014953378783507,4.84155964221369
176,2023,electronics,coastal,0,1,0,0,9999,-99,37.48134127583886,0.5369320992689292,0.1479458172071801,0,0.19974366116359193,1.6561995606986673,5.310500385972887
176,2024,electronics,coastal,0,1,0,0,9999,-99,39.01098383107497,0.6738227004133859,0.1479458172071801,0,0.19974366116359193,1.660758218456016,5.270573312225352
177,2016,chemicals,central,0,0,0,0,9999,-99,18.639929393734825,0.4329191912830817,0.2712866368734875,0,-0.1061260833173775,1.5882886726917969,5.0289633217544605
177,2017,chemicals,central,0,0,0,0,9999,-99,19.400639343184597,0.6237015422222136,0.2712866368734875,0,-0.1061260833173775,1.6402009053918054,5.076176883019326
177,2018,chemicals,central,0,0,0,0,9999,-99,20.192394454607268,0.794556796757075,0.2712866368734875,0,-0.1061260833173775,1.6157355237293582,5.140364349129149
177,2019,chemicals,central,0,0,0,0,9999,-99,21.01646170509788,0.5546088558501623,0.2712866368734875,0,-0.1061260833173775,1.6401531846277064,4.986990065918177
177,2020,chemicals,central,0,1,0,0,9999,-99,21.8741597780676,0.6625799413819902,0.2712866368734875,0,-0.1061260833173775,1.744924355679683,6.01359274858736
177,2021,chemicals,central,0,1,0,0,9999,-99,22.766861173418537,0.4416192666460089,0.2712866368734875,0,-0.1061260833173775,1.7073657862796348,5.455022413935575
177,2022,chemicals,central,0,1,0,0,9999,-99,23.695994403836373,0.6321187630548235,0.2712866368734875,0,-0.1061260833173775,1.6933618595928608,5.43761497679908
177,2023,chemicals,central,0,1,0,0,9999,-99,24.66304628071543,0.492751336551543,0.2712866368734875,0,-0.1061260833173775,1.856287190545192,6.231711183337185
177,2024,chemicals,central,0,1,0,0,9999,-99,25.669564293374133,0.5872480478814042,0.2712866368734875,0,-0.1061260833173775,1.8050992098125482,6.159098054345923
178,2016,electronics,coastal,1,0,0,0,2020,-4,17.67250377501497,0.7211953770120747,0.1556233747739271,0,0.9357416219144336,1.5447048796426022,4.818097331153573
178,2017,electronics,coastal,1,0,0,0,2020,-3,18.393732335991235,0.6918395237349003,0.1556233747739271,0,0.9357416219144336,1.6264334978208197,5.101589508255814
178,2018,electronics,coastal,1,0,0,0,2020,-2,19.144394792910603,0.6461793241230598,0.1556233747739271,0,0.9357416219144336,1.7300023260680124,5.481399165018315
178,2019,electronics,coastal,1,0,0,0,2020,-1,19.92569236585401,0.6009625490326364,0.1556233747739271,0,0.9357416219144336,1.6804650496502391,5.449250815940067
178,2020,electronics,coastal,1,1,1,1,2020,0,20.738875297623874,0.5694070766240471,0.1556233747739271,0,0.9357416219144336,1.7764623547771143,5.919302790103423
178,2021,electronics,coastal,1,1,1,1,2020,1,21.5852448543993,0.5701942424654727,0.1556233747739271,0,0.9357416219144336,1.8100421801301563,6.221126197012996
178,2022,electronics,coastal,1,1,1,1,2020,2,22.466155408039597,0.6922340545771237,0.1556233747739271,0,0.9357416219144336,2.0129471523243234,7.740875777347457
178,2023,electronics,coastal,1,1,1,1,2020,3,23.3830166033682,0.554236025364281,0.1556233747739271,0,0.9357416219144336,1.9123770301214478,6.8927477907558785
178,2024,electronics,coastal,1,1,1,1,2020,4,24.33729561390513,0.6037373689272512,0.1556233747739271,0,0.9357416219144336,2.1215264971622516,8.092162502461957
179,2016,chemicals,central,1,0,0,0,2020,-4,46.80444378112653,0.5902710730189159,0.2643232152831824,0,0.3713127340022489,1.7767642834154653,5.840712958725468
179,2017,chemicals,central,1,0,0,0,2020,-3,48.71456936747841,0.5973772584099055,0.2643232152831824,0,0.3713127340022489,1.8472680847099854,6.389947729891267
179,2018,chemicals,central,1,0,0,0,2020,-2,50.70264865781401,0.67217554710065,0.2643232152831824,0,0.3713127340022489,1.8260566138028065,6.670665397214292
179,2019,chemicals,central,1,0,0,0,2020,-1,52.771863003144055,0.6586458203073561,0.2643232152831824,0,0.3713127340022489,1.970422731881077,7.026894302412677
179,2020,chemicals,central,1,1,1,1,2020,0,54.92552358787701,0.564083263877335,0.2643232152831824,0,0.3713127340022489,1.9863540571426994,7.307946639712297
179,2021,chemicals,central,1,1,1,1,2020,1,57.167076728420554,0.548988462783348,0.2643232152831824,0,0.3713127340022489,2.084605445028097,8.469044192583958
179,2022,chemicals,central,1,1,1,1,2020,2,59.500109388023056,0.5135246004009045,0.2643232152831824,0,0.3713127340022489,2.2089241981745547,9.243876107634282
179,2023,chemicals,central,1,1,1,1,2020,3,61.92835491668006,0.46513921856842133,0.2643232152831824,0,0.3713127340022489,2.3265084605242885,10.482095606542655
179,2024,chemicals,central,1,1,1,1,2020,4,64.45569902529077,0.514855260544715,0.2643232152831824,0,0.3713127340022489,2.2350545638954,9.11319418099416
180,2016,electronics,central,1,0,0,0,2020,-4,38.831289534631274,0.7445064726626485,0.48661075640639806,0,1.6879348961254814,1.7358737788310719,5.705549119206328
180,2017,electronics,central,1,0,0,0,2020,-3,40.41602452342836,0.8037144538600262,0.48661075640639806,0,1.6879348961254814,1.785810452951767,5.976907460467359
180,2018,electronics,central,1,0,0,0,2020,-2,42.06543377400802,0.7689269836951692,0.48661075640639806,0,1.6879348961254814,1.7881712504075848,6.071436583532086
180,2019,electronics,central,1,0,0,0,2020,-1,43.782156693063925,0.6538137439973631,0.48661075640639806,0,1.6879348961254814,1.927534167421556,6.7242520528511704
180,2020,electronics,central,1,1,1,1,2020,0,45.568940403520315,0.7731320527217128,0.48661075640639806,0,1.6879348961254814,1.9345122397999581,7.069821120455774
180,2021,electronics,central,1,1,1,1,2020,1,47.42864414051478,0.7356440068335836,0.48661075640639806,0,1.6879348961254814,1.9892860419504224,7.641966924940511
180,2022,electronics,central,1,1,1,1,2020,2,49.36424382678446,0.549076515999763,0.48661075640639806,0,1.6879348961254814,2.0114174324090768,7.686455537409425
180,2023,electronics,central,1,1,1,1,2020,3,51.37883683477735,0.6968788408715164,0.48661075640639806,0,1.6879348961254814,2.105229427948984,7.750449009574694
180,2024,electronics,central,1,1,1,1,2020,4,53.47564694310902,0.504603981780911,0.48661075640639806,0,1.6879348961254814,2.242582128813418,9.626568106150556
181,2016,textile,central,0,0,0,0,9999,-99,30.31058692474933,0.462275071417344,0.14168166132704077,0,-1.7762514248647572,1.4653038566135042,4.438217187002352
181,2017,textile,central,0,0,0,0,9999,-99,31.54758544337403,0.4052664857023234,0.14168166132704077,0,-1.7762514248647572,1.5238435868640603,4.406663708458154
181,2018,textile,central,0,0,0,0,9999,-99,32.83506682921865,0.42967843671502304,0.14168166132704077,0,-1.7762514248647572,1.4825671641783904,4.398814710281132
181,2019,textile,central,0,0,0,0,9999,-99,34.17509132717786,0.4550651008754331,0.14168166132704077,0,-1.7762514248647572,1.5061818789451844,4.446856476693114
181,2020,textile,central,0,1,0,0,9999,-99,35.56980326233556,0.4154642169104138,0.14168166132704077,0,-1.7762514248647572,1.551762597001776,4.663176255502371
181,2021,textile,central,0,1,0,0,9999,-99,37.02143447134241,0.2859625208830621,0.14168166132704077,0,-1.7762514248647572,1.683819381280693,5.336477970017327
181,2022,textile,central,0,1,0,0,9999,-99,38.53230787383067,0.27525365060311496,0.14168166132704077,0,-1.7762514248647572,1.5715655254175023,4.836945040649372
181,2023,textile,central,0,1,0,0,9999,-99,40.10484118958115,0.5631001259445183,0.14168166132704077,0,-1.7762514248647572,1.6008425442967025,4.834884763261531
181,2024,textile,central,0,1,0,0,9999,-99,41.74155080739074,0.3358489199654897,0.14168166132704077,0,-1.7762514248647572,1.7280643469020867,5.499769249788236
182,2016,textile,western,0,0,0,0,9999,-99,42.76797664952571,0.36470036496548025,0.06877203348667585,0,-0.9050717651972533,1.0801517766983741,2.9406529130259007
182,2017,textile,western,0,0,0,0,9999,-99,44.513370887234835,0.5191587177951502,0.06877203348667585,0,-0.9050717651972533,1.1441825793764533,3.2433695118967134
182,2018,textile,western,0,0,0,0,9999,-99,46.329996015055805,0.5040891204870868,0.06877203348667585,0,-0.9050717651972533,1.1693509789211836,3.356080075818238
182,2019,textile,western,0,0,0,0,9999,-99,48.2207590207605,0.3667517493551701,0.06877203348667585,0,-0.9050717651972533,1.2204863362946123,3.466055043456526
182,2020,textile,western,0,1,0,0,9999,-99,50.188685528542315,0.47282155698353373,0.06877203348667585,0,-0.9050717651972533,1.3232780583870944,3.775836457734436
182,2021,textile,western,0,1,0,0,9999,-99,52.23692464066044,0.4114016119665819,0.06877203348667585,0,-0.9050717651972533,1.297085688979917,3.5458584212850277
182,2022,textile,western,0,1,0,0,9999,-99,54.36875397667523,0.3729762312310287,0.06877203348667585,0,-0.9050717651972533,1.300451514823455,3.728714467443906
182,2023,textile,western,0,1,0,0,9999,-99,56.587584918338834,0.4458488522276196,0.06877203348667585,0,-0.9050717651972533,1.2894159932131186,3.5353841660670446
182,2024,textile,western,0,1,0,0,9999,-99,58.89696806853376,0.4942207015137898,0.06877203348667585,0,-0.9050717651972533,1.2687689228426493,3.638912319488465
183,2016,chemicals,central,0,0,0,0,9999,-99,28.232052862573763,0.43825308419848047,0.06025785495032518,0,-1.3460252851356467,1.308750022740581,3.700804896891552
183,2017,chemicals,central,0,0,0,0,9999,-99,29.38422479693583,0.42092864694655346,0.06025785495032518,0,-1.3460252851356467,1.2476598915504835,3.3669247787942425
183,2018,chemicals,central,0,0,0,0,9999,-99,30.583417759941955,0.4840216663930094,0.06025785495032518,0,-1.3460252851356467,1.3218305616385098,3.6984066108284805
183,2019,chemicals,central,0,0,0,0,9999,-99,31.83155071617442,0.4118479823363629,0.06025785495032518,0,-1.3460252851356467,1.455068360673642,4.265148901255837
183,2020,chemicals,central,0,1,0,0,9999,-99,33.13062094464577,0.40302818312238825,0.06025785495032518,0,-1.3460252851356467,1.3326714905926627,3.779378084124676
183,2021,chemicals,central,0,1,0,0,9999,-99,34.48270723487131,0.33642483419066604,0.06025785495032518,0,-1.3460252851356467,1.4387305799756127,4.288466825323778
183,2022,chemicals,central,0,1,0,0,9999,-99,35.88997321337588,0.325775239211894,0.06025785495032518,0,-1.3460252851356467,1.5237397060493563,4.448899229961875
183,2023,chemicals,central,0,1,0,0,9999,-99,37.354670805957824,0.4314853879215861,0.06025785495032518,0,-1.3460252851356467,1.45240367142918,4.1323698033782925
183,2024,chemicals,central,0,1,0,0,9999,-99,38.879143841250766,0.4155941091245027,0.06025785495032518,0,-1.3460252851356467,1.6443621781510496,5.435471378326081
184,2016,chemicals,coastal,0,0,0,0,9999,-99,43.633961445713595,0.5393219885192403,0.13857019416136296,0,0.7177818645688048,1.8160900879943187,6.324865617690378
184,2017,chemicals,coastal,0,0,0,0,9999,-99,45.414697193393984,0.694355509470083,0.13857019416136296,0,0.7177818645688048,1.820519571328842,6.228782751503893
184,2018,chemicals,coastal,0,0,0,0,9999,-99,47.26810614556928,0.6645355087819275,0.13857019416136296,0,0.7177818645688048,1.987005688137766,7.261802336590093
184,2019,chemicals,coastal,0,0,0,0,9999,-99,49.19715415197795,0.5418019865261833,0.13857019416136296,0,0.7177818645688048,1.874568319113838,6.554470979855645
184,2020,chemicals,coastal,0,1,0,0,9999,-99,51.20492810098243,0.5402225518780388,0.13857019416136296,0,0.7177818645688048,1.8799945765026147,6.651514261114008
184,2021,chemicals,coastal,0,1,0,0,9999,-99,53.2946408592491,0.5913253184445794,0.13857019416136296,0,0.7177818645688048,1.9435676915114306,7.042300574562147
184,2022,chemicals,coastal,0,1,0,0,9999,-99,55.46963641302034,0.6698755233347107,0.13857019416136296,0,0.7177818645688048,2.063395522485856,8.103520440902003
184,2023,chemicals,coastal,0,1,0,0,9999,-99,57.73339521920599,0.577785199069303,0.13857019416136296,0,0.7177818645688048,2.0301461264268457,7.644181534400353
184,2024,chemicals,coastal,0,1,0,0,9999,-99,60.08953977485692,0.6683444902613122,0.13857019416136296,0,0.7177818645688048,2.031313865819961,7.698242236355768
185,2016,electronics,central,0,0,0,0,9999,-99,16.398716407483317,0.3227116116131781,0.22995760382852493,0,-1.687578142226891,1.6534297738693942,5.154891117200021
185,2017,electronics,central,0,0,0,0,9999,-99,17.06796071983413,0.41872952826764787,0.22995760382852493,0,-1.687578142226891,1.6456657168195137,5.378859383197249
185,2018,electronics,central,0,0,0,0,9999,-99,17.764517410695834,0.3677489538266934,0.22995760382852493,0,-1.687578142226891,1.775198624571879,5.779042739002209
185,2019,electronics,central,0,0,0,0,9999,-99,18.489501119380492,0.530457043310078,0.22995760382852493,0,-1.687578142226891,1.8241909047759857,6.229713647499256
185,2020,electronics,central,0,1,0,0,9999,-99,19.244071974493437,0.4399883977744924,0.22995760382852493,0,-1.687578142226891,1.6892049389584622,5.435082860345052
185,2021,electronics,central,0,1,0,0,9999,-99,20.029437450386556,0.38394102222344745,0.22995760382852493,0,-1.687578142226891,1.8142606110725448,6.2490005422884956
185,2022,electronics,central,0,1,0,0,9999,-99,20.846854299374844,0.32613647244958116,0.22995760382852493,0,-1.687578142226891,1.8669912911735234,6.815625379100316
185,2023,electronics,central,0,1,0,0,9999,-99,21.697630562808246,0.31479430356338,0.22995760382852493,0,-1.687578142226891,1.917073772901926,6.689108221052933
185,2024,electronics,central,0,1,0,0,9999,-99,22.583127664216878,0.4419842968961083,0.22995760382852493,0,-1.687578142226891,1.9449299585275586,6.51674473207959
186,2016,textile,central,1,0,0,0,2020,-4,22.399847483092895,0.8089333145779214,0.6984986746910504,0,2.4310237402665624,1.3193995352713874,3.6508382690259116
186,2017,textile,central,1,0,0,0,2020,-3,23.314002600669333,0.6252879285384928,0.6984986746910504,0,2.4310237402665624,1.382261106819579,4.020600766320701
186,2018,textile,central,1,0,0,0,2020,-2,24.265465096326004,0.8432576346218735,0.6984986746910504,0,2.4310237402665624,1.4903240054813556,4.335438988213922
186,2019,textile,central,1,0,0,0,2020,-1,25.25575751304544,0.8087774446720326,0.6984986746910504,0,2.4310237402665624,1.3975578119194336,4.174658534936328
186,2020,textile,central,1,1,1,1,2020,0,26.286464529968054,0.7086794346480074,0.6984986746910504,0,2.4310237402665624,1.5988471349341953,4.792838698845077
186,2021,textile,central,1,1,1,1,2020,1,27.3592354982168,0.8939223470789855,0.6984986746910504,0,2.4310237402665624,1.5919620475932441,5.004964677430547
186,2022,textile,central,1,1,1,1,2020,2,28.4757870802109,0.7121609051267607,0.6984986746910504,0,2.4310237402665624,1.6356393808557257,5.121726412803321
186,2023,textile,central,1,1,1,1,2020,3,29.63790599669191,0.6824872502307272,0.6984986746910504,0,2.4310237402665624,1.7768345832915515,5.7909061315445465
186,2024,textile,central,1,1,1,1,2020,4,30.847451885858135,0.8890254542345689,0.6984986746910504,0,2.4310237402665624,1.8152643509073185,6.081323077584642
187,2016,textile,coastal,1,0,0,0,2020,-4,28.355817614861934,0.41672382099087746,0.22130603268077242,0,0.09181969740981713,1.487718599839539,4.36443572889987
187,2017,textile,coastal,1,0,0,0,2020,-3,29.513040484582607,0.5320688949581022,0.22130603268077242,0,0.09181969740981713,1.6510294211037562,5.148863100781286
187,2018,textile,coastal,1,0,0,0,2020,-2,30.717490515529725,0.46297830833886894,0.22130603268077242,0,0.09181969740981713,1.6118102093830249,5.072456008884554
187,2019,textile,coastal,1,0,0,0,2020,-1,31.971095084715834,0.4379371621998371,0.22130603268077242,0,0.09181969740981713,1.863148470658777,6.710065426808373
187,2020,textile,coastal,1,1,1,1,2020,0,33.27586022690154,0.6146568480400368,0.22130603268077242,0,0.09181969740981713,1.8323148664248121,6.196672473726671
187,2021,textile,coastal,1,1,1,1,2020,1,34.633873844679094,0.4680863565568439,0.22130603268077242,0,0.09181969740981713,1.8764829382938852,6.575351663176734
187,2022,textile,coastal,1,1,1,1,2020,2,36.04730904956195,0.6230324550464104,0.22130603268077242,0,0.09181969740981713,1.847665159845558,6.001245087393891
187,2023,textile,coastal,1,1,1,1,2020,3,37.51842763942686,0.540816734485644,0.22130603268077242,0,0.09181969740981713,2.0146005786171193,7.598298437321904
187,2024,textile,coastal,1,1,1,1,2020,4,39.04958371787297,0.5915709923637826,0.22130603268077242,0,0.09181969740981713,2.0667223719136274,7.689345808022417
188,2016,electronics,coastal,1,0,0,0,2020,-4,15.282012209074221,0.6028269900041475,0.19632919736104204,0,1.2219020805456717,1.6787948702635678,5.31629935632319
188,2017,electronics,coastal,1,0,0,0,2020,-3,15.90568295854407,0.6488936433357508,0.19632919736104204,0,1.2219020805456717,1.6976894086578136,5.496401066319608
188,2018,electronics,coastal,1,0,0,0,2020,-2,16.55480619414093,0.6567421420578543,0.19632919736104204,0,1.2219020805456717,1.792710530579589,6.005489130933374
188,2019,electronics,coastal,1,0,0,0,2020,-1,17.230420651528764,0.6653375136654074,0.19632919736104204,0,1.2219020805456717,1.8100864827858028,5.764484658454419
188,2020,electronics,coastal,1,1,1,1,2020,0,17.93360745797817,0.6603728822509578,0.19632919736104204,0,1.2219020805456717,1.7948380069899066,6.125380757771992
188,2021,electronics,coastal,1,1,1,1,2020,1,18.665491862400643,0.614837949124501,0.19632919736104204,0,1.2219020805456717,1.9051943976508365,6.550036923873303
188,2022,electronics,coastal,1,1,1,1,2020,2,19.427245035986935,0.7813424173285992,0.19632919736104204,0,1.2219020805456717,2.0712693833892892,8.155049528662044
188,2023,electronics,coastal,1,1,1,1,2020,3,20.220085946330794,0.5708970983197383,0.19632919736104204,0,1.2219020805456717,2.124286398119654,8.129340156969308
188,2024,electronics,coastal,1,1,1,1,2020,4,21.045283308037185,0.6645830876732174,0.19632919736104204,0,1.2219020805456717,2.262734264461119,10.007771933684394
189,2016,textile,central,0,0,0,0,9999,-99,17.74082933924826,0.5113829026111041,0.0925522122063116,1,-0.96633046193759,1.6115631097199532,5.281466040562837
189,2017,textile,central,0,0,0,0,9999,-99,18.464846319398017,0.34686918481896595,0.0925522122063116,1,-0.96633046193759,1.7580109855320796,5.740681203396313
189,2018,textile,central,0,0,0,0,9999,-99,19.218410993036123,0.45036576028742314,0.0925522122063116,1,-0.96633046193759,1.7967115461680425,6.413929935977301
189,2019,textile,central,0,0,0,0,9999,-99,20.002729224409432,0.4775836953436652,0.0925522122063116,1,-0.96633046193759,1.773817302439462,5.837376078108171
189,2020,textile,central,0,1,0,0,9999,-99,20.81905609001829,0.4118235689528667,0.0925522122063116,1,-0.96633046193759,1.7796533179172223,6.0366362538231435
189,2021,textile,central,0,1,0,0,9999,-99,21.66869788700669,0.5447982620845787,0.0925522122063116,1,-0.96633046193759,1.9377413629981572,6.642720166045283
189,2022,textile,central,0,1,0,0,9999,-99,22.5530142235164,0.495465513453212,0.0925522122063116,1,-0.96633046193759,1.841264460604004,6.334546730731041
189,2023,textile,central,0,1,0,0,9999,-99,23.473420194350044,0.5656761859826734,0.0925522122063116,1,-0.96633046193759,1.9039143226587434,6.6339848660635194
189,2024,textile,central,0,1,0,0,9999,-99,24.431388645424715,0.2877458498082879,0.0925522122063116,1,-0.96633046193759,1.8862061289508827,6.832700173253731
190,2016,machinery,western,1,0,0,0,2020,-4,13.77569397663059,0.4526407257847164,0.19347596055719715,1,0.19632501834577373,1.495191841857343,4.4515185292163135
190,2017,machinery,western,1,0,0,0,2020,-3,14.337890712854303,0.516890469978428,0.19347596055719715,1,0.19632501834577373,1.5660794191959746,4.64741157079576
190,2018,machinery,western,1,0,0,0,2020,-2,14.923031133131742,0.5343296395945983,0.19347596055719715,1,0.19632501834577373,1.5515557518743248,4.7465186155550425
190,2019,machinery,western,1,0,0,0,2020,-1,15.53205158697196,0.4779436611478193,0.19347596055719715,1,0.19632501834577373,1.6876732396400431,5.445428517047949
190,2020,machinery,western,1,1,1,1,2020,0,16.1659266370324,0.6467946981572384,0.19347596055719715,1,0.19632501834577373,1.7923817985230677,6.04187663491104
190,2021,machinery,western,1,1,1,1,2020,1,16.82567061862704,0.5947838181019518,0.19347596055719715,1,0.19632501834577373,1.8957749264309696,6.5984007922369585
190,2022,machinery,western,1,1,1,1,2020,2,17.51233926287933,0.4077091183866258,0.19347596055719715,1,0.19632501834577373,1.9170657672500353,6.830252131420327
190,2023,machinery,western,1,1,1,1,2020,3,18.227031386117194,0.511493622149184,0.19347596055719715,1,0.19632501834577373,1.9014615052116877,6.734082071649705
190,2024,machinery,western,1,1,1,1,2020,4,18.970890648213597,0.5025362402577521,0.19347596055719715,1,0.19632501834577373,1.9901354177836195,7.1574123646011465
191,2016,electronics,western,1,0,0,0,2020,-4,32.355325743630615,0.6857125666164164,0.39327455679050155,0,0.6242483831223093,1.8440012534019812,6.429962515892941
191,2017,electronics,western,1,0,0,0,2020,-3,33.67577163647509,0.6493181110182406,0.39327455679050155,0,0.6242483831223093,1.7373556783660171,6.013812877310479
191,2018,electronics,western,1,0,0,0,2020,-2,35.05010594848571,0.6741086011139429,0.39327455679050155,0,0.6242483831223093,1.786328061985996,5.904292663682092
191,2019,electronics,western,1,0,0,0,2020,-1,36.480527907768646,0.5012735861006528,0.39327455679050155,0,0.6242483831223093,1.8576965476873366,6.2244922414100525
191,2020,electronics,western,1,1,1,1,2020,0,37.96932649463171,0.5845608225975547,0.39327455679050155,0,0.6242483831223093,1.955729180232892,7.302123576224022
191,2021,electronics,western,1,1,1,1,2020,1,39.518884104441184,0.5913841495590471,0.39327455679050155,0,0.6242483831223093,1.9998820720612933,7.642757805135589
191,2022,electronics,western,1,1,1,1,2020,2,41.131680359962694,0.4512613022993857,0.39327455679050155,0,0.6242483831223093,2.093913562610401,7.999591108578425
191,2023,electronics,western,1,1,1,1,2020,3,42.810296079286616,0.7023068278381966,0.39327455679050155,0,0.6242483831223093,2.1630460185012996,8.509585823684292
191,2024,electronics,western,1,1,1,1,2020,4,44.55741740568767,0.680164113236666,0.39327455679050155,0,0.6242483831223093,2.1334612860638966,8.118595128594029
192,2016,machinery,coastal,0,0,0,0,9999,-99,19.481119390569418,0.4325481668675906,0.08961810777429963,0,-0.7063390441048022,1.8083504206176004,5.973789889605573
192,2017,machinery,coastal,0,0,0,0,9999,-99,20.2761589550329,0.5855598545754925,0.08961810777429963,0,-0.7063390441048022,1.9310572348024717,6.979070469963664
192,2018,machinery,coastal,0,0,0,0,9999,-99,21.103644699635723,0.4255480037668938,0.08961810777429963,0,-0.7063390441048022,1.928998998834913,6.821791955783191
192,2019,machinery,coastal,0,0,0,0,9999,-99,21.964900778108944,0.40961799477499367,0.08961810777429963,0,-0.7063390441048022,1.9337359991678185,6.970949039890394
192,2020,machinery,coastal,0,1,0,0,9999,-99,22.861305383922563,0.47480915074175667,0.08961810777429963,0,-0.7063390441048022,1.9349052902781971,6.974027596117874
192,2021,machinery,coastal,0,1,0,0,9999,-99,23.794292955689055,0.41942102705491846,0.08961810777429963,0,-0.7063390441048022,1.9995794457914857,7.262314974233879
192,2022,machinery,coastal,0,1,0,0,9999,-99,24.765356472571217,0.5753783471871913,0.08961810777429963,0,-0.7063390441048022,2.0188370131379423,7.437426085882998
192,2023,machinery,coastal,0,1,0,0,9999,-99,25.776049843367318,0.42586831921908974,0.08961810777429963,0,-0.7063390441048022,2.104878522207913,8.016745720698978
192,2024,machinery,coastal,0,1,0,0,9999,-99,26.827990393096727,0.5937050884364813,0.08961810777429963,0,-0.7063390441048022,2.111672240149417,8.238087717847211
193,2016,machinery,coastal,1,0,0,0,2020,-4,26.991256969146274,0.5828508620117677,0.12204081538726659,0,-0.22776088182381646,1.5424732927594769,4.502173430513299
193,2017,machinery,coastal,1,0,0,0,2020,-3,28.092791062482828,0.529063737801617,0.12204081538726659,0,-0.22776088182381646,1.5844327303418522,4.99472326947747
193,2018,machinery,coastal,1,0,0,0,2020,-2,29.23927961496776,0.5336334986899377,0.12204081538726659,0,-0.22776088182381646,1.6527046671039312,5.249493868513202
193,2019,machinery,coastal,1,0,0,0,2020,-1,30.432557252882308,0.6390030222254586,0.12204081538726659,0,-0.22776088182381646,1.7323806944411286,5.860464130240698
193,2020,machinery,coastal,1,1,1,1,2020,0,31.674533475026614,0.46864100305589795,0.12204081538726659,0,-0.22776088182381646,1.765707566807952,5.8088243555645045
193,2021,machinery,coastal,1,1,1,1,2020,1,32.967195708325164,0.47913730782433356,0.12204081538726659,0,-0.22776088182381646,1.771339647172866,5.701028242630851
193,2022,machinery,coastal,1,1,1,1,2020,2,34.312612488133894,0.5383503067231452,0.12204081538726659,0,-0.22776088182381646,1.8486844546517534,6.337367253283415
193,2023,machinery,coastal,1,1,1,1,2020,3,35.71293676833805,0.516607961528921,0.12204081538726659,0,-0.22776088182381646,1.9167031866072946,7.092732669391117
193,2024,machinery,coastal,1,1,1,1,2020,4,37.17040936653773,0.5744481036801178,0.12204081538726659,0,-0.22776088182381646,1.8739713566653209,6.576074656396741
194,2016,machinery,western,1,0,0,0,2020,-4,30.236547893911634,0.6117403746299118,0.25087351063467517,0,1.5573786115139585,1.9791016336540377,6.9464709656574675
194,2017,machinery,western,1,0,0,0,2020,-3,31.470524822367395,0.7293124267126972,0.25087351063467517,0,1.5573786115139585,1.8990092205601843,6.792857859029006
194,2018,machinery,western,1,0,0,0,2020,-2,32.75486130460898,0.7483392833466348,0.25087351063467517,0,1.5573786115139585,2.0193225959859213,7.383071083266126
194,2019,machinery,western,1,0,0,0,2020,-1,34.09161255301437,0.6319248943439771,0.25087351063467517,0,1.5573786115139585,1.9737320048821247,7.539069130307611
194,2020,machinery,western,1,1,1,1,2020,0,35.48291765476983,0.6294396451750415,0.25087351063467517,0,1.5573786115139585,2.037222809159321,7.598581637571603
194,2021,machinery,western,1,1,1,1,2020,1,36.93100299486574,0.7732791377650037,0.25087351063467517,0,1.5573786115139585,2.1784278399052064,8.973196103034729
194,2022,machinery,western,1,1,1,1,2020,2,38.43818581878762,0.7421172388724682,0.25087351063467517,0,1.5573786115139585,2.2403992897675873,9.372063634861924
194,2023,machinery,western,1,1,1,1,2020,3,40.006877940603225,0.796539304208962,0.25087351063467517,0,1.5573786115139585,2.282119159817835,10.0605370332598
194,2024,machinery,western,1,1,1,1,2020,4,41.63958960237962,0.7824918789155987,0.25087351063467517,0,1.5573786115139585,2.318653499927052,9.649890086576471
195,2016,textile,central,0,0,0,0,9999,-99,22.328867005425952,0.5595375036099811,0.6543638511555456,1,1.266394550546226,1.1328247964936216,3.2370473671492284
195,2017,textile,central,0,0,0,0,9999,-99,23.24012535475626,0.7229237704566333,0.6543638511555456,1,1.266394550546226,1.053978987735498,2.913609554367346
195,2018,textile,central,0,0,0,0,9999,-99,24.188572862812013,0.7917928335072122,0.6543638511555456,1,1.266394550546226,1.19111293074356,3.1770363694876558
195,2019,textile,central,0,0,0,0,9999,-99,25.175727247952363,0.7305410957411106,0.6543638511555456,1,1.266394550546226,1.252101630773409,3.363437019849247
195,2020,textile,central,0,1,0,0,9999,-99,26.203168167797703,0.5097693198717383,0.6543638511555456,1,1.266394550546226,1.0887656157950278,3.030201275316532
195,2021,textile,central,0,1,0,0,9999,-99,27.27253974701887,0.7595511041093914,0.6543638511555456,1,1.266394550546226,1.298889938438878,3.716408780493237
195,2022,textile,central,0,1,0,0,9999,-99,28.38555320828739,0.5593053931719454,0.6543638511555456,1,1.266394550546226,1.3019259627563278,3.6416551972221805
195,2023,textile,central,0,1,0,0,9999,-99,29.543989610596824,0.6732445764670957,0.6543638511555456,1,1.266394550546226,1.251475515166414,3.6120849446184193
195,2024,textile,central,0,1,0,0,9999,-99,30.74970269933716,0.5716457263002108,0.6543638511555456,1,1.266394550546226,1.3760646613630412,4.006221509179711
196,2016,machinery,western,0,0,0,0,9999,-99,24.203434167456884,0.6701265658962632,0.21705828567938296,0,0.5789632304188695,1.6538711505142323,4.946652002388478
196,2017,machinery,western,0,0,0,0,9999,-99,25.1911950539453,0.6538225541293734,0.21705828567938296,0,0.5789632304188695,1.6979681226030263,5.423109961176122
196,2018,machinery,western,0,0,0,0,9999,-99,26.21926722692827,0.738987398658788,0.21705828567938296,0,0.5789632304188695,1.760554145309621,5.8068940025004165
196,2019,machinery,western,0,0,0,0,9999,-99,27.289295821216324,0.3856278860288447,0.21705828567938296,0,0.5789632304188695,1.8293836013770852,6.432624670417119
196,2020,machinery,western,0,1,0,0,9999,-99,28.40299311084527,0.5765843322182214,0.21705828567938296,0,0.5789632304188695,1.8418055166386575,6.420040221882829
196,2021,machinery,western,0,1,0,0,9999,-99,29.562141249079932,0.6477033234771972,0.21705828567938296,0,0.5789632304188695,1.9428967257933247,6.781549018334678
196,2022,machinery,western,0,1,0,0,9999,-99,30.76859512023962,0.6009450138485032,0.21705828567938296,0,0.5789632304188695,1.8662694405332871,6.214432911953165
196,2023,machinery,western,0,1,0,0,9999,-99,32.024285307908734,0.5921259669761034,0.21705828567938296,0,0.5789632304188695,1.8832095898565546,6.7473564513453175
196,2024,machinery,western,0,1,0,0,9999,-99,33.33122118428242,0.5786368708998955,0.21705828567938296,0,0.5789632304188695,1.999863451893819,7.2015225205423095
197,2016,chemicals,central,1,0,0,0,2020,-4,25.46736879606458,0.8229603665238077,0.23429975585541266,0,1.9713634474361386,1.352128536030766,3.6565736955389907
197,2017,chemicals,central,1,0,0,0,2020,-3,26.506711833275045,0.7605103575195149,0.23429975585541266,0,1.9713634474361386,1.3563231147309711,3.797700433343316
197,2018,chemicals,central,1,0,0,0,2020,-2,27.58847126448554,0.7732784826952557,0.23429975585541266,0,1.9713634474361386,1.4158406469636011,3.9011403805594353
197,2019,chemicals,central,1,0,0,0,2020,-1,28.71437813557365,0.7286882021050144,0.23429975585541266,0,1.9713634474361386,1.5585572817317326,4.508849056572447
197,2020,chemicals,central,1,1,1,1,2020,0,29.886234137739397,0.5563495250601614,0.23429975585541266,0,1.9713634474361386,1.5944283929554937,4.886113627818986
197,2021,chemicals,central,1,1,1,1,2020,1,31.105914490595524,0.6415775672351711,0.23429975585541266,0,1.9713634474361386,1.5753839498475444,4.965697455453438
197,2022,chemicals,central,1,1,1,1,2020,2,32.375370942918956,0.5989875251768895,0.23429975585541266,0,1.9713634474361386,1.4798358338589037,4.150687965900457
197,2023,chemicals,central,1,1,1,1,2020,3,33.69663489586522,0.6862795746841228,0.23429975585541266,0,1.9713634474361386,1.7407393359688335,5.583371200155505
197,2024,chemicals,central,1,1,1,1,2020,4,35.071820653643734,0.6872860275110572,0.23429975585541266,0,1.9713634474361386,1.7770455610170983,5.55909795412014
198,2016,electronics,coastal,0,0,0,0,9999,-99,28.945801120049666,0.34704691804461696,0.36808048183322584,0,-1.9458009982242521,1.666740924799532,5.278382480565974
198,2017,electronics,coastal,0,0,0,0,9999,-99,30.12710167337779,0.33548863495186454,0.36808048183322584,0,-1.9458009982242521,1.680310189244514,5.367450157069598
198,2018,electronics,coastal,0,0,0,0,9999,-99,31.356612016841137,0.43990612808508756,0.36808048183322584,0,-1.9458009982242521,1.8480701775744328,6.590290168187057
198,2019,electronics,coastal,0,0,0,0,9999,-99,32.63629962929877,0.4678159419927733,0.36808048183322584,0,-1.9458009982242521,1.7801306802168961,5.895224326935628
198,2020,electronics,coastal,0,1,0,0,9999,-99,33.9682122839452,0.42329463710811854,0.36808048183322584,0,-1.9458009982242521,1.829829094664821,6.081420307871706
198,2021,electronics,coastal,0,1,0,0,9999,-99,35.354481325184395,0.31680674598296665,0.36808048183322584,0,-1.9458009982242521,1.8693542501882108,6.561818998094057
198,2022,electronics,coastal,0,1,0,0,9999,-99,36.797325079235506,0.3155683498067777,0.36808048183322584,0,-1.9458009982242521,1.7996702337872146,5.936004740247552
198,2023,electronics,coastal,0,1,0,0,9999,-99,38.29905240392809,0.36702295359354065,0.36808048183322584,0,-1.9458009982242521,1.8106419245953864,6.268801156320774
198,2024,electronics,coastal,0,1,0,0,9999,-99,39.86206638336724,0.22822672872614155,0.36808048183322584,0,-1.9458009982242521,1.9024109736291426,6.684960515986946
199,2016,electronics,central,0,0,0,0,9999,-99,43.50321678684112,0.5419783441320771,0.11212690117098832,1,0.2912334661918878,1.8652442172723265,6.254248338818571
199,2017,electronics,central,0,0,0,0,9999,-99,45.27861674377141,0.6848920105169551,0.11212690117098832,1,0.2912334661918878,1.9795211309032772,7.197602288501944
199,2018,electronics,central,0,0,0,0,9999,-99,47.126472147445156,0.6139374297913047,0.11212690117098832,1,0.2912334661918878,2.052991283088469,8.166441488593083
199,2019,electronics,central,0,0,0,0,9999,-99,49.049739960738414,0.5383091558227037,0.11212690117098832,1,0.2912334661918878,2.0516746908174515,7.379242598361551
199,2020,electronics,central,0,1,0,0,9999,-99,51.05149782247147,0.3978932106483578,0.11212690117098832,1,0.2912334661918878,2.0967934195744724,8.259322395285068
199,2021,electronics,central,0,1,0,0,9999,-99,53.134948972287546,0.5980819165685389,0.11212690117098832,1,0.2912334661918878,2.0439895494660942,7.5951404977301245
199,2022,electronics,central,0,1,0,0,9999,-99,55.30342737651965,0.5746211351415178,0.11212690117098832,1,0.2912334661918878,2.048930980040686,7.674684885412238
199,2023,electronics,central,0,1,0,0,9999,-99,57.560403063247925,0.4790226529918764,0.11212690117098832,1,0.2912334661918878,2.094593271816222,8.20737007593978
199,2024,electronics,central,0,1,0,0,9999,-99,59.909487675084996,0.4834502342510376,0.11212690117098832,1,0.2912334661918878,2.141752108003835,8.596195502781972
200,2016,machinery,central,1,0,0,0,2020,-4,14.708009001657322,0.5462246123698077,0.5097246635520867,0,-0.3813695736548731,1.6724266038594036,5.378129167561926
200,2017,machinery,central,1,0,0,0,2020,-3,15.308254235843572,0.43675796917548243,0.5097246635520867,0,-0.3813695736548731,1.5865965562968163,5.101112572968156
200,2018,machinery,central,1,0,0,0,2020,-2,15.932995942742256,0.5004203497151856,0.5097246635520867,0,-0.3813695736548731,1.6992585084782237,5.3684278784776005
200,2019,machinery,central,1,0,0,0,2020,-1,16.583233842369747,0.5614733159442511,0.5097246635520867,0,-0.3813695736548731,1.8136895310738614,6.273934161890313
200,2020,machinery,central,1,1,1,1,2020,0,17.26000845409027,0.3257083948813989,0.5097246635520867,0,-0.3813695736548731,1.8523225523890237,6.67604174069958
200,2021,machinery,central,1,1,1,1,2020,1,17.964402761668858,0.38357374556100887,0.5097246635520867,0,-0.3813695736548731,1.776130470541209,5.889732105440658
200,2022,machinery,central,1,1,1,1,2020,2,18.697543946276443,0.5362771320178417,0.5097246635520867,0,-0.3813695736548731,1.9757913115423469,7.136081003522244
200,2023,machinery,central,1,1,1,1,2020,3,19.460605190220186,0.5734255855905895,0.5097246635520867,0,-0.3813695736548731,2.0002295815882096,7.5008219583843205
200,2024,machinery,central,1,1,1,1,2020,4,20.25480755428548,0.5067605344335503,0.5097246635520867,0,-0.3813695736548731,1.992396047248494,7.13418924467692
201,2016,textile,western,1,0,0,0,2020,-4,24.942103116241423,0.5349309302241132,0.23647183912564532,0,1.4237354863531166,1.4572223847209425,4.128043610789178
201,2017,textile,western,1,0,0,0,2020,-3,25.960009654401613,0.765808522114818,0.23647183912564532,0,1.4237354863531166,1.5449267687446526,5.039567378491034
201,2018,textile,western,1,0,0,0,2020,-2,27.01945774643962,0.5763555094273052,0.23647183912564532,0,1.4237354863531166,1.583127924479611,5.390315162748555
201,2019,textile,western,1,0,0,0,2020,-1,28.122142735330343,0.6874420404880692,0.23647183912564532,0,1.4237354863531166,1.5773087321872779,4.7617703584492235
201,2020,textile,western,1,1,1,1,2020,0,29.269829152308017,0.6874895301574069,0.23647183912564532,0,1.4237354863531166,1.7999618393618286,5.87695075690047
201,2021,textile,western,1,1,1,1,2020,1,30.46435354049264,0.7032442452106746,0.23647183912564532,0,1.4237354863531166,1.8795156826480104,6.156927269525087
201,2022,textile,western,1,1,1,1,2020,2,31.70762739375077,0.5243638885707967,0.23647183912564532,0,1.4237354863531166,1.799575405749102,6.161371347074131
201,2023,textile,western,1,1,1,1,2020,3,33.00164021549352,0.7106225591074087,0.23647183912564532,0,1.4237354863531166,1.954246180887555,6.927828786265402
201,2024,textile,western,1,1,1,1,2020,4,34.34846270230646,0.7461881413615725,0.23647183912564532,0,1.4237354863531166,1.949398051856504,6.908150231524686
202,2016,textile,coastal,0,0,0,0,9999,-99,14.072504191892044,0.5424989958429246,0.31431883884961903,0,1.109873081113947,1.1776534490930446,3.170650805540871
202,2017,textile,coastal,0,0,0,0,9999,-99,14.646813982788787,0.6167134747769162,0.31431883884961903,0,1.109873081113947,1.3015921276422882,3.7422047120460857
202,2018,textile,coastal,0,0,0,0,9999,-99,15.244561800878296,0.7106164028331908,0.31431883884961903,0,1.109873081113947,1.4092311427911481,4.121655901816334
202,2019,textile,coastal,0,0,0,0,9999,-99,15.866704170195847,0.568571940791659,0.31431883884961903,0,1.109873081113947,1.4526050119467362,4.223115959233106
202,2020,textile,coastal,0,1,0,0,9999,-99,16.514236651263133,0.6673580714104945,0.31431883884961903,0,1.109873081113947,1.3852459455539619,4.033501425567208
202,2021,textile,coastal,0,1,0,0,9999,-99,17.188195434197496,0.7229478086077842,0.31431883884961903,0,1.109873081113947,1.3983755224159482,3.9068186413936585
202,2022,textile,coastal,0,1,0,0,9999,-99,17.889658996837166,0.5697166599905042,0.31431883884961903,0,1.109873081113947,1.4730127600065681,4.391569920701149
202,2023,textile,coastal,0,1,0,0,9999,-99,18.619749830535913,0.7619270144126982,0.31431883884961903,0,1.109873081113947,1.5107388763314002,4.29527093025283
202,2024,textile,coastal,0,1,0,0,9999,-99,19.379636236388677,0.5036063585433592,0.31431883884961903,0,1.109873081113947,1.3988559523558746,4.166743650199352
203,2016,electronics,coastal,0,0,0,0,9999,-99,45.588616218252966,0.6160733646572741,0.08108271923824571,0,1.1694408117065498,1.9747677026383397,6.925877797856189
203,2017,electronics,coastal,0,0,0,0,9999,-99,47.44912294047953,0.5926605012997095,0.08108271923824571,0,1.1694408117065498,1.9484836358613107,7.04181474893677
203,2018,electronics,coastal,0,0,0,0,9999,-99,49.38555838243032,0.758954339713976,0.08108271923824571,0,1.1694408117065498,1.9116884309114197,6.872687519563863
203,2019,electronics,coastal,0,0,0,0,9999,-99,51.401021253940684,0.6528380716292005,0.08108271923824571,0,1.1694408117065498,2.1802982690553336,9.263613236930595
203,2020,electronics,coastal,0,1,0,0,9999,-99,53.4987367255934,0.728231084150655,0.08108271923824571,0,1.1694408117065498,2.0914767386945217,8.030296083327585
203,2021,electronics,coastal,0,1,0,0,9999,-99,55.68206158967963,0.5627622757903322,0.08108271923824571,0,1.1694408117065498,2.085136034928284,7.682973293553733
203,2022,electronics,coastal,0,1,0,0,9999,-99,57.95448963178269,0.7202410475081144,0.08108271923824571,0,1.1694408117065498,2.1572714955264263,8.72486245918404
203,2023,electronics,coastal,0,1,0,0,9999,-99,60.31965722158048,0.7004349262780946,0.08108271923824571,0,1.1694408117065498,2.135150559431431,8.410878711044738
203,2024,electronics,coastal,0,1,0,0,9999,-99,62.78134913181267,0.608045510765464,0.08108271923824571,0,1.1694408117065498,2.2119265019046717,9.116778705850303
204,2016,textile,central,0,0,0,0,9999,-99,10.636089114860825,0.6037635239149162,0.5637210487849824,0,-0.5968783814731936,1.4434834633137454,4.269096289303421
204,2017,textile,central,0,0,0,0,9999,-99,11.070156146017528,0.4638317752604067,0.5637210487849824,0,-0.5968783814731936,1.6125979186748212,5.088600931536041
204,2018,textile,central,0,0,0,0,9999,-99,11.52193778876713,0.5354270578106091,0.5637210487849824,0,-0.5968783814731936,1.7200797615583607,5.559024058217188
204,2019,textile,central,0,0,0,0,9999,-99,11.992156990123249,0.5685154746662496,0.5637210487849824,0,-0.5968783814731936,1.7064948708316066,5.630694420192668
204,2020,textile,central,0,1,0,0,9999,-99,12.481566201126839,0.42632956417636403,0.5637210487849824,0,-0.5968783814731936,1.7242189013182838,5.439130943111165
204,2021,textile,central,0,1,0,0,9999,-99,12.990948580928372,0.5013678060638121,0.5637210487849824,0,-0.5968783814731936,1.6580177264759546,5.143934892794722
204,2022,textile,central,0,1,0,0,9999,-99,13.521119250009566,0.4572677255823841,0.5637210487849824,0,-0.5968783814731936,1.7454303274078493,5.961135825585398
204,2023,textile,central,0,1,0,0,9999,-99,14.072926594550058,0.4866848963789068,0.5637210487849824,0,-0.5968783814731936,1.8041234416070662,6.2040922506789755
204,2024,textile,central,0,1,0,0,9999,-99,14.647253624026298,0.5416884101491545,0.5637210487849824,0,-0.5968783814731936,1.8829998423565613,6.8906640775134065
205,2016,textile,coastal,0,0,0,0,9999,-99,25.806917071321223,0.494019271099429,0.2691420720896846,0,0.561565772768342,1.4405860792451584,4.165206252907329
205,2017,textile,coastal,0,0,0,0,9999,-99,26.860117336520602,0.5255201379243123,0.2691420720896846,0,0.561565772768342,1.5233972678155554,4.607035173336948
205,2018,textile,coastal,0,0,0,0,9999,-99,27.9562995199224,0.5215938676162992,0.2691420720896846,0,0.561565772768342,1.5319105995723925,4.626781518478189
205,2019,textile,coastal,0,0,0,0,9999,-99,29.097217746884724,0.5842794537010266,0.2691420720896846,0,0.561565772768342,1.5606757638817386,4.717076186659343
205,2020,textile,coastal,0,1,0,0,9999,-99,30.284697729979587,0.5988907527468644,0.2691420720896846,0,0.561565772768342,1.6758099189276676,5.380493310706215
205,2021,textile,coastal,0,1,0,0,9999,-99,31.520639690522515,0.6176054599523431,0.2691420720896846,0,0.561565772768342,1.5896597783584219,4.89201153810609
205,2022,textile,coastal,0,1,0,0,9999,-99,32.80702139933206,0.6990770593214193,0.2691420720896846,0,0.561565772768342,1.5934269355615789,5.043357856792992
205,2023,textile,coastal,0,1,0,0,9999,-99,34.145901341585045,0.5085597550621705,0.2691420720896846,0,0.561565772768342,1.6116619170373896,4.765097340636096
205,2024,textile,coastal,0,1,0,0,9999,-99,35.53942201083204,0.49914522763261465,0.2691420720896846,0,0.561565772768342,1.6585696133059533,5.315850324200071
206,2016,textile,central,1,0,0,0,2020,-4,19.922469584646965,0.6135173604495796,0.14987085843089165,0,1.0802441062855197,1.6696955712361299,4.940006221181795
206,2017,textile,central,1,0,0,0,2020,-3,20.735520992220714,0.5171719471190517,0.14987085843089165,0,1.0802441062855197,1.7931019931041345,5.795694783400878
206,2018,textile,central,1,0,0,0,2020,-2,21.58175365719576,0.7005716760471536,0.14987085843089165,0,1.0802441062855197,1.7953872457182471,5.8677794546830935
206,2019,textile,central,1,0,0,0,2020,-1,22.462521732375325,0.524276906718705,0.14987085843089165,0,1.0802441062855197,1.8872059859518024,6.680170988611941
206,2020,textile,central,1,1,1,1,2020,0,23.379234634586908,0.7686180314681605,0.14987085843089165,0,1.0802441062855197,1.85493483863245,6.1875252988854434
206,2021,textile,central,1,1,1,1,2020,1,24.333359300049896,0.626691192225736,0.14987085843089165,0,1.0802441062855197,2.0143271934833766,7.4124553961456146
206,2022,textile,central,1,1,1,1,2020,2,25.326422531786484,0.693317595024038,0.14987085843089165,0,1.0802441062855197,1.9791496816199454,7.186881758096533
206,2023,textile,central,1,1,1,1,2020,3,26.360013442832233,0.7470742391314035,0.14987085843089165,0,1.0802441062855197,2.1055198590406983,8.06876221322012
206,2024,textile,central,1,1,1,1,2020,4,27.435785999155982,0.5495724111108116,0.14987085843089165,0,1.0802441062855197,2.118232414464867,8.1186614211727
207,2016,electronics,western,1,0,0,0,2020,-4,18.574760497160966,0.6511132900217552,0.3761329666151853,0,1.2973186871061995,2.172872225685834,8.479656922445045
207,2017,electronics,western,1,0,0,0,2020,-3,19.332810853488294,0.7916462922050426,0.3761329666151853,0,1.2973186871061995,2.2231079902861897,9.344363355895087
207,2018,electronics,western,1,0,0,0,2020,-2,20.12179783173416,0.7828306048235014,0.3761329666151853,0,1.2973186871061995,2.3474469787227297,9.963467375051891
207,2019,electronics,western,1,0,0,0,2020,-1,20.94298397938995,0.7424452973614537,0.3761329666151853,0,1.2973186871061995,2.327709002948442,10.723966974200671
207,2020,electronics,western,1,1,1,1,2020,0,21.797683369487636,0.7552821472009663,0.3761329666151853,0,1.2973186871061995,2.3472357020873864,10.497419091942467
207,2021,electronics,western,1,1,1,1,2020,1,22.687263703396972,0.7424781712854112,0.3761329666151853,0,1.2973186871061995,2.4218940324765486,11.030915670817734
207,2022,electronics,western,1,1,1,1,2020,2,23.613148499439472,0.71727977272947,0.3761329666151853,0,1.2973186871061995,2.463779755403916,11.776506865066517
207,2023,electronics,western,1,1,1,1,2020,3,24.576819370821426,0.6232453738825522,0.3761329666151853,0,1.2973186871061995,2.604200659017537,13.38265821503368
207,2024,electronics,western,1,1,1,1,2020,4,25.579818396531135,0.6015072894844895,0.3761329666151853,0,1.2973186871061995,2.6188832988219763,13.782970401038076
208,2016,electronics,central,0,0,0,0,9999,-99,32.897109695531675,0.4628626885981777,0.2932756759322218,0,-0.9264017953683134,1.475011564698346,4.198423160405988
208,2017,electronics,central,0,0,0,0,9999,-99,34.23966621089824,0.37299274629432577,0.2932756759322218,0,-0.9264017953683134,1.4487997427734165,4.313145848747248
208,2018,electronics,central,0,0,0,0,9999,-99,35.63701349705396,0.5673118258903994,0.2932756759322218,0,-0.9264017953683134,1.6606996688738678,5.28707933759013
208,2019,electronics,central,0,0,0,0,9999,-99,37.09138760777332,0.5362434851466509,0.2932756759322218,0,-0.9264017953683134,1.6224236883076346,4.98564332988802
208,2020,electronics,central,0,1,0,0,9999,-99,38.6051158519165,0.3453107737708691,0.2932756759322218,0,-0.9264017953683134,1.643428467042351,5.41749739714246
208,2021,electronics,central,0,1,0,0,9999,-99,40.180620517620056,0.6340245029210244,0.2932756759322218,0,-0.9264017953683134,1.6881044439528021,5.44501937733628
208,2022,electronics,central,0,1,0,0,9999,-99,41.82042274847469,0.5025138236929421,0.2932756759322218,0,-0.9264017953683134,1.6544672641984235,5.147956168312357
208,2023,electronics,central,0,1,0,0,9999,-99,43.5271465778929,0.5358277960692255,0.2932756759322218,0,-0.9264017953683134,1.7901561669614703,6.133924271136858
208,2024,electronics,central,0,1,0,0,9999,-99,45.30352312812228,0.41024480049881773,0.2932756759322218,0,-0.9264017953683134,1.6512417309426928,5.21171556672761
209,2016,chemicals,central,0,0,0,0,9999,-99,30.329526612047797,0.46532292445768864,0.32266072083233766,0,-0.6832383355983688,1.3170856763410357,3.6593100730298302
209,2017,chemicals,central,0,0,0,0,9999,-99,31.567298073974108,0.5952311641065247,0.32266072083233766,0,-0.6832383355983688,1.2755482560352618,3.728898202511808
209,2018,chemicals,central,0,0,0,0,9999,-99,32.85558394753488,0.6156301311005409,0.32266072083233766,0,-0.6832383355983688,1.4099966225622564,4.361930844566292
209,2019,chemicals,central,0,0,0,0,9999,-99,34.19644576497678,0.528056489220218,0.32266072083233766,0,-0.6832383355983688,1.5023148041568761,4.239335840080702
209,2020,chemicals,central,0,1,0,0,9999,-99,35.5920291912735,0.434883659966612,0.32266072083233766,0,-0.6832383355983688,1.2782951280859125,3.6292248952212316
209,2021,chemicals,central,0,1,0,0,9999,-99,37.04456745764745,0.30320153822871054,0.32266072083233766,0,-0.6832383355983688,1.430779134463598,4.2449504923951915
209,2022,chemicals,central,0,1,0,0,9999,-99,38.556384935216194,0.5464295024043272,0.32266072083233766,0,-0.6832383355983688,1.4704596522509574,4.398535228425239
209,2023,chemicals,central,0,1,0,0,9999,-99,40.1299008544821,0.6311464639284436,0.32266072083233766,0,-0.6832383355983688,1.493688979958957,4.311702514479968
209,2024,chemicals,central,0,1,0,0,9999,-99,41.7676331766173,0.6646330299991074,0.32266072083233766,0,-0.6832383355983688,1.516541233705076,4.601824555512557
210,2016,chemicals,western,1,0,0,0,2020,-4,15.674601809514131,0.5805316390513954,0.28064435698625945,0,0.24520679228586564,1.1451311749606423,3.224856853060637
210,2017,chemicals,western,1,0,0,0,2020,-3,16.314294444517813,0.4846149171690669,0.28064435698625945,0,0.24520679228586564,1.2195490030324148,3.475452084208745
210,2018,chemicals,western,1,0,0,0,2020,-2,16.980093431201166,0.4770705950250482,0.28064435698625945,0,0.24520679228586564,1.2608058702528808,3.5228256478351123
210,2019,chemicals,western,1,0,0,0,2020,-1,17.673064189987567,0.3924000607666114,0.28064435698625945,0,0.24520679228586564,1.3296199484394797,3.7840479949558414
210,2020,chemicals,western,1,1,1,1,2020,0,18.394315621932734,0.5895055284971901,0.28064435698625945,0,0.24520679228586564,1.4249417383628216,4.001149961627469
210,2021,chemicals,western,1,1,1,1,2020,1,19.145001883202948,0.5196614196129613,0.28064435698625945,0,0.24520679228586564,1.4431296904827025,4.104520335072299
210,2022,chemicals,western,1,1,1,1,2020,2,19.926324231971194,0.6354359983261425,0.28064435698625945,0,0.24520679228586564,1.4169549138566206,4.181344525361921
210,2023,chemicals,western,1,1,1,1,2020,3,20.73953295068648,0.438499302813315,0.28064435698625945,0,0.24520679228586564,1.6050643468728318,4.906349176232785
210,2024,chemicals,western,1,1,1,1,2020,4,21.585929346792543,0.6461054504479519,0.28064435698625945,0,0.24520679228586564,1.5984113567117204,4.795267533875414
211,2016,electronics,central,0,0,0,0,9999,-99,29.421727522414322,0.5593978588716705,0.41467865763749484,0,1.3948633430516792,1.6812808610666854,5.428148257498652
211,2017,electronics,central,0,0,0,0,9999,-99,30.622451000681547,0.773986411041503,0.41467865763749484,0,1.3948633430516792,1.805166676051945,6.32140967342044
211,2018,electronics,central,0,0,0,0,9999,-99,31.872176933687836,0.6286101597752454,0.41467865763749484,0,1.3948633430516792,1.859743907850847,6.1886808505912
211,2019,electronics,central,0,0,0,0,9999,-99,33.17290514954841,0.5890619836771567,0.41467865763749484,0,1.3948633430516792,1.9133506935991107,6.924222282868656
211,2020,electronics,central,0,1,0,0,9999,-99,34.52671709091215,0.6261055410043673,0.41467865763749484,0,1.3948633430516792,2.004941564386827,7.287060125496926
211,2021,electronics,central,0,1,0,0,9999,-99,35.93577914571383,0.8137689070299086,0.41467865763749484,0,1.3948633430516792,1.9150264301379019,6.669015753313758
211,2022,electronics,central,0,1,0,0,9999,-99,37.40234611385709,0.7193279161759882,0.41467865763749484,0,1.3948633430516792,2.0407796562560967,7.603416792794838
211,2023,electronics,central,0,1,0,0,9999,-99,38.92876481537527,0.6927894498286303,0.41467865763749484,0,1.3948633430516792,1.951118549816053,6.6656091929582795
211,2024,electronics,central,0,1,0,0,9999,-99,40.517477845844134,0.6409312339522267,0.41467865763749484,0,1.3948633430516792,2.1934453934219587,8.903855958706442
212,2016,machinery,western,0,0,0,0,9999,-99,27.216041162526675,0.5864529610062238,0.3142587975356708,0,0.6202848512143311,1.2144474860269594,3.3641437283355864
212,2017,machinery,western,0,0,0,0,9999,-99,28.326748872821295,0.5873472140753686,0.3142587975356708,0,0.6202848512143311,1.3200435030619664,3.702269812078613
212,2018,machinery,western,0,0,0,0,9999,-99,29.482785424674496,0.6708520672051572,0.3142587975356708,0,0.6202848512143311,1.399238438765197,4.147746957155144
212,2019,machinery,western,0,0,0,0,9999,-99,30.68600072320352,0.4490062486479751,0.3142587975356708,0,0.6202848512143311,1.4531848154336622,4.134761436559579
212,2020,machinery,western,0,1,0,0,9999,-99,31.93832016958564,0.6324457216204761,0.3142587975356708,0,0.6202848512143311,1.5277486143384644,4.686649981959881
212,2021,machinery,western,0,1,0,0,9999,-99,33.241747742110796,0.60929293632995,0.3142587975356708,0,0.6202848512143311,1.4104397036121603,4.200216827359425
212,2022,machinery,western,0,1,0,0,9999,-99,34.59836920297441,0.5489376792385807,0.3142587975356708,0,0.6202848512143311,1.5207477472493907,4.467609503077118
212,2023,machinery,western,0,1,0,0,9999,-99,36.010355435941875,0.7212070174578565,0.3142587975356708,0,0.6202848512143311,1.506379566855177,4.614015512202695
212,2024,machinery,western,0,1,0,0,9999,-99,37.479965920225744,0.6337152329302308,0.3142587975356708,0,0.6202848512143311,1.517772806948941,4.638321897559052
213,2016,electronics,central,1,0,0,0,2020,-4,17.21003145927434,0.6533310938766923,0.48920395266303895,0,1.3758040096289033,2.20213968287096,9.386004993475023
213,2017,electronics,central,1,0,0,0,2020,-3,17.912386167002683,0.76104769949699,0.48920395266303895,0,1.3758040096289033,2.3381489298437264,10.37712026985585
213,2018,electronics,central,1,0,0,0,2020,-2,18.64340451411109,0.5973950142021281,0.48920395266303895,0,1.3758040096289033,2.2984952514316386,10.391153227941215
213,2019,electronics,central,1,0,0,0,2020,-1,19.404256285913828,0.7345708707495171,0.48920395266303895,0,1.3758040096289033,2.4325688999439308,10.985309343972485
213,2020,electronics,central,1,1,1,1,2020,0,20.196159007569488,0.7527713429853548,0.48920395266303895,0,1.3758040096289033,2.3559776657453004,10.451507930538897
213,2021,electronics,central,1,1,1,1,2020,1,21.020379892380973,0.6950063301540281,0.48920395266303895,0,1.3758040096289033,2.5105004747113675,11.677111888775894
213,2022,electronics,central,1,1,1,1,2020,2,21.87823786960715,0.6093742429384678,0.48920395266303895,0,1.3758040096289033,2.643568356368618,14.452954092872044
213,2023,electronics,central,1,1,1,1,2020,3,22.771105695031043,0.7681437859942658,0.48920395266303895,0,1.3758040096289033,2.619343960357489,14.371528225684056
213,2024,electronics,central,1,1,1,1,2020,4,23.700412147661964,0.5019999546325398,0.48920395266303895,0,1.3758040096289033,2.5714078490396988,13.514973846329639
214,2016,machinery,central,0,0,0,0,9999,-99,12.548984505683823,0.48537444386274686,0.14531167622352947,0,-1.9524656227512907,1.125119931079189,2.9879778622043434
214,2017,machinery,central,0,0,0,0,9999,-99,13.061118278689063,0.45917397905908663,0.14531167622352947,0,-1.9524656227512907,1.1780230813947021,3.1215354704769402
214,2018,machinery,central,0,0,0,0,9999,-99,13.59415262746072,0.44195667905709135,0.14531167622352947,0,-1.9524656227512907,1.1080798387415933,3.080587594203404
214,2019,machinery,central,0,0,0,0,9999,-99,14.148940520676879,0.35039864292515654,0.14531167622352947,0,-1.9524656227512907,1.27735418675119,3.937476359813445
214,2020,machinery,central,0,1,0,0,9999,-99,14.726369737327754,0.3449812681636306,0.14531167622352947,0,-1.9524656227512907,1.2009906055665671,3.393109864231359
214,2021,machinery,central,0,1,0,0,9999,-99,15.327364287351458,0.3488544685376252,0.14531167622352947,0,-1.9524656227512907,1.2825605673609066,3.43403049473476
214,2022,machinery,central,0,1,0,0,9999,-99,15.952885890247034,0.47172721056169076,0.14531167622352947,0,-1.9524656227512907,1.312901455390473,3.5188116940393543
214,2023,machinery,central,0,1,0,0,9999,-99,16.60393551403084,0.41300123543653044,0.14531167622352947,0,-1.9524656227512907,1.2778949326891729,3.561313502332513
214,2024,machinery,central,0,1,0,0,9999,-99,17.28155497699893,0.3531176469996658,0.14531167622352947,0,-1.9524656227512907,1.4080863552718548,4.356103245454459
215,2016,electronics,coastal,1,0,0,0,2020,-4,34.01088104801412,0.31953153790661903,0.1032509819130964,1,-0.271635815206322,1.9274854569908482,6.960932177508851
215,2017,electronics,coastal,1,0,0,0,2020,-3,35.3988914345488,0.4599002386792168,0.1032509819130964,1,-0.271635815206322,1.9491110576103396,6.980324761075943
215,2018,electronics,coastal,1,0,0,0,2020,-2,36.84354759954504,0.5417351357085274,0.1032509819130964,1,-0.271635815206322,2.0093245520531826,7.5964056586991004
215,2019,electronics,coastal,1,0,0,0,2020,-1,38.34716130107658,0.4293297739229477,0.1032509819130964,1,-0.271635815206322,2.061813114244728,7.804759596788381
215,2020,electronics,coastal,1,1,1,1,2020,0,39.9121386418539,0.531308620286305,0.1032509819130964,1,-0.271635815206322,2.2262400906993527,9.016084046678984
215,2021,electronics,coastal,1,1,1,1,2020,1,41.5409839195019,0.5250213319911288,0.1032509819130964,1,-0.271635815206322,2.1816635783452245,8.543739526029187
215,2022,electronics,coastal,1,1,1,1,2020,2,43.236303633970316,0.5207530179893142,0.1032509819130964,1,-0.271635815206322,2.24421488855906,9.498159974240917
215,2023,electronics,coastal,1,1,1,1,2020,3,45.00081065848981,0.578198957436843,0.1032509819130964,1,-0.271635815206322,2.3155187234087253,9.680202093257257
215,2024,electronics,coastal,1,1,1,1,2020,4,46.837328580747865,0.43640275294960507,0.1032509819130964,1,-0.271635815206322,2.402845059852367,10.98119282039593
216,2016,electronics,coastal,1,0,0,0,2020,-4,32.585434858438504,0.682614106369315,0.22836681892694177,0,0.49884179382339655,1.6484588902879291,5.074055718488556
216,2017,electronics,coastal,1,0,0,0,2020,-3,33.91527168240701,0.47781401819898317,0.22836681892694177,0,0.49884179382339655,1.617781790055905,4.992280907863082
216,2018,electronics,coastal,1,0,0,0,2020,-2,35.299380176711225,0.6317552836529008,0.22836681892694177,0,0.49884179382339655,1.7901594575628406,6.177309389327696
216,2019,electronics,coastal,1,0,0,0,2020,-1,36.739975210234256,0.5855404688558512,0.22836681892694177,0,0.49884179382339655,1.8288359949133806,6.329111845751077
216,2020,electronics,coastal,1,1,1,1,2020,0,38.23936204237307,0.5964571021162475,0.22836681892694177,0,0.49884179382339655,1.8836715888219677,6.61374864796404
216,2021,electronics,coastal,1,1,1,1,2020,1,39.79994001194533,0.528227969570073,0.22836681892694177,0,0.49884179382339655,1.9011786588078368,6.936793056745521
216,2022,electronics,coastal,1,1,1,1,2020,2,41.42420637664343,0.4158028189959093,0.22836681892694177,0,0.49884179382339655,2.0032943692528047,7.96118028532197
216,2023,electronics,coastal,1,1,1,1,2020,3,43.11476030917951,0.6760726006688756,0.22836681892694177,0,0.49884179382339655,2.099170278665394,7.913532114467865
216,2024,electronics,coastal,1,1,1,1,2020,4,44.874307056516386,0.49394618564455406,0.22836681892694177,0,0.49884179382339655,1.9599211478192509,7.2237457404089325
217,2016,electronics,central,1,0,0,0,2020,-4,30.11510359846508,0.6458431900238475,0.1548718560718655,0,0.26958425504687444,1.7450539721331741,5.851682647989954
217,2017,electronics,central,1,0,0,0,2020,-3,31.344124291202416,0.5853472531485135,0.1548718560718655,0,0.26958425504687444,1.7594469366262175,5.672871182931009
217,2018,electronics,central,1,0,0,0,2020,-2,32.623302269908834,0.6850817832607315,0.1548718560718655,0,0.26958425504687444,1.7737489471500416,6.100884463969827
217,2019,electronics,central,1,0,0,0,2020,-1,33.954684492256106,0.5705358179210089,0.1548718560718655,0,0.26958425504687444,1.7802127346309125,6.082545379688146
217,2020,electronics,central,1,1,1,1,2020,0,35.340401453843356,0.6711520124801623,0.1548718560718655,0,0.26958425504687444,1.9269973476403466,7.13359927203955
217,2021,electronics,central,1,1,1,1,2020,1,36.78267059744451,0.6442525119309909,0.1548718560718655,0,0.26958425504687444,1.9099393430039886,6.916326018775479
217,2022,electronics,central,1,1,1,1,2020,2,38.28379986138981,0.6545907858004812,0.1548718560718655,0,0.26958425504687444,2.0355463265298837,7.754050320214328
217,2023,electronics,central,1,1,1,1,2020,3,39.84619137275957,0.5644963834719086,0.1548718560718655,0,0.26958425504687444,2.0311408125977612,7.953402146933232
217,2024,electronics,central,1,1,1,1,2020,4,41.47234529129995,0.5906367627222971,0.1548718560718655,0,0.26958425504687444,2.158954247222727,8.4591010060918
218,2016,chemicals,coastal,0,0,0,0,9999,-99,18.941243740966794,0.46071202653081467,0.31606122050973146,0,-1.891317018637908,1.6039077328212394,4.722458040689371
218,2017,chemicals,coastal,0,0,0,0,9999,-99,19.714250562202377,0.42906009833531544,0.31606122050973146,0,-1.891317018637908,1.5972285024350354,4.900951751910888
218,2018,chemicals,coastal,0,0,0,0,9999,-99,20.51880439026858,0.4561498425653462,0.31606122050973146,0,-1.891317018637908,1.6760639055188702,5.219059543514754
218,2019,chemicals,coastal,0,0,0,0,9999,-99,21.356192682937618,0.38198876570083384,0.31606122050973146,0,-1.891317018637908,1.655349425198338,5.243107843274875
218,2020,chemicals,coastal,0,1,0,0,9999,-99,22.227755440130117,0.35110880233381814,0.31606122050973146,0,-1.891317018637908,1.7812266529318543,5.826116763853745
218,2021,chemicals,coastal,0,1,0,0,9999,-99,23.134887348200895,0.33863215646150446,0.31606122050973146,0,-1.891317018637908,1.8426266656455208,6.573561288851783
218,2022,chemicals,coastal,0,1,0,0,9999,-99,24.079040011734662,0.49810381344401994,0.31606122050973146,0,-1.891317018637908,1.8478773992747883,6.4506431313813755
218,2023,chemicals,coastal,0,1,0,0,9999,-99,25.061724276423046,0.4106251409934626,0.31606122050973146,0,-1.891317018637908,1.9435816245134852,7.016996688486005
218,2024,chemicals,coastal,0,1,0,0,9999,-99,26.08451264674004,0.43925852966387613,0.31606122050973146,0,-1.891317018637908,1.8381852630238484,6.442831525152841
219,2016,textile,coastal,1,0,0,0,2020,-4,40.93478715729372,0.4869675976666667,0.11866067030793077,0,1.100879062559077,1.6228391984711905,5.003443443096353
219,2017,textile,coastal,1,0,0,0,2020,-3,42.605367512583506,0.583723363988859,0.11866067030793077,0,1.100879062559077,1.560867482630279,4.707491663939893
219,2018,textile,coastal,1,0,0,0,2020,-2,44.34412554552327,0.5892407899402272,0.11866067030793077,0,1.100879062559077,1.7834788646150859,5.9930532490266755
219,2019,textile,coastal,1,0,0,0,2020,-1,46.15384363992053,0.7290219032955261,0.11866067030793077,0,1.100879062559077,1.7822705316620022,5.850546645213242
219,2020,textile,coastal,1,1,1,1,2020,0,48.037417730820124,0.7218236902196485,0.11866067030793077,0,1.100879062559077,1.8941749459086283,6.659796648730556
219,2021,textile,coastal,1,1,1,1,2020,1,49.99786193861805,0.6613421591000729,0.11866067030793077,0,1.100879062559077,2.014356018662917,7.719815798313257
219,2022,textile,coastal,1,1,1,1,2020,2,52.03831339229719,0.6434758248490717,0.11866067030793077,0,1.100879062559077,1.9989954125239893,7.297730186027859
219,2023,textile,coastal,1,1,1,1,2020,3,54.16203724950296,0.6476836525918549,0.11866067030793077,0,1.100879062559077,2.045450648919436,7.645109133771439
219,2024,textile,coastal,1,1,1,1,2020,4,56.37243192149215,0.6385458741172533,0.11866067030793077,0,1.100879062559077,2.1207904949023497,8.575674499633383
220,2016,electronics,central,1,0,0,0,2020,-4,109.95677840893146,0.6020547650686618,0.18038448673341684,0,0.3453340596986565,2.107571660866498,7.86578630966526
220,2017,electronics,central,1,0,0,0,2020,-3,114.44419966350083,0.3998554438656281,0.18038448673341684,0,0.3453340596986565,2.0617428414359185,7.756666181646671
220,2018,electronics,central,1,0,0,0,2020,-2,119.11475605359657,0.5867004006072051,0.18038448673341684,0,0.3453340596986565,2.2200344985793556,9.286160522136353
220,2019,electronics,central,1,0,0,0,2020,-1,123.9759214658813,0.5774330864930429,0.18038448673341684,0,0.3453340596986565,2.204228094312148,9.247715365278415
220,2020,electronics,central,1,1,1,1,2020,0,129.03547480211864,0.38672189250385236,0.18038448673341684,0,0.3453340596986565,2.1811114105760674,8.764357704819023
220,2021,electronics,central,1,1,1,1,2020,1,134.3015124270755,0.6407664409800271,0.18038448673341684,0,0.3453340596986565,2.183566034909047,8.765781480255935
220,2022,electronics,central,1,1,1,1,2020,2,139.7824611244331,0.5900645600278815,0.18038448673341684,0,0.3453340596986565,2.295319787804517,9.745307280557874
220,2023,electronics,central,1,1,1,1,2020,3,145.48709158143862,0.6224646183013662,0.18038448673341684,0,0.3453340596986565,2.484115182635379,12.270422899609335
220,2024,electronics,central,1,1,1,1,2020,4,151.42453242387603,0.6305912685519575,0.18038448673341684,0,0.3453340596986565,2.487088453400529,11.830814911175935
221,2016,machinery,central,0,0,0,0,9999,-99,25.662907406396027,0.5415386117143297,0.13905985345112595,0,-0.46651205752338687,2.1558460791249097,8.83037171988412
221,2017,machinery,central,0,0,0,0,9999,-99,26.71023052567862,0.42211311442911714,0.13905985345112595,0,-0.46651205752338687,2.1014606817877275,8.065228359712163
221,2018,machinery,central,0,0,0,0,9999,-99,27.80029571228873,0.5617517038723677,0.13905985345112595,0,-0.46651205752338687,2.3217243705658146,9.804710544801392
221,2019,machinery,central,0,0,0,0,9999,-99,28.934847303084563,0.639638738772312,0.13905985345112595,0,-0.46651205752338687,2.2996736354551683,9.920122379367035
221,2020,machinery,central,0,1,0,0,9999,-99,30.11570082266198,0.40623321890143427,0.13905985345112595,0,-0.46651205752338687,2.4833734905455063,11.667686776686562
221,2021,machinery,central,0,1,0,0,9999,-99,31.34474588858116,0.45518295708258766,0.13905985345112595,0,-0.46651205752338687,2.3762661755394983,11.219099287812535
221,2022,machinery,central,0,1,0,0,9999,-99,32.62394923515783,0.3993091561707156,0.13905985345112595,0,-0.46651205752338687,2.4321279235441735,11.258106025176064
221,2023,machinery,central,0,1,0,0,9999,-99,33.95535786065779,0.43131859498975766,0.13905985345112595,0,-0.46651205752338687,2.441572635554909,10.959186454258035
221,2024,machinery,central,0,1,0,0,9999,-99,35.341102302930835,0.5334758119397949,0.13905985345112595,0,-0.46651205752338687,2.4657136830588477,11.481505390582472
222,2016,machinery,coastal,1,0,0,0,2020,-4,30.231212741570815,0.826720671590698,0.06440704790817985,0,1.197754308544923,1.8733949083819106,6.531532921634548
222,2017,machinery,coastal,1,0,0,0,2020,-3,31.46497193832911,0.6958303709566682,0.06440704790817985,0,1.197754308544923,1.9761237388416133,7.281750569304455
222,2018,machinery,coastal,1,0,0,0,2020,-2,32.7490818030741,0.6672952316727716,0.06440704790817985,0,1.197754308544923,1.9586174598730137,7.034158677940785
222,2019,machinery,coastal,1,0,0,0,2020,-1,34.0855971855474,0.5954351367264796,0.06440704790817985,0,1.197754308544923,2.0092611859904883,7.345656231687417
222,2020,machinery,coastal,1,1,1,1,2020,0,35.47665679549948,0.5833431863031299,0.06440704790817985,0,1.197754308544923,2.089803984328625,7.950888615284918
222,2021,machinery,coastal,1,1,1,1,2020,1,36.924486625081464,0.6136831863804664,0.06440704790817985,0,1.197754308544923,2.0598496908710264,7.922061465487137
222,2022,machinery,coastal,1,1,1,1,2020,2,38.43140351090752,0.45241852667765536,0.06440704790817985,0,1.197754308544923,2.139206840747223,8.766820175576887
222,2023,machinery,coastal,1,1,1,1,2020,3,39.99981884148772,0.6299573340580986,0.06440704790817985,0,1.197754308544923,2.1258974911052495,8.499696891385028
222,2024,machinery,coastal,1,1,1,1,2020,4,41.63224241596412,0.5680357630852269,0.06440704790817985,0,1.197754308544923,2.307248724180343,10.285364667783837
223,2016,textile,coastal,0,0,0,0,9999,-99,16.618432951590304,0.33635283157565343,0.07627356582193087,0,-1.729266526532762,1.4836913023160068,4.278644225265267
223,2017,textile,coastal,0,0,0,0,9999,-99,17.296644066208998,0.488091031168292,0.07627356582193087,0,-1.729266526532762,1.5217625906473815,4.692149398742718
223,2018,textile,coastal,0,0,0,0,9999,-99,18.002533501481167,0.3965175907920894,0.07627356582193087,0,-1.729266526532762,1.5816541541680582,4.903902032930593
223,2019,textile,coastal,0,0,0,0,9999,-99,18.73723083110102,0.29352419973012817,0.07627356582193087,0,-1.729266526532762,1.5314622035070775,4.5178980118564125
223,2020,textile,coastal,0,1,0,0,9999,-99,19.50191172753974,0.31046504192147306,0.07627356582193087,0,-1.729266526532762,1.6933742150522226,5.4541007340347845
223,2021,textile,coastal,0,1,0,0,9999,-99,20.29779984337225,0.43115106630325273,0.07627356582193087,0,-1.729266526532762,1.699233789720434,5.469639292053844
223,2022,textile,coastal,0,1,0,0,9999,-99,21.126168769382407,0.3434828881183802,0.07627356582193087,0,-1.729266526532762,1.753141931004805,5.9632765268722405
223,2023,textile,coastal,0,1,0,0,9999,-99,21.988344072579956,0.5338953242261747,0.07627356582193087,0,-1.729266526532762,1.7339610630347972,5.854952584191151
223,2024,textile,coastal,0,1,0,0,9999,-99,22.885705417390557,0.2972128793017125,0.07627356582193087,0,-1.729266526532762,1.6896734428294296,5.479479728362443
224,2016,machinery,central,0,0,0,0,9999,-99,16.682023798825625,0.5604583172912442,0.16013330859629427,1,-0.5113231653167735,1.658598278817185,5.096198586168863
224,2017,machinery,central,0,0,0,0,9999,-99,17.362830105151545,0.5485726823641262,0.16013330859629427,1,-0.5113231653167735,1.6794081642291747,5.697716754402555
224,2018,machinery,central,0,0,0,0,9999,-99,18.071420643913687,0.502892067562333,0.16013330859629427,1,-0.5113231653167735,1.8534476198489804,6.196687663465591
224,2019,machinery,central,0,0,0,0,9999,-99,18.80892931114811,0.5608460492808381,0.16013330859629427,1,-0.5113231653167735,2.0240013401224037,7.406215369807784
224,2020,machinery,central,0,1,0,0,9999,-99,19.576536278065966,0.6088415376427043,0.16013330859629427,1,-0.5113231653167735,1.9415061896283414,7.239353345985724
224,2021,machinery,central,0,1,0,0,9999,-99,20.375469879579214,0.4257176396136858,0.16013330859629427,1,-0.5113231653167735,1.89443468013973,6.6027165809765025
224,2022,machinery,central,0,1,0,0,9999,-99,21.207008579898528,0.47105047173591874,0.16013330859629427,1,-0.5113231653167735,1.9915770566667519,7.629904571724226
224,2023,machinery,central,0,1,0,0,9999,-99,22.072483018348805,0.5322392457090731,0.16013330859629427,1,-0.5113231653167735,1.8823981123262163,6.569591305849007
224,2024,machinery,central,0,1,0,0,9999,-99,22.973278138675965,0.46174264132449166,0.16013330859629427,1,-0.5113231653167735,1.9341015638225452,7.127440243338114
225,2016,machinery,coastal,0,0,0,0,9999,-99,52.01854007352316,0.5773102896767457,0.40405013106682847,0,0.88403782656442,1.9190277002564304,6.741155304004333
225,2017,machinery,coastal,0,0,0,0,9999,-99,54.14145696628141,0.6832750657804102,0.40405013106682847,0,0.88403782656442,2.081622417237984,7.663754135288639
225,2018,machinery,coastal,0,0,0,0,9999,-99,56.35101174097923,0.6363613374408225,0.40405013106682847,0,0.88403782656442,2.0906906469140436,8.143457228283731
225,2019,machinery,coastal,0,0,0,0,9999,-99,58.65074015665295,0.7594541868339573,0.40405013106682847,0,0.88403782656442,2.1271425685192433,8.726891637690835
225,2020,machinery,coastal,0,1,0,0,9999,-99,61.04432226940256,0.6872317518122477,0.40405013106682847,0,0.88403782656442,1.9831832571186225,7.055235834842362
225,2021,machinery,coastal,0,1,0,0,9999,-99,63.535588321266516,0.6379510703186053,0.40405013106682847,0,0.88403782656442,2.1742210123661456,8.880872386928981
225,2022,machinery,coastal,0,1,0,0,9999,-99,66.12852486942626,0.6830133897283285,0.40405013106682847,0,0.88403782656442,2.1909697726877644,8.741417548798255
225,2023,machinery,coastal,0,1,0,0,9999,-99,68.82728116554814,0.5665635748195056,0.40405013106682847,0,0.88403782656442,2.205688918907497,9.245306645859687
225,2024,machinery,coastal,0,1,0,0,9999,-99,71.63617579547135,0.5719175958887066,0.40405013106682847,0,0.88403782656442,2.2850248294426665,10.235464249524243
226,2016,machinery,central,1,0,0,0,2020,-4,65.40036571130562,0.5970440441836948,0.3381828548637095,1,0.375991983528501,1.9920293206530033,7.4844771115449555
226,2017,machinery,central,1,0,0,0,2020,-3,68.06940526844933,0.5722608005339372,0.3381828548637095,1,0.375991983528501,2.060338960008129,7.737429083993127
226,2018,machinery,central,1,0,0,0,2020,-2,70.84737039627018,0.5563176717516847,0.3381828548637095,1,0.375991983528501,2.0627239358028344,8.061803547730769
226,2019,machinery,central,1,0,0,0,2020,-1,73.73870643163686,0.6262222501170315,0.3381828548637095,1,0.375991983528501,2.0463532335461716,7.554821270693402
226,2020,machinery,central,1,1,1,1,2020,0,76.74804012905719,0.5760224790288545,0.3381828548637095,1,0.375991983528501,2.2179980400270995,8.839097406006987
226,2021,machinery,central,1,1,1,1,2020,1,79.8801870644725,0.7397709910120394,0.3381828548637095,1,0.375991983528501,2.1108268214424095,8.430550661901071
226,2022,machinery,central,1,1,1,1,2020,2,83.14015934120641,0.5806135969684668,0.3381828548637095,1,0.375991983528501,2.3741458048798,11.028982054953312
226,2023,machinery,central,1,1,1,1,2020,3,86.53317361039956,0.6238986868299894,0.3381828548637095,1,0.375991983528501,2.268916862510101,10.006674054342119
226,2024,machinery,central,1,1,1,1,2020,4,90.06465941876431,0.4786510864842337,0.3381828548637095,1,0.375991983528501,2.407911033648221,10.184233542518097
227,2016,machinery,coastal,0,0,0,0,9999,-99,21.3483368819774,0.487517544463758,0.11116636619648176,0,-0.22468760966830967,1.6516491241511382,5.1328455380413995
227,2017,machinery,coastal,0,0,0,0,9999,-99,22.219579037850814,0.5574077465220295,0.11116636619648176,0,-0.22468760966830967,1.6797742291384177,5.488144738435758
227,2018,machinery,coastal,0,0,0,0,9999,-99,23.126377260614465,0.5238375259813047,0.11116636619648176,0,-0.22468760966830967,1.6970865285761947,5.389690583652644
227,2019,machinery,coastal,0,0,0,0,9999,-99,24.070182620885383,0.7652489800221208,0.11116636619648176,0,-0.22468760966830967,1.8184282464671184,6.064680652063604
227,2020,machinery,coastal,0,1,0,0,9999,-99,25.052505408595884,0.508636471715258,0.11116636619648176,0,-0.22468760966830967,1.7700350105306801,5.667550955348942
227,2021,machinery,coastal,0,1,0,0,9999,-99,26.074917549779677,0.5636542823418509,0.11116636619648176,0,-0.22468760966830967,1.8270253326721049,6.396883119537117
227,2022,machinery,coastal,0,1,0,0,9999,-99,27.139055121988875,0.47191625739746723,0.11116636619648176,0,-0.22468760966830967,1.8572850261982266,6.216374157151211
227,2023,machinery,coastal,0,1,0,0,9999,-99,28.24662097236714,0.39186102971959846,0.11116636619648176,0,-0.22468760966830967,1.90377767923179,6.97643224171477
227,2024,machinery,coastal,0,1,0,0,9999,-99,29.399387442568393,0.5383623132025537,0.11116636619648176,0,-0.22468760966830967,1.8712642654494815,6.554328599987303
228,2016,chemicals,western,0,0,0,0,9999,-99,17.79663099704911,0.4888090982155843,0.4285644114095096,0,-0.15377622819119266,1.3769111596918517,3.7758347520972007
228,2017,chemicals,western,0,0,0,0,9999,-99,18.52292528605494,0.4821063180356764,0.4285644114095096,0,-0.15377622819119266,1.5660825969345993,4.504357551939756
228,2018,chemicals,western,0,0,0,0,9999,-99,19.278860207286606,0.713003543106933,0.4285644114095096,0,-0.15377622819119266,1.4971073736264355,4.623403401507806
228,2019,chemicals,western,0,0,0,0,9999,-99,20.0656454178928,0.454037694351795,0.4285644114095096,0,-0.15377622819119266,1.5927846801802648,5.098348080776201
228,2020,chemicals,western,0,1,0,0,9999,-99,20.88453994206695,0.4642943218433495,0.4285644114095096,0,-0.15377622819119266,1.6495805320384975,5.333249536771981
228,2021,chemicals,western,0,1,0,0,9999,-99,21.736854185754556,0.5279426107374322,0.4285644114095096,0,-0.15377622819119266,1.5117351872875398,4.741759587565744
228,2022,chemicals,western,0,1,0,0,9999,-99,22.623952033582256,0.4849665696076053,0.4285644114095096,0,-0.15377622819119266,1.5931010849869385,4.703946270018467
228,2023,chemicals,western,0,1,0,0,9999,-99,23.5472530313642,0.39093335715749106,0.4285644114095096,0,-0.15377622819119266,1.6453331033699135,5.157897316265942
228,2024,chemicals,western,0,1,0,0,9999,-99,24.508234657678237,0.4678318470551331,0.4285644114095096,0,-0.15377622819119266,1.5536852003394699,4.687606463451326
229,2016,machinery,coastal,1,0,0,0,2020,-4,15.80253915350138,0.6460387208798873,0.43092007210754746,1,-0.23354322022343163,1.5845110590453835,4.885073955406984
229,2017,machinery,coastal,1,0,0,0,2020,-3,16.447453010561297,0.46722522918998766,0.43092007210754746,1,-0.23354322022343163,1.7077995223207623,5.699158362359354
229,2018,machinery,coastal,1,0,0,0,2020,-2,17.118686301415234,0.6759605514391709,0.43092007210754746,1,-0.23354322022343163,1.7024534910436686,5.399873123409574
229,2019,machinery,coastal,1,0,0,0,2020,-1,17.81731314253262,0.5880634213733142,0.43092007210754746,1,-0.23354322022343163,1.6668563575207107,5.271387533611682
229,2020,machinery,coastal,1,1,1,1,2020,0,18.54445148590759,0.480940907983587,0.43092007210754746,1,-0.23354322022343163,1.7800240134099117,5.7124489042376725
229,2021,machinery,coastal,1,1,1,1,2020,1,19.301264908020663,0.5680512368574067,0.43092007210754746,1,-0.23354322022343163,1.9633914950975289,7.228092440528182
229,2022,machinery,coastal,1,1,1,1,2020,2,20.08896447180936,0.38166993325835974,0.43092007210754746,1,-0.23354322022343163,1.9634957452372304,7.274120299105778
229,2023,machinery,coastal,1,1,1,1,2020,3,20.90881066462728,0.6463374869310443,0.43092007210754746,1,-0.23354322022343163,1.9847564660887915,6.951464417232571
229,2024,machinery,coastal,1,1,1,1,2020,4,21.762115415292783,0.5202031101416733,0.43092007210754746,1,-0.23354322022343163,2.0741998284380383,7.84782333155295
230,2016,chemicals,coastal,1,0,0,0,2020,-4,18.137123194245728,0.725381941160466,0.4532919305402419,0,0.8672409122902978,1.3587414211939464,3.884558753946702
230,2017,chemicals,coastal,1,0,0,0,2020,-3,18.877313233425618,0.622798530902797,0.4532919305402419,0,0.8672409122902978,1.4106414630359663,4.134364159360591
230,2018,chemicals,coastal,1,0,0,0,2020,-2,19.647711001153933,0.6920235641965651,0.4532919305402419,0,0.8672409122902978,1.5635775003110512,4.895465534197169
230,2019,chemicals,coastal,1,0,0,0,2020,-1,20.449549298219328,0.6742518895823262,0.4532919305402419,0,0.8672409122902978,1.6090012555510083,5.001405907190514
230,2020,chemicals,coastal,1,1,1,1,2020,0,21.284111236965067,0.6534438630171366,0.4532919305402419,0,0.8672409122902978,1.6539265815687136,5.3778735381025236
230,2021,chemicals,coastal,1,1,1,1,2020,1,22.15273229454252,0.7368030654228492,0.4532919305402419,0,0.8672409122902978,1.6332621729535908,5.069787967799533
230,2022,chemicals,coastal,1,1,1,1,2020,2,23.056802449959523,0.5565466827712133,0.4532919305402419,0,0.8672409122902978,1.778064271373023,5.952142487642333
230,2023,chemicals,coastal,1,1,1,1,2020,3,23.997768408343322,0.6094189785489688,0.4532919305402419,0,0.8672409122902978,1.8366735578800124,6.364465925346819
230,2024,chemicals,coastal,1,1,1,1,2020,4,24.977135915977453,0.6710490228899469,0.4532919305402419,0,0.8672409122902978,1.9605108869960213,6.956209640104935
231,2016,electronics,coastal,1,0,0,0,2020,-4,24.341758513295407,0.5109311859042608,0.08075875585418409,0,-0.30430518405808304,1.9440475851820815,6.88203104189027
231,2017,electronics,coastal,1,0,0,0,2020,-3,25.33516452342715,0.723206951466437,0.08075875585418409,0,-0.30430518405808304,2.0282642884659947,7.731820080444514
231,2018,electronics,coastal,1,0,0,0,2020,-2,26.36911220191974,0.5327455462242946,0.08075875585418409,0,-0.30430518405808304,2.0500850810351587,8.048970124075847
231,2019,electronics,coastal,1,0,0,0,2020,-1,27.445256085646037,0.4965671688871907,0.08075875585418409,0,-0.30430518405808304,2.192797481959553,9.104076679079078
231,2020,electronics,coastal,1,1,1,1,2020,0,28.565318234409606,0.5012190129642435,0.08075875585418409,0,-0.30430518405808304,2.1854596461004387,9.355849861239562
231,2021,electronics,coastal,1,1,1,1,2020,1,29.731090986607807,0.5276763547155965,0.08075875585418409,0,-0.30430518405808304,2.2269229154239167,9.730881915888173
231,2022,electronics,coastal,1,1,1,1,2020,2,30.944439827355605,0.4933466053835796,0.08075875585418409,0,-0.30430518405808304,2.19648848123565,8.824000768961966
231,2023,electronics,coastal,1,1,1,1,2020,3,32.207306373659755,0.4915819040896423,0.08075875585418409,0,-0.30430518405808304,2.3227257084931043,10.438707282141866
231,2024,electronics,coastal,1,1,1,1,2020,4,33.521711481420255,0.5098749941400575,0.08075875585418409,0,-0.30430518405808304,2.4004985218080868,10.701566573043436
232,2016,electronics,central,0,0,0,0,9999,-99,13.640678850050197,0.5006919343089256,0.6699766224501197,0,0.6779244604352218,2.10022817651604,7.6553698459422215
232,2017,electronics,central,0,0,0,0,9999,-99,14.197365514430482,0.49323833854462235,0.6699766224501197,0,0.6779244604352218,2.0755656189111984,7.855204009677146
232,2018,electronics,central,0,0,0,0,9999,-99,14.776770992566705,0.6418556078777368,0.6699766224501197,0,0.6779244604352218,2.033793985681082,7.881584144670583
232,2019,electronics,central,0,0,0,0,9999,-99,15.379822456836976,0.7718761204278795,0.6699766224501197,0,0.6779244604352218,2.1247950646598617,8.455225077904249
232,2020,electronics,central,0,1,0,0,9999,-99,16.00748491824197,0.6221796688919758,0.6699766224501197,0,0.6779244604352218,2.152851599958477,8.626856940071233
232,2021,electronics,central,0,1,0,0,9999,-99,16.660762770628406,0.6814051011951409,0.6699766224501197,0,0.6779244604352218,2.252805112965162,9.354310770281147
232,2022,electronics,central,0,1,0,0,9999,-99,17.34070139793347,0.6440324323999371,0.6699766224501197,0,0.6779244604352218,2.236143059714915,9.335003880349044
232,2023,electronics,central,0,1,0,0,9999,-99,18.04838884702216,0.60507610750576,0.6699766224501197,0,0.6779244604352218,2.177885618745604,9.11253738994408
232,2024,electronics,central,0,1,0,0,9999,-99,18.784957568794404,0.6173276677075678,0.6699766224501197,0,0.6779244604352218,2.2049972015424637,9.41608472943114
233,2016,chemicals,western,0,0,0,0,9999,-99,17.317884878281294,0.4460751372372241,0.5908137454063026,0,-2.0870739288630373,1.2787340767674171,3.5645503838496815
233,2017,chemicals,western,0,0,0,0,9999,-99,18.024641167538608,0.426390015254189,0.5908137454063026,0,-2.0870739288630373,1.3657536269066335,3.8384846484656254
233,2018,chemicals,western,0,0,0,0,9999,-99,18.76024072812585,0.2661487282877423,0.5908137454063026,0,-2.0870739288630373,1.4227517145692432,4.444940999757062
233,2019,chemicals,western,0,0,0,0,9999,-99,19.52586067627624,0.36587092358000933,0.5908137454063026,0,-2.0870739288630373,1.497130658682876,4.701072117348944
233,2020,chemicals,western,0,1,0,0,9999,-99,20.322726167247783,0.30176917562144845,0.5908137454063026,0,-2.0870739288630373,1.4091251467694779,4.062899199721733
233,2021,chemicals,western,0,1,0,0,9999,-99,21.15211235583307,0.3160710546001537,0.5908137454063026,0,-2.0870739288630373,1.4845906992043312,4.453310004398003
233,2022,chemicals,western,0,1,0,0,9999,-99,22.015346436879,0.46271839802288633,0.5908137454063026,0,-2.0870739288630373,1.6243283621235423,5.247797940381446
233,2023,chemicals,western,0,1,0,0,9999,-99,22.913809769081663,0.32346990479182497,0.5908137454063026,0,-2.0870739288630373,1.5409344095631365,4.574650911957545
233,2024,chemicals,western,0,1,0,0,9999,-99,23.848940085455,0.4392607557080651,0.5908137454063026,0,-2.0870739288630373,1.5719663963603185,4.904272585559262
234,2016,machinery,coastal,1,0,0,0,2020,-4,36.174900704283885,0.7628777430892839,0.5148324677840335,1,1.2294195341690313,2.129394230632856,8.857842921008997
234,2017,machinery,coastal,1,0,0,0,2020,-3,37.65122640835848,0.7164826039664236,0.5148324677840335,1,1.2294195341690313,2.254785935870902,9.601501497302873
234,2018,machinery,coastal,1,0,0,0,2020,-2,39.187802107376484,0.794211157349342,0.5148324677840335,1,1.2294195341690313,2.351203764750953,10.725592786859426
234,2019,machinery,coastal,1,0,0,0,2020,-1,40.78708665027662,0.45914096983830543,0.5148324677840335,1,1.2294195341690313,2.3584394935956245,10.61749538466831
234,2020,machinery,coastal,1,1,1,1,2020,0,42.451639233526436,0.4496077511305552,0.5148324677840335,1,1.2294195341690313,2.4284428253855244,11.044197248032129
234,2021,machinery,coastal,1,1,1,1,2020,1,44.18412349638261,0.5473850624750594,0.5148324677840335,1,1.2294195341690313,2.599126434978842,13.790999749854938
234,2022,machinery,coastal,1,1,1,1,2020,2,45.987311783282074,0.5085701859916582,0.5148324677840335,1,1.2294195341690313,2.518779735847238,12.70324188675187
234,2023,machinery,coastal,1,1,1,1,2020,3,47.86408958018455,0.6238278394107099,0.5148324677840335,1,1.2294195341690313,2.5464956986940113,12.802442044084081
234,2024,machinery,coastal,1,1,1,1,2020,4,49.81746013196571,0.8626645034384799,0.5148324677840335,1,1.2294195341690313,2.7062026394526373,14.732466026111604
235,2016,machinery,coastal,1,0,0,0,2020,-4,22.004562143031006,0.8700932444086523,0.3292530800222472,0,2.441555112668879,1.701764982392035,5.600129502418932
235,2017,machinery,coastal,1,0,0,0,2020,-3,22.90258535985262,0.7881938342393445,0.3292530800222472,0,2.441555112668879,1.74954928926275,5.674759079759714
235,2018,machinery,coastal,1,0,0,0,2020,-2,23.83725759939546,0.8091379811993753,0.3292530800222472,0,2.441555112668879,1.9510595385010883,7.100299027460846
235,2019,machinery,coastal,1,0,0,0,2020,-1,24.81007453665018,0.6884095042612861,0.3292530800222472,0,2.441555112668879,1.808823867015693,5.85669467610559
235,2020,machinery,coastal,1,1,1,1,2020,0,25.82259288626173,0.7777297132875216,0.3292530800222472,0,2.441555112668879,1.972397328877109,7.107374614011443
235,2021,machinery,coastal,1,1,1,1,2020,1,26.876432893604928,0.8049157663090174,0.3292530800222472,0,2.441555112668879,2.0150736080884335,7.309221616125278
235,2022,machinery,coastal,1,1,1,1,2020,2,27.973280927522715,0.7083087199045114,0.3292530800222472,0,2.441555112668879,2.188259871439387,9.020854551348773
235,2023,machinery,coastal,1,1,1,1,2020,3,29.114892178876083,0.7886314733670088,0.3292530800222472,0,2.441555112668879,2.1182243919670123,8.304066601660939
235,2024,machinery,coastal,1,1,1,1,2020,4,30.303093469223928,0.7634754792453643,0.3292530800222472,0,2.441555112668879,2.1597541700150997,8.6008376082635
236,2016,machinery,coastal,0,0,0,0,9999,-99,16.721903826963537,0.5803424260437994,0.14214496375713387,0,0.4996451254193755,1.814569367242805,6.209096510189582
236,2017,machinery,coastal,0,0,0,0,9999,-99,17.40433766811258,0.6504322167086505,0.14214496375713387,0,0.4996451254193755,1.8212136943927744,6.282859305379283
236,2018,machinery,coastal,0,0,0,0,9999,-99,18.114622162653998,0.6276721847432424,0.14214496375713387,0,0.4996451254193755,1.984261373857242,7.501388177146613
236,2019,machinery,coastal,0,0,0,0,9999,-99,18.8538939173145,0.6083776991177196,0.14214496375713387,0,0.4996451254193755,1.941430723084722,6.9769827346100275
236,2020,machinery,coastal,0,1,0,0,9999,-99,19.623335924621266,0.5042593429543948,0.14214496375713387,0,0.4996451254193755,1.9909986524306404,7.495117113293604
236,2021,machinery,coastal,0,1,0,0,9999,-99,20.424179455942365,0.5756539262262915,0.14214496375713387,0,0.4996451254193755,2.065838515568874,7.9164617446015395
236,2022,machinery,coastal,0,1,0,0,9999,-99,21.25770603178364,0.5509419816455392,0.14214496375713387,0,0.4996451254193755,2.00774618065656,7.143532420355637
236,2023,machinery,coastal,0,1,0,0,9999,-99,22.125249472494932,0.548860898206774,0.14214496375713387,0,0.4996451254193755,2.065562327528525,8.116914673785844
236,2024,machinery,coastal,0,1,0,0,9999,-99,23.02819803266718,0.5301771629849494,0.14214496375713387,0,0.4996451254193755,2.209521750565576,9.013234521643335
237,2016,electronics,central,1,0,0,0,2020,-4,14.025189648041346,0.5291134486670502,0.15429160358885682,0,-0.08652417693687779,1.4584634255570517,4.307941316690439
237,2017,electronics,central,1,0,0,0,2020,-3,14.597568495772983,0.5609275085556501,0.15429160358885682,0,-0.08652417693687779,1.6310667230721263,5.14447880163982
237,2018,electronics,central,1,0,0,0,2020,-2,15.193306567411895,0.6767617997262755,0.15429160358885682,0,-0.08652417693687779,1.6230602960557516,5.017293274397824
237,2019,electronics,central,1,0,0,0,2020,-1,15.81335717097027,0.5695031321943502,0.15429160358885682,0,-0.08652417693687779,1.6952443529519492,5.405943436483997
237,2020,electronics,central,1,1,1,1,2020,0,16.45871251969832,0.40338218697419526,0.15429160358885682,0,-0.08652417693687779,1.6815240480490903,5.539357104305839
237,2021,electronics,central,1,1,1,1,2020,1,17.130405319837163,0.6640750545706114,0.15429160358885682,0,-0.08652417693687779,1.839124801018513,6.252385536795862
237,2022,electronics,central,1,1,1,1,2020,2,17.829510423169122,0.4443621495450098,0.15429160358885682,0,-0.08652417693687779,1.8760645411697634,6.681628242505822
237,2023,electronics,central,1,1,1,1,2020,3,18.557146547009907,0.5160363951112629,0.15429160358885682,0,-0.08652417693687779,1.8752771623243925,6.624339673019653
237,2024,electronics,central,1,1,1,1,2020,4,19.31447806439499,0.4576091327999347,0.15429160358885682,0,-0.08652417693687779,1.978430269008665,7.777693392006514
238,2016,textile,coastal,0,0,0,0,9999,-99,38.119394336473356,0.5242385819241447,0.08578333066712941,0,-0.5350744759603904,1.322204685144366,3.7028053975987705
238,2017,textile,coastal,0,0,0,0,9999,-99,39.67507633108977,0.4534809513691473,0.08578333066712941,0,-0.5350744759603904,1.3736979042110258,3.9551322394520385
238,2018,textile,coastal,0,0,0,0,9999,-99,41.29424691230365,0.47889962861024415,0.08578333066712941,0,-0.5350744759603904,1.4376556515478656,4.3395082535023715
238,2019,textile,coastal,0,0,0,0,9999,-99,42.9794970984864,0.4864430849880296,0.08578333066712941,0,-0.5350744759603904,1.434114851942375,4.308840273065637
238,2020,textile,coastal,0,1,0,0,9999,-99,44.733523649475124,0.5250998047282841,0.08578333066712941,0,-0.5350744759603904,1.533002221061002,4.617869003500697
238,2021,textile,coastal,0,1,0,0,9999,-99,46.55913338196371,0.5291294946010822,0.08578333066712941,0,-0.5350744759603904,1.5207009092373631,4.571518561638173
238,2022,textile,coastal,0,1,0,0,9999,-99,48.45924766100832,0.44103327948032167,0.08578333066712941,0,-0.5350744759603904,1.5152719707556315,4.89984956944768
238,2023,textile,coastal,0,1,0,0,9999,-99,50.43690707483474,0.4895942568660687,0.08578333066712941,0,-0.5350744759603904,1.6246948798039949,5.116033523566697
238,2024,textile,coastal,0,1,0,0,9999,-99,52.4952763004283,0.6325832887591684,0.08578333066712941,0,-0.5350744759603904,1.6011129296993898,5.097370275290658
239,2016,machinery,western,1,0,0,0,2020,-4,14.817349324524201,0.539971791727458,0.1933069913239324,0,0.6997681327726023,1.453920498798205,4.358502634752412
239,2017,machinery,western,1,0,0,0,2020,-3,15.422056821937094,0.5712320038600948,0.1933069913239324,0,0.6997681327726023,1.4486575226945744,4.372790386721044
239,2018,machinery,western,1,0,0,0,2020,-2,16.05144290047935,0.6791145407034667,0.1933069913239324,0,0.6997681327726023,1.5525522848529436,4.720912585646611
239,2019,machinery,western,1,0,0,0,2020,-1,16.706514712152828,0.6916336997554078,0.1933069913239324,0,0.6997681327726023,1.4280466124910378,4.067975005365982
239,2020,machinery,western,1,1,1,1,2020,0,17.388320511612307,0.7390882931026101,0.1933069913239324,0,0.6997681327726023,1.559211177414328,5.1684637346610485
239,2021,machinery,western,1,1,1,1,2020,1,18.09795133359659,0.7220501448121083,0.1933069913239324,0,0.6997681327726023,1.6105089949307203,5.1706278302686
239,2022,machinery,western,1,1,1,1,2020,2,18.83654273881683,0.5331353048416382,0.1933069913239324,0,0.6997681327726023,1.668190775305623,5.403644125855365
239,2023,machinery,western,1,1,1,1,2020,3,19.605276631095954,0.6667597257741438,0.1933069913239324,0,0.6997681327726023,1.6749299460151035,5.267374207964204
239,2024,machinery,western,1,1,1,1,2020,4,20.405383148666917,0.6860754793762607,0.1933069913239324,0,0.6997681327726023,1.7053132429533537,5.396452083815743
240,2016,machinery,coastal,0,0,0,0,9999,-99,22.175368012453617,0.5473482292111318,0.3681508423646428,0,-0.6501739453930647,2.0695329594363305,7.912359643640844
240,2017,machinery,coastal,0,0,0,0,9999,-99,23.08036194904297,0.5747494575301773,0.3681508423646428,0,-0.6501739453930647,2.1619208653545394,8.951624338669925
240,2018,machinery,coastal,0,0,0,0,9999,-99,24.022289388823953,0.5482718289436875,0.3681508423646428,0,-0.6501739453930647,2.122389675535836,8.043907685251888
240,2019,machinery,coastal,0,0,0,0,9999,-99,25.00265761665545,0.3893929782700111,0.3681508423646428,0,-0.6501739453930647,2.3460159612470246,10.582749618517722
240,2020,machinery,coastal,0,1,0,0,9999,-99,26.023035430858375,0.5333653379070952,0.3681508423646428,0,-0.6501739453930647,2.2097768457388907,9.157308304317729
240,2021,machinery,coastal,0,1,0,0,9999,-99,27.085055653627652,0.5135628852646369,0.3681508423646428,0,-0.6501739453930647,2.298817361323573,10.34249167339338
240,2022,machinery,coastal,0,1,0,0,9999,-99,28.19041774389612,0.3313316928093137,0.3681508423646428,0,-0.6501739453930647,2.234440000344958,9.544431486272844
240,2023,machinery,coastal,0,1,0,0,9999,-99,29.340890516831355,0.37586783729196266,0.3681508423646428,0,-0.6501739453930647,2.2536009119694564,9.069388117910684
240,2024,machinery,coastal,0,1,0,0,9999,-99,30.53831497431735,0.3604166677336098,0.3681508423646428,0,-0.6501739453930647,2.5215689083548196,12.521175247108994
241,2016,textile,central,0,0,0,0,9999,-99,36.92877461814843,0.5846657766158729,0.3135747058051472,1,-0.8187338866351151,1.6429929916891035,5.190233102895485
241,2017,textile,central,0,0,0,0,9999,-99,38.43586650029128,0.409322342180903,0.3135747058051472,1,-0.8187338866351151,1.6498284771237455,5.198097648613952
241,2018,textile,central,0,0,0,0,9999,-99,40.00446396892345,0.4760664797154852,0.3135747058051472,1,-0.8187338866351151,1.7383283053974947,5.76470689516391
241,2019,textile,central,0,0,0,0,9999,-99,41.63707711464672,0.43205109695444716,0.3135747058051472,1,-0.8187338866351151,1.7736831859972435,5.865767685261087
241,2020,textile,central,0,1,0,0,9999,-99,43.33631846680362,0.44501957702783496,0.3135747058051472,1,-0.8187338866351151,1.7816308184024523,5.912865242420536
241,2021,textile,central,0,1,0,0,9999,-99,45.10490717408177,0.5541931949864926,0.3135747058051472,1,-0.8187338866351151,1.8119626852347395,6.041522802591783
241,2022,textile,central,0,1,0,0,9999,-99,46.94567335573185,0.5545742642473321,0.3135747058051472,1,-0.8187338866351151,1.890740118420228,6.488240825817651
241,2023,textile,central,0,1,0,0,9999,-99,48.861562630362236,0.5365134792170426,0.3135747058051472,1,-0.8187338866351151,1.9340125885439121,6.936139263044149
241,2024,textile,central,0,1,0,0,9999,-99,50.85564082955719,0.47671323948869637,0.3135747058051472,1,-0.8187338866351151,1.8379104135867779,6.0049262018652
242,2016,chemicals,central,0,0,0,0,9999,-99,30.057129274345172,0.32586219196790717,0.2594923547078951,0,-2.128904288444754,1.7410260127570023,5.779999256404873
242,2017,chemicals,central,0,0,0,0,9999,-99,31.283783990031893,0.37019884393441116,0.2594923547078951,0,-2.128904288444754,1.62767034364022,5.182195932496626
242,2018,chemicals,central,0,0,0,0,9999,-99,32.56049943433254,0.343329516050627,0.2594923547078951,0,-2.128904288444754,1.7808947938624977,5.960497961163247
242,2019,chemicals,central,0,0,0,0,9999,-99,33.889318624338465,0.3577036004441032,0.2594923547078951,0,-2.128904288444754,1.671634599081962,5.053517638675087
242,2020,chemicals,central,0,1,0,0,9999,-99,35.27236795425024,0.40306554521664706,0.2594923547078951,0,-2.128904288444754,1.7535749171902448,5.732189494094526
242,2021,chemicals,central,0,1,0,0,9999,-99,36.711860598061975,0.357362343403719,0.2594923547078951,0,-2.128904288444754,1.8706232103475593,6.182807100117852
242,2022,chemicals,central,0,1,0,0,9999,-99,38.21010005111192,0.3521007239878309,0.2594923547078951,0,-2.128904288444754,1.8648379234618164,6.80972574517211
242,2023,chemicals,central,0,1,0,0,9999,-99,39.76948381616641,0.4895383530822434,0.2594923547078951,0,-2.128904288444754,1.7473481637796417,5.480902536404947
242,2024,chemicals,central,0,1,0,0,9999,-99,41.39250723993582,0.34292237212479365,0.2594923547078951,0,-2.128904288444754,1.8278778807995166,6.27496519014121
243,2016,chemicals,central,1,0,0,0,2020,-4,26.90477697272313,0.47600573733617824,0.2053126366495977,0,0.24260815202086145,1.3698342012586298,4.036531909048161
243,2017,chemicals,central,1,0,0,0,2020,-3,28.0027817504535,0.6091762613952268,0.2053126366495977,0,0.24260815202086145,1.5939015018508227,4.706166602106639
243,2018,chemicals,central,1,0,0,0,2020,-2,29.14559695322999,0.45903320473778797,0.2053126366495977,0,0.24260815202086145,1.5453486722759346,4.611821861385267
243,2019,chemicals,central,1,0,0,0,2020,-1,30.335051329190616,0.48386210554366615,0.2053126366495977,0,0.24260815202086145,1.6284827024355577,5.101793286929655
243,2020,chemicals,central,1,1,1,1,2020,0,31.573048259100723,0.5821588844018969,0.2053126366495977,0,0.24260815202086145,1.6843268017893995,5.242132509656081
243,2021,chemicals,central,1,1,1,1,2020,1,32.86156880216826,0.503857070213452,0.2053126366495977,0,0.24260815202086145,1.6173903254175217,5.279961051079482
243,2022,chemicals,central,1,1,1,1,2020,2,34.202674866161175,0.5181568418550182,0.2053126366495977,0,0.24260815202086145,1.8653270870972078,6.4262852589611175
243,2023,chemicals,central,1,1,1,1,2020,3,35.59851250689975,0.5956874945510161,0.2053126366495977,0,0.24260815202086145,1.707847700737512,5.586923338076196
243,2024,chemicals,central,1,1,1,1,2020,4,37.05131536240375,0.557872544265638,0.2053126366495977,0,0.24260815202086145,1.9092888262297576,6.794670932317969
244,2016,machinery,coastal,0,0,0,0,9999,-99,27.020637466162242,0.6558963773287972,0.49708837659543553,0,-0.29082580523619617,1.3087906108463654,3.7851107873820506
244,2017,machinery,coastal,0,0,0,0,9999,-99,28.123370600328172,0.5144025078985598,0.49708837659543553,0,-0.29082580523619617,1.421244017352306,4.211139303921236
244,2018,machinery,coastal,0,0,0,0,9999,-99,29.27110712742702,0.5942541333650505,0.49708837659543553,0,-0.29082580523619617,1.3927047666241128,3.691434906879102
244,2019,machinery,coastal,0,0,0,0,9999,-99,30.46568367076565,0.49906891064215625,0.49708837659543553,0,-0.29082580523619617,1.4915550011896122,4.477481462806871
244,2020,machinery,coastal,0,1,0,0,9999,-99,31.709011807669995,0.47654993349295965,0.49708837659543553,0,-0.29082580523619617,1.5307286065894918,4.660566761748697
244,2021,machinery,coastal,0,1,0,0,9999,-99,33.00308112841658,0.5161752011212234,0.49708837659543553,0,-0.29082580523619617,1.4822028361033854,4.395072050345991
244,2022,machinery,coastal,0,1,0,0,9999,-99,34.34996242000147,0.48977863120801324,0.49708837659543553,0,-0.29082580523619617,1.4097895830628202,4.116085584033074
244,2023,machinery,coastal,0,1,0,0,9999,-99,35.75181097984116,0.33632102677464626,0.49708837659543553,0,-0.29082580523619617,1.6066152117529846,5.330883761946021
244,2024,machinery,coastal,0,1,0,0,9999,-99,37.21087006470841,0.46405506177136935,0.49708837659543553,0,-0.29082580523619617,1.6420065816843117,5.086167378600228
245,2016,electronics,western,0,0,0,0,9999,-99,15.470055265973556,0.731774325945307,0.12053176950297036,1,-0.23596750808856531,1.43871589109756,4.270649524291636
245,2017,electronics,western,0,0,0,0,9999,-99,16.101400198176968,0.37837048871729645,0.12053176950297036,1,-0.23596750808856531,1.4384654062578426,4.096007626670252
245,2018,electronics,western,0,0,0,0,9999,-99,16.758510805846047,0.3518121162599598,0.12053176950297036,1,-0.23596750808856531,1.467481376710105,4.3542977114088455
245,2019,electronics,western,0,0,0,0,9999,-99,17.442438606144126,0.44047208844604113,0.12053176950297036,1,-0.23596750808856531,1.487792222047149,4.402634163739193
245,2020,electronics,western,0,1,0,0,9999,-99,18.15427802946407,0.530927063104231,0.12053176950297036,1,-0.23596750808856531,1.6446317522370077,5.156579663619183
245,2021,electronics,western,0,1,0,0,9999,-99,18.895168170750363,0.644692529098155,0.12053176950297036,1,-0.23596750808856531,1.5677917458801562,4.67512342017559
245,2022,electronics,western,0,1,0,0,9999,-99,19.666294612294056,0.5106493603793152,0.12053176950297036,1,-0.23596750808856531,1.60409131115582,4.756571142795153
245,2023,electronics,western,0,1,0,0,9999,-99,20.46889132091737,0.6344727255660765,0.12053176950297036,1,-0.23596750808856531,1.6712245358608404,5.523421408865016
245,2024,electronics,western,0,1,0,0,9999,-99,21.304242622583864,0.5259475894106734,0.12053176950297036,1,-0.23596750808856531,1.7374087544420838,5.765597408380943
246,2016,electronics,central,1,0,0,0,2020,-4,17.124680062062783,0.6170407275543259,0.1284453571295593,0,-0.0023097147217655705,1.6692813970956981,5.275484040726376
246,2017,electronics,central,1,0,0,0,2020,-3,17.82355151319252,0.5886698673641719,0.1284453571295593,0,-0.0023097147217655705,1.6758060911577022,5.134735096256853
246,2018,electronics,central,1,0,0,0,2020,-2,18.55094444930382,0.4816653586871845,0.1284453571295593,0,-0.0023097147217655705,1.6217528688763734,4.853124089720429
246,2019,electronics,central,1,0,0,0,2020,-1,19.308022854279898,0.5817872822306053,0.1284453571295593,0,-0.0023097147217655705,1.7122489385310204,5.802033902297767
246,2020,electronics,central,1,1,1,1,2020,0,20.095998215087384,0.5243691504298424,0.1284453571295593,0,-0.0023097147217655705,1.817917495154549,6.123955426427435
246,2021,electronics,central,1,1,1,1,2020,1,20.91613146041395,0.5130469493428955,0.1284453571295593,0,-0.0023097147217655705,1.7663728290458305,5.665511065205212
246,2022,electronics,central,1,1,1,1,2020,2,21.769734978423212,0.47974610484383584,0.1284453571295593,0,-0.0023097147217655705,1.873761225434853,6.100730198871337
246,2023,electronics,central,1,1,1,1,2020,3,22.658174716855775,0.5280320960051903,0.1284453571295593,0,-0.0023097147217655705,1.877850199161468,6.815822532858697
246,2024,electronics,central,1,1,1,1,2020,4,23.582872368837062,0.46435085319500957,0.1284453571295593,0,-0.0023097147217655705,2.0815895508386024,8.055526786715738
247,2016,machinery,western,0,0,0,0,9999,-99,19.195737861107432,0.5054625030818526,0.12646904653737162,0,-0.7081177693810502,1.552197654141544,4.78711110721672
247,2017,machinery,western,0,0,0,0,9999,-99,19.979130784413364,0.37320647436023985,0.12646904653737162,0,-0.7081177693810502,1.8142135649236248,6.393301274639603
247,2018,machinery,western,0,0,0,0,9999,-99,20.794494579416252,0.4534959916046746,0.12646904653737162,0,-0.7081177693810502,1.7107818499444047,5.27594066746057
247,2019,machinery,western,0,0,0,0,9999,-99,21.64313400214165,0.5734711920542364,0.12646904653737162,0,-0.7081177693810502,1.7891324674927487,5.991107493696609
247,2020,machinery,western,0,1,0,0,9999,-99,22.52640705671865,0.36346919942766887,0.12646904653737162,0,-0.7081177693810502,1.8301596077622178,6.221472830481926
247,2021,machinery,western,0,1,0,0,9999,-99,23.445727168476218,0.4911750469337577,0.12646904653737162,0,-0.7081177693810502,1.933435103678138,6.929715700754896
247,2022,machinery,western,0,1,0,0,9999,-99,24.40256544572524,0.5666508706753164,0.12646904653737162,0,-0.7081177693810502,1.9517172891908021,7.028617135069493
247,2023,machinery,western,0,1,0,0,9999,-99,25.39845303384571,0.41673810423463925,0.12646904653737162,0,-0.7081177693810502,1.9243508155649411,7.15619408447667
247,2024,machinery,western,0,1,0,0,9999,-99,26.434983565445965,0.5026552697948992,0.12646904653737162,0,-0.7081177693810502,1.9907806336558913,7.110655226029049
248,2016,electronics,coastal,0,0,0,0,9999,-99,6.549773489771423,0.6176719825579402,0.11538496876833383,0,0.18735159759892722,1.7079707142115363,5.441634833297866
248,2017,electronics,coastal,0,0,0,0,9999,-99,6.817074816673775,0.6718800350989483,0.11538496876833383,0,0.18735159759892722,1.8368733043281513,6.5213380305268505
248,2018,electronics,coastal,0,0,0,0,9999,-99,7.095284917669665,0.4366144773821572,0.11538496876833383,0,0.18735159759892722,1.7678421376104978,5.854867229239734
248,2019,electronics,coastal,0,0,0,0,9999,-99,7.38484898827534,0.5712992357111832,0.11538496876833383,0,0.18735159759892722,1.8212575686354542,5.908390107758901
248,2020,electronics,coastal,0,1,0,0,9999,-99,7.686230392780731,0.6044995020093071,0.11538496876833383,0,0.18735159759892722,1.8817144932861012,6.492307735426042
248,2021,electronics,coastal,0,1,0,0,9999,-99,7.999911405731177,0.41049474684834897,0.11538496876833383,0,0.18735159759892722,1.9017349766445346,6.6075771433829855
248,2022,electronics,coastal,0,1,0,0,9999,-99,8.326393983669583,0.5093442049549808,0.11538496876833383,0,0.18735159759892722,1.9126617904893055,6.864793335969957
248,2023,electronics,coastal,0,1,0,0,9999,-99,8.66620056837398,0.6080017720927232,0.11538496876833383,0,0.18735159759892722,1.9991016360303806,7.070108062590005
248,2024,electronics,coastal,0,1,0,0,9999,-99,9.01987492287584,0.6278133383464619,0.11538496876833383,0,0.18735159759892722,1.9879319391985604,7.047704278329404
249,2016,electronics,central,0,0,0,0,9999,-99,19.615995969011024,0.4730047336594796,0.5843219929621546,0,-1.0799221701233737,2.0952137545804757,8.091453488719308
249,2017,electronics,central,0,0,0,0,9999,-99,20.41653995106113,0.499016425485985,0.5843219929621546,0,-1.0799221701233737,1.9255943432077123,6.786970950855258
249,2018,electronics,central,0,0,0,0,9999,-99,21.249754752793763,0.30327478051763257,0.5843219929621546,0,-1.0799221701233737,2.0784927268757465,7.293538467131444
249,2019,electronics,central,0,0,0,0,9999,-99,22.116973695653655,0.47715185777841085,0.5843219929621546,0,-1.0799221701233737,2.239568527360207,9.682757764613196
249,2020,electronics,central,0,1,0,0,9999,-99,23.019584514965967,0.5012662430971666,0.5843219929621546,0,-1.0799221701233737,2.142761686631578,8.306892096822754
249,2021,electronics,central,0,1,0,0,9999,-99,23.959031580608837,0.525018784029528,0.5843219929621546,0,-1.0799221701233737,2.050285366736191,7.524991397129199
249,2022,electronics,central,0,1,0,0,9999,-99,24.936818208313365,0.3544008035472341,0.5843219929621546,0,-1.0799221701233737,2.133152149231256,8.859110069270468
249,2023,electronics,central,0,1,0,0,9999,-99,25.954509065289475,0.56444505231861,0.5843219929621546,0,-1.0799221701233737,2.1568507344139864,8.318185294022529
249,2024,electronics,central,0,1,0,0,9999,-99,27.0137326740273,0.3297859831224126,0.5843219929621546,0,-1.0799221701233737,2.2449562489490114,9.851852313220094
250,2016,electronics,central,1,0,0,0,2020,-4,22.597805496123204,0.6194240097448611,0.4535946445114343,0,-0.11538988853860811,1.7469052943270755,5.648788573050642
250,2017,electronics,central,1,0,0,0,2020,-3,23.520039433468998,0.6020119594346031,0.4535946445114343,0,-0.11538988853860811,1.7818668337596077,6.011484254182243
250,2018,electronics,central,1,0,0,0,2020,-2,24.47991045178437,0.49529501757360433,0.4535946445114343,0,-0.11538988853860811,1.9429872625378792,6.566331588271155
250,2019,electronics,central,1,0,0,0,2020,-1,25.478954549482026,0.5668985396314806,0.4535946445114343,0,-0.11538988853860811,1.8680102471193625,6.438219658306504
250,2020,electronics,central,1,1,1,1,2020,0,26.51877041025906,0.6396626183403944,0.4535946445114343,0,-0.11538988853860811,1.9609648102106807,7.332713906165669
250,2021,electronics,central,1,1,1,1,2020,1,27.601021961331927,0.6532000300357893,0.4535946445114343,0,-0.11538988853860811,1.970637784819088,7.2055399712818105
250,2022,electronics,central,1,1,1,1,2020,2,28.727441036074993,0.44461597461844404,0.4535946445114343,0,-0.11538988853860811,1.9819263369090507,6.898448412778055
250,2023,electronics,central,1,1,1,1,2020,3,29.899830145323396,0.47153909424952745,0.4535946445114343,0,-0.11538988853860811,2.1527546727889812,8.195793383230736
250,2024,electronics,central,1,1,1,1,2020,4,31.120065361774955,0.49186782742659835,0.4535946445114343,0,-0.11538988853860811,2.253994497562123,9.419159297428532
251,2016,chemicals,western,0,0,0,0,9999,-99,22.767530736818212,0.6019066386826819,0.021187104746455587,1,-0.2814173483258044,1.589812709698103,4.855056120252797
251,2017,chemicals,western,0,0,0,0,9999,-99,23.696691292636757,0.36141816324742454,0.021187104746455587,1,-0.2814173483258044,1.685956145333463,5.608032026873746
251,2018,chemicals,western,0,0,0,0,9999,-99,24.66377161008729,0.5491425080126239,0.021187104746455587,1,-0.2814173483258044,1.829772177043786,6.092103026281513
251,2019,chemicals,western,0,0,0,0,9999,-99,25.6703192239992,0.49967372198473825,0.021187104746455587,1,-0.2814173483258044,1.8909674841152215,6.830794347937293
251,2020,chemicals,western,0,1,0,0,9999,-99,26.717944825296353,0.4286007341976494,0.021187104746455587,1,-0.2814173483258044,1.8529997671016234,6.379891094090884
251,2021,chemicals,western,0,1,0,0,9999,-99,27.808324838446207,0.5194868984672182,0.021187104746455587,1,-0.2814173483258044,1.9579676727739477,6.623214069493163
251,2022,chemicals,western,0,1,0,0,9999,-99,28.94320410409662,0.5423849103477175,0.021187104746455587,1,-0.2814173483258044,1.9324104530791733,6.752474397934095
251,2023,chemicals,western,0,1,0,0,9999,-99,30.124398671193106,0.5325062595718845,0.021187104746455587,1,-0.2814173483258044,1.8819112398561384,6.54312591777497
251,2024,chemicals,western,0,1,0,0,9999,-99,31.353798703044653,0.4214390987393599,0.021187104746455587,1,-0.2814173483258044,1.9971345321158733,7.799282185761203
252,2016,electronics,coastal,0,0,0,0,9999,-99,22.363629004762526,0.5145829012238152,0.11400747889238468,0,-1.7082958433170228,1.8832610492397204,6.4612802620289225
252,2017,electronics,coastal,0,0,0,0,9999,-99,23.276306018198234,0.4010209968685636,0.11400747889238468,0,-1.7082958433170228,1.652432994217154,5.404447042808573
252,2018,electronics,coastal,0,0,0,0,9999,-99,24.22623008713985,0.5097507679797099,0.11400747889238468,0,-1.7082958433170228,1.889427708234114,6.595158178660524
252,2019,electronics,coastal,0,0,0,0,9999,-99,25.214921292758955,0.2803510437013421,0.11400747889238468,0,-1.7082958433170228,1.9213317684419031,6.555025484714561
252,2020,electronics,coastal,0,1,0,0,9999,-99,26.243961751916583,0.3263190963317934,0.11400747889238468,0,-1.7082958433170228,1.9298798481573738,6.796204364182532
252,2021,electronics,coastal,0,1,0,0,9999,-99,27.314998148887724,0.4187605235921961,0.11400747889238468,0,-1.7082958433170228,2.0264051175972924,7.423624567866576
252,2022,electronics,coastal,0,1,0,0,9999,-99,28.429744370407484,0.38120273352568557,0.11400747889238468,0,-1.7082958433170228,1.9721943905785952,7.151216882999478
252,2023,electronics,coastal,0,1,0,0,9999,-99,29.5899842482555,0.4819146140664619,0.11400747889238468,0,-1.7082958433170228,2.0473972167436156,7.754099233091976
252,2024,electronics,coastal,0,1,0,0,9999,-99,30.797574413767386,0.40927410832023886,0.11400747889238468,0,-1.7082958433170228,2.0537933705783633,7.898906626704464
253,2016,electronics,western,0,0,0,0,9999,-99,25.890338433276703,0.44965198458425454,0.4894180346515738,0,-1.2119706997892028,1.7955660984484414,6.335669847190202
253,2017,electronics,western,0,0,0,0,9999,-99,26.94694318884167,0.3428414811389139,0.4894180346515738,0,-1.2119706997892028,1.8348123544599575,6.186846943992393
253,2018,electronics,western,0,0,0,0,9999,-99,28.0466688024966,0.557536778858828,0.4894180346515738,0,-1.2119706997892028,1.8385039801623533,6.385566390208883
253,2019,electronics,western,0,0,0,0,9999,-99,29.19127506984399,0.38085967800627313,0.4894180346515738,0,-1.2119706997892028,1.8845039301070183,6.61755111125413
253,2020,electronics,western,0,1,0,0,9999,-99,30.382593605107285,0.45120620605190825,0.4894180346515738,0,-1.2119706997892028,2.0142770825503233,7.285064690802344
253,2021,electronics,western,0,1,0,0,9999,-99,31.622530772104415,0.5006601359726783,0.4894180346515738,0,-1.2119706997892028,1.9741193671562018,7.104738011443108
253,2022,electronics,western,0,1,0,0,9999,-99,32.913070734836616,0.5085226120664543,0.4894180346515738,0,-1.2119706997892028,1.8311079323198904,6.188375058888909
253,2023,electronics,western,0,1,0,0,9999,-99,34.25627863257414,0.4760621291273084,0.4894180346515738,0,-1.2119706997892028,1.7627275915448604,5.4967167647670525
253,2024,electronics,western,0,1,0,0,9999,-99,35.654303884519656,0.5396213363934482,0.4894180346515738,0,-1.2119706997892028,1.8787341125643056,6.394669238336008
254,2016,chemicals,central,0,0,0,0,9999,-99,26.66500224962779,0.49521940851614604,0.11562623628521797,0,-0.5924914539529242,1.1832607006353029,3.270819429269846
254,2017,chemicals,central,0,0,0,0,9999,-99,27.753221635276873,0.377745474970524,0.11562623628521797,0,-0.5924914539529242,1.0303009099460567,2.851041986414437
254,2018,chemicals,central,0,0,0,0,9999,-99,28.885852096545463,0.399986118612156,0.11562623628521797,0,-0.5924914539529242,1.1858957934452128,3.420361251256447
254,2019,chemicals,central,0,0,0,0,9999,-99,30.064706083812304,0.3643190995120401,0.11562623628521797,0,-0.5924914539529242,1.2066007408375152,3.180934601934362
254,2020,chemicals,central,0,1,0,0,9999,-99,31.291670014959287,0.4749417842354797,0.11562623628521797,0,-0.5924914539529242,1.2683991864768551,3.611036532583447
254,2021,chemicals,central,0,1,0,0,9999,-99,32.56870729404252,0.5765660244895322,0.11562623628521797,0,-0.5924914539529242,1.2721695622781752,3.5633285143682105
254,2022,chemicals,central,0,1,0,0,9999,-99,33.897861453157674,0.40178942921258387,0.11562623628521797,0,-0.5924914539529242,1.2601142042462803,3.655046189894887
254,2023,chemicals,central,0,1,0,0,9999,-99,35.28125942252735,0.5063200183533088,0.11562623628521797,0,-0.5924914539529242,1.3040527450527613,3.797125647555138
254,2024,chemicals,central,0,1,0,0,9999,-99,36.721114934043186,0.5427511579997755,0.11562623628521797,0,-0.5924914539529242,1.385455082312764,3.8209414572666494
255,2016,textile,western,0,0,0,0,9999,-99,49.097201216327896,0.4923183753443849,0.31877007177035327,0,-0.5624202981084024,1.6277412246633083,5.248973325852385
255,2017,textile,western,0,0,0,0,9999,-99,51.100896008645705,0.5381979259479244,0.31877007177035327,0,-0.5624202981084024,1.5934232891650633,4.896574693515939
255,2018,textile,western,0,0,0,0,9999,-99,53.18636313668326,0.49245115445230525,0.31877007177035327,0,-0.5624202981084024,1.7641865890067736,5.8452026566289685
255,2019,textile,western,0,0,0,0,9999,-99,55.3569397927688,0.4286982791777556,0.31877007177035327,0,-0.5624202981084024,1.8363164328132484,6.433017468754855
255,2020,textile,western,0,1,0,0,9999,-99,57.616099362633115,0.38419806622979724,0.31877007177035327,0,-0.5624202981084024,1.746147426185967,5.823786310206897
255,2021,textile,western,0,1,0,0,9999,-99,59.967456983567736,0.42614962808124324,0.31877007177035327,0,-0.5624202981084024,1.7926819342226323,5.916636915761186
255,2022,textile,western,0,1,0,0,9999,-99,62.414775329415875,0.4379441262379822,0.31877007177035327,0,-0.5624202981084024,1.9389714157776803,6.994052807021136
255,2023,textile,western,0,1,0,0,9999,-99,64.9619706316533,0.5407408047823025,0.31877007177035327,0,-0.5624202981084024,1.7650435617519846,5.670271123838277
255,2024,textile,western,0,1,0,0,9999,-99,67.61311894619428,0.4903001308477339,0.31877007177035327,0,-0.5624202981084024,1.8647456164343343,6.404150258509654
256,2016,textile,central,0,0,0,0,9999,-99,25.346946920413977,0.6250061088035215,0.16770943876776953,0,0.25919884789899744,1.1895904602520724,3.3396473039364167
256,2017,textile,central,0,0,0,0,9999,-99,26.381375447649443,0.6072651328096422,0.16770943876776953,0,0.25919884789899744,1.15997355533689,3.1399002744592055
256,2018,textile,central,0,0,0,0,9999,-99,27.45801980392808,0.6186940569759283,0.16770943876776953,0,0.25919884789899744,1.2861823473770486,3.606094758316386
256,2019,textile,central,0,0,0,0,9999,-99,28.57860284991631,0.5198509673719363,0.16770943876776953,0,0.25919884789899744,1.2493160715791851,3.40936281825169
256,2020,textile,central,0,1,0,0,9999,-99,29.744917757558188,0.44693939732074084,0.16770943876776953,0,0.25919884789899744,1.337815697026805,3.621917642837505
256,2021,textile,central,0,1,0,0,9999,-99,30.958830879533053,0.2848267675907198,0.16770943876776953,0,0.25919884789899744,1.3472264434224404,3.7877988301238386
256,2022,textile,central,0,1,0,0,9999,-99,32.222284735818015,0.6247343797392274,0.16770943876776953,0,0.25919884789899744,1.3278301142857067,3.743768117119697
256,2023,textile,central,0,1,0,0,9999,-99,33.537301122134316,0.5449494726842344,0.16770943876776953,0,0.25919884789899744,1.370762800327552,3.959190769465816
256,2024,textile,central,0,1,0,0,9999,-99,34.90598434525187,0.4713419812386277,0.16770943876776953,0,0.25919884789899744,1.4350731436746798,4.189614609890173
257,2016,machinery,central,1,0,0,0,2020,-4,34.65175428532622,0.5434052188232404,0.566020089624972,0,-0.4049933883498621,1.4446094589084777,4.0297067523388135
257,2017,machinery,central,1,0,0,0,2020,-3,36.06591920483479,0.569760630331445,0.566020089624972,0,-0.4049933883498621,1.5277740657377936,4.4492045951789025
257,2018,machinery,central,1,0,0,0,2020,-2,37.53779728954422,0.4888715997892845,0.566020089624972,0,-0.4049933883498621,1.554270485442247,4.845773163892248
257,2019,machinery,central,1,0,0,0,2020,-1,39.069743858407456,0.5706315195294874,0.566020089624972,0,-0.4049933883498621,1.6974720603884481,5.323713653810789
257,2020,machinery,central,1,1,1,1,2020,0,40.66421035276737,0.44973059148716843,0.566020089624972,0,-0.4049933883498621,1.7657647549495161,5.8464754363775375
257,2021,machinery,central,1,1,1,1,2020,1,42.32374825918593,0.4313492240525868,0.566020089624972,0,-0.4049933883498621,1.742749859873428,5.689485779259323
257,2022,machinery,central,1,1,1,1,2020,2,44.05101319236705,0.5226117017585563,0.566020089624972,0,-0.4049933883498621,1.8630529549426074,6.222281912009102
257,2023,machinery,central,1,1,1,1,2020,3,45.84876914470666,0.5500438153154343,0.566020089624972,0,-0.4049933883498621,1.9041299630585173,6.8749472560117315
257,2024,machinery,central,1,1,1,1,2020,4,47.71989290927022,0.4215702168909493,0.566020089624972,0,-0.4049933883498621,1.9901987234585885,7.047347028918219
258,2016,chemicals,central,0,0,0,0,9999,-99,18.141803357533803,0.4906954986664626,0.4356165680196147,0,-0.051162100853359725,1.7048734128777432,5.487625419630541
258,2017,chemicals,central,0,0,0,0,9999,-99,18.882184397800824,0.5758578007326567,0.4356165680196147,0,-0.051162100853359725,1.6985001002312967,5.625506185797838
258,2018,chemicals,central,0,0,0,0,9999,-99,19.652780961518513,0.566220364820681,0.4356165680196147,0,-0.051162100853359725,1.8945495418798641,6.50918508630802
258,2019,chemicals,central,0,0,0,0,9999,-99,20.45482616759151,0.4756639990042218,0.4356165680196147,0,-0.051162100853359725,1.877593521817427,6.5523872858772325
258,2020,chemicals,central,0,1,0,0,9999,-99,21.28960345946164,0.5141838989092979,0.4356165680196147,0,-0.051162100853359725,1.771713449562318,5.966823789847502
258,2021,chemicals,central,0,1,0,0,9999,-99,22.158448658891217,0.4890510819750826,0.4356165680196147,0,-0.051162100853359725,1.8350955119162982,6.323782769645475
258,2022,chemicals,central,0,1,0,0,9999,-99,23.062752103562854,0.544081859710357,0.4356165680196147,0,-0.051162100853359725,1.9579803231978434,6.922645168004026
258,2023,chemicals,central,0,1,0,0,9999,-99,24.003960871916384,0.6784707002569932,0.4356165680196147,0,-0.051162100853359725,1.9466848980946616,7.174510248567425
258,2024,chemicals,central,0,1,0,0,9999,-99,24.983581098783088,0.5801617659987321,0.4356165680196147,0,-0.051162100853359725,1.888757011718228,6.312422415830317
259,2016,chemicals,coastal,0,0,0,0,9999,-99,27.399514128801506,0.5896344484097639,0.04872639196814968,0,-0.40881216321585817,1.6163445333431197,4.901088396851638
259,2017,chemicals,coastal,0,0,0,0,9999,-99,28.517709512893173,0.5366640224421476,0.04872639196814968,0,-0.40881216321585817,1.7622403788856347,6.019788678167896
259,2018,chemicals,coastal,0,0,0,0,9999,-99,29.681539316307983,0.6316534542193986,0.04872639196814968,0,-0.40881216321585817,1.8521831685646712,6.316218290158127
259,2019,chemicals,coastal,0,0,0,0,9999,-99,30.89286591502832,0.48519148605715706,0.04872639196814968,0,-0.40881216321585817,1.7009399786016939,5.41110071803752
259,2020,chemicals,coastal,0,1,0,0,9999,-99,32.15362769004227,0.5462491259835807,0.04872639196814968,0,-0.40881216321585817,1.67872182061735,5.651217066787319
259,2021,chemicals,coastal,0,1,0,0,9999,-99,33.4658421291667,0.5455214178963794,0.04872639196814968,0,-0.40881216321585817,1.8423686085142363,6.350960399591196
259,2022,chemicals,coastal,0,1,0,0,9999,-99,34.83160905545824,0.4949020463616362,0.04872639196814968,0,-0.40881216321585817,1.946083597490457,7.315821880925065
259,2023,chemicals,coastal,0,1,0,0,9999,-99,36.253113987378086,0.5577765683442703,0.04872639196814968,0,-0.40881216321585817,1.8805588783844858,6.553902654569346
259,2024,chemicals,coastal,0,1,0,0,9999,-99,37.73263163608789,0.5863821982516546,0.04872639196814968,0,-0.40881216321585817,1.9018942222938438,6.759409814799105
260,2016,machinery,coastal,0,0,0,0,9999,-99,26.98304964862965,0.3376895526580178,0.5048102590484079,0,-2.5901351688821284,1.8466408724144032,6.297532376552449
260,2017,machinery,coastal,0,0,0,0,9999,-99,28.084248794861875,0.35330726573839105,0.5048102590484079,0,-2.5901351688821284,1.8759215323887708,6.645983070156346
260,2018,machinery,coastal,0,0,0,0,9999,-99,29.230388730791834,0.2748834080851078,0.5048102590484079,0,-2.5901351688821284,1.9906322064821143,7.2899497187625215
260,2019,machinery,coastal,0,0,0,0,9999,-99,30.42330352483991,0.4056719136504314,0.5048102590484079,0,-2.5901351688821284,1.9986210839736722,7.03367325784144
260,2020,machinery,coastal,0,1,0,0,9999,-99,31.66490209517864,0.2950371343024709,0.5048102590484079,0,-2.5901351688821284,1.9754968644431343,7.101565522709743
260,2021,machinery,coastal,0,1,0,0,9999,-99,32.957171264409055,0.31100749934280497,0.5048102590484079,0,-2.5901351688821284,1.9127356933408974,6.408478521530448
260,2022,machinery,coastal,0,1,0,0,9999,-99,34.30217893890072,0.413548451801764,0.5048102590484079,0,-2.5901351688821284,2.0552794488782276,7.6168460829665365
260,2023,machinery,coastal,0,1,0,0,9999,-99,35.70207741788309,0.3249578684996277,0.5048102590484079,0,-2.5901351688821284,1.9898438998666552,7.407116099107359
260,2024,machinery,coastal,0,1,0,0,9999,-99,37.15910683758349,0.4233990235262348,0.5048102590484079,0,-2.5901351688821284,2.0348131421310476,7.378452189488504
261,2016,chemicals,central,0,0,0,0,9999,-99,21.408759342655507,0.44348146131872446,0.19335700165261518,0,-0.12339602272952155,1.4394180467602335,4.152651434767372
261,2017,chemicals,central,0,0,0,0,9999,-99,22.282467385927802,0.6012297908152111,0.19335700165261518,0,-0.12339602272952155,1.5731461266518525,5.0040605329098895
261,2018,chemicals,central,0,0,0,0,9999,-99,23.19183213086416,0.6027429718889998,0.19335700165261518,0,-0.12339602272952155,1.6679789320317275,5.246651495280324
261,2019,chemicals,central,0,0,0,0,9999,-99,24.13830875506463,0.44595004612046996,0.19335700165261518,0,-0.12339602272952155,1.71921083025232,5.7294526296423305
261,2020,chemicals,central,0,1,0,0,9999,-99,25.123411823053722,0.44136964067884377,0.19335700165261518,0,-0.12339602272952155,1.7286834055188107,5.821993427910375
261,2021,chemicals,central,0,1,0,0,9999,-99,26.14871770990674,0.4945899608538511,0.19335700165261518,0,-0.12339602272952155,1.734241073207609,5.580779663320649
261,2022,chemicals,central,0,1,0,0,9999,-99,27.21586712378625,0.48408384662223714,0.19335700165261518,0,-0.12339602272952155,1.7243291145549895,5.4985603175839
261,2023,chemicals,central,0,1,0,0,9999,-99,28.32656773142513,0.502832523559602,0.19335700165261518,0,-0.12339602272952155,1.7733762382371645,5.974111251012338
261,2024,chemicals,central,0,1,0,0,9999,-99,29.482596890757716,0.6201951794546795,0.19335700165261518,0,-0.12339602272952155,1.8068802350862732,5.759560770437913
262,2016,machinery,western,0,0,0,0,9999,-99,11.036749637752619,0.5237115341798063,0.17240053763739974,0,-0.8421700311150536,1.430123796395092,3.8470961856627275
262,2017,machinery,western,0,0,0,0,9999,-99,11.487167935036863,0.4036149603279997,0.17240053763739974,0,-0.8421700311150536,1.4539951959493127,4.4065505027178995
262,2018,machinery,western,0,0,0,0,9999,-99,11.955968151743697,0.4890502145387064,0.17240053763739974,0,-0.8421700311150536,1.4455239838603124,4.345919053143649
262,2019,machinery,western,0,0,0,0,9999,-99,12.443900468235894,0.4051151101201712,0.17240053763739974,0,-0.8421700311150536,1.4558753642026878,4.505568354476354
262,2020,machinery,western,0,1,0,0,9999,-99,12.951745680317623,0.4006220156515194,0.17240053763739974,0,-0.8421700311150536,1.4630139817167098,4.581927217480302
262,2021,machinery,western,0,1,0,0,9999,-99,13.480316448674305,0.4920969850023276,0.17240053763739974,0,-0.8421700311150536,1.5635768652946413,4.758651712002736
262,2022,machinery,western,0,1,0,0,9999,-99,14.030458599303088,0.48829566057234314,0.17240053763739974,0,-0.8421700311150536,1.6224850081733924,5.159250887197817
262,2023,machinery,western,0,1,0,0,9999,-99,14.603052477014897,0.4250765920508926,0.17240053763739974,0,-0.8421700311150536,1.8031606210249114,6.092987632677996
262,2024,machinery,western,0,1,0,0,9999,-99,15.199014354173949,0.48207563166351763,0.17240053763739974,0,-0.8421700311150536,1.7670781189856608,5.87419839280845
263,2016,machinery,western,0,0,0,0,9999,-99,12.99379002762472,0.5381399124401787,0.15491415889238777,0,-0.1598454645272317,1.557189725835725,4.8633362619914315
263,2017,machinery,western,0,0,0,0,9999,-99,13.524076658345418,0.43334636637007307,0.15491415889238777,0,-0.1598454645272317,1.5266769916492484,4.469473321523333
263,2018,machinery,western,0,0,0,0,9999,-99,14.076004697009703,0.4852125319893178,0.15491415889238777,0,-0.1598454645272317,1.5173223952406287,4.533564666894343
263,2019,machinery,western,0,0,0,0,9999,-99,14.650457346230361,0.33102047254117456,0.15491415889238777,0,-0.1598454645272317,1.5989753562935611,5.168049158925083
263,2020,machinery,western,0,1,0,0,9999,-99,15.248353852802582,0.493099673860382,0.15491415889238777,0,-0.1598454645272317,1.5768647244939624,4.76655444829172
263,2021,machinery,western,0,1,0,0,9999,-99,15.870650978694941,0.5484456363799853,0.15491415889238777,0,-0.1598454645272317,1.6645825766189488,5.316560373242522
263,2022,machinery,western,0,1,0,0,9999,-99,16.518344532072668,0.4449427511453996,0.15491415889238777,0,-0.1598454645272317,1.6629121639121955,5.571531833222566
263,2023,machinery,western,0,1,0,0,9999,-99,17.192470960803153,0.5299025241691302,0.15491415889238777,0,-0.1598454645272317,1.6235345128472074,5.181783439115713
263,2024,machinery,western,0,1,0,0,9999,-99,17.894109010993684,0.5331081592019088,0.15491415889238777,0,-0.1598454645272317,1.6797677443146568,5.3844938349382545
264,2016,textile,coastal,0,0,0,0,9999,-99,29.027481826241203,0.4466319413498018,0.33699821093893106,0,-0.7660783957029785,1.300569729637889,3.7256040021789727
264,2017,textile,coastal,0,0,0,0,9999,-99,30.212115832425585,0.4101439400893331,0.33699821093893106,0,-0.7660783957029785,1.4736214969559462,4.20009328084808
264,2018,textile,coastal,0,0,0,0,9999,-99,31.445095669536986,0.44099886654560416,0.33699821093893106,0,-0.7660783957029785,1.4710786520871397,4.419260227240104
264,2019,textile,coastal,0,0,0,0,9999,-99,32.728394368364505,0.5473482219975069,0.33699821093893106,0,-0.7660783957029785,1.5032958876838556,4.375822437545444
264,2020,textile,coastal,0,1,0,0,9999,-99,34.064065480611255,0.3429596645614166,0.33699821093893106,0,-0.7660783957029785,1.450114685565334,4.1322999781237755
264,2021,textile,coastal,0,1,0,0,9999,-99,35.45424636501521,0.6694849098201695,0.33699821093893106,0,-0.7660783957029785,1.5151177374937348,4.414211548052083
264,2022,textile,coastal,0,1,0,0,9999,-99,36.90116160757915,0.42880699119012006,0.33699821093893106,0,-0.7660783957029785,1.5638247735613957,4.721395174981787
264,2023,textile,coastal,0,1,0,0,9999,-99,38.40712658138288,0.5285951905022896,0.33699821093893106,0,-0.7660783957029785,1.6476866613943537,5.387614903307316
264,2024,textile,coastal,0,1,0,0,9999,-99,39.97455115167418,0.354626171869603,0.33699821093893106,0,-0.7660783957029785,1.5142361112825522,4.607978143305634
265,2016,textile,central,1,0,0,0,2020,-4,23.20674467659535,0.4962322583932417,0.14411169815356648,0,0.6556766573404396,1.4805986117681296,4.28336069326527
265,2017,textile,central,1,0,0,0,2020,-3,24.15382989333229,0.5794682098000501,0.14411169815356648,0,0.6556766573404396,1.3900805640663676,3.8151637655251243
265,2018,textile,central,1,0,0,0,2020,-2,25.13956639099043,0.68547950715859,0.14411169815356648,0,0.6556766573404396,1.4555100054358978,4.36093612966153
265,2019,textile,central,1,0,0,0,2020,-1,26.165531558267695,0.7941399591462276,0.14411169815356648,0,0.6556766573404396,1.4529538668093815,4.340232216396714
265,2020,textile,central,1,1,1,1,2020,0,27.233367158315964,0.6474014881435568,0.14411169815356648,0,0.6556766573404396,1.5842045211775275,4.9530224138606265
265,2021,textile,central,1,1,1,1,2020,1,28.3447819559124,0.5785919260873149,0.14411169815356648,0,0.6556766573404396,1.6378424778805023,4.923965982388607
265,2022,textile,central,1,1,1,1,2020,2,29.50155445184762,0.5432447027769248,0.14411169815356648,0,0.6556766573404396,1.6078278173827973,5.034150026494029
265,2023,textile,central,1,1,1,1,2020,3,30.705535728906415,0.5861656983076328,0.14411169815356648,0,0.6556766573404396,1.8037427414408764,5.981403764736218
265,2024,textile,central,1,1,1,1,2020,4,31.95865241399513,0.5589136916623721,0.14411169815356648,0,0.6556766573404396,1.843984705509778,6.14284146072112
266,2016,electronics,central,0,0,0,0,9999,-99,21.277671575851222,0.6408600752628767,0.3836083577817201,0,-0.04591364744248045,1.4260760025935384,4.281369571395051
266,2017,electronics,central,0,0,0,0,9999,-99,22.146029825873082,0.6059596925982148,0.3836083577817201,0,-0.04591364744248045,1.386948281839523,3.980208441875739
266,2018,electronics,central,0,0,0,0,9999,-99,23.049826448354686,0.5970776186303292,0.3836083577817201,0,-0.04591364744248045,1.4931009728837483,4.555539386233056
266,2019,electronics,central,0,0,0,0,9999,-99,23.990507710712226,0.6078354203874559,0.3836083577817201,0,-0.04591364744248045,1.5496353361936768,4.66401116523994
266,2020,electronics,central,0,1,0,0,9999,-99,24.969578903654853,0.5472380108676412,0.3836083577817201,0,-0.04591364744248045,1.5411549528663373,4.568124802068949
266,2021,electronics,central,0,1,0,0,9999,-99,25.98860674997093,0.6248390878862362,0.3836083577817201,0,-0.04591364744248045,1.5930315369864438,4.801777210088941
266,2022,electronics,central,0,1,0,0,9999,-99,27.049221911618773,0.6129543568547319,0.3836083577817201,0,-0.04591364744248045,1.4932234513694789,4.558375296718932
266,2023,electronics,central,0,1,0,0,9999,-99,28.15312159913364,0.5450749568917085,0.3836083577817201,0,-0.04591364744248045,1.6774842875519762,5.50350030737386
266,2024,electronics,central,0,1,0,0,9999,-99,29.302072287526737,0.6820468386424232,0.3836083577817201,0,-0.04591364744248045,1.623566040855507,5.4768594243230675
267,2016,machinery,coastal,0,0,0,0,9999,-99,17.5383084010755,0.6116637838843756,0.26929549797506686,0,0.7082712148991408,1.8043571891709038,6.059198987539163
267,2017,machinery,coastal,0,0,0,0,9999,-99,18.254060344948257,0.5422003936135984,0.26929549797506686,0,0.7082712148991408,1.9960918143103514,7.513345243400249
267,2018,machinery,coastal,0,0,0,0,9999,-99,18.999022679780172,0.518188847538922,0.26929549797506686,0,0.7082712148991408,1.8808508955827172,6.548690680367798
267,2019,machinery,coastal,0,0,0,0,9999,-99,19.774387504240742,0.5584762375183909,0.26929549797506686,0,0.7082712148991408,1.9129745383164762,6.823267713462418
267,2020,machinery,coastal,0,1,0,0,9999,-99,20.581395567469094,0.5697625059050305,0.26929549797506686,0,0.7082712148991408,1.8640825921410862,6.726129226816443
267,2021,machinery,coastal,0,1,0,0,9999,-99,21.421338254537297,0.6660976838592427,0.26929549797506686,0,0.7082712148991408,2.040040683122793,7.475534424140536
267,2022,machinery,coastal,0,1,0,0,9999,-99,22.295559652941986,0.6382142472844627,0.26929549797506686,0,0.7082712148991408,2.0050962246546375,7.333456910657221
267,2023,machinery,coastal,0,1,0,0,9999,-99,23.20545870343112,0.7288776356300566,0.26929549797506686,0,0.7082712148991408,1.9851234579304176,7.4946357338970575
267,2024,machinery,coastal,0,1,0,0,9999,-99,24.15249143860764,0.6689444757603084,0.26929549797506686,0,0.7082712148991408,2.0366690438865636,7.493355548788093
268,2016,electronics,central,1,0,0,0,2020,-4,24.756091274489414,0.69555350161768,0.28218702677915036,0,0.7813918274538416,2.0946756608245813,8.293473101864846
268,2017,electronics,central,1,0,0,0,2020,-3,25.766406525378752,0.6574846418411205,0.28218702677915036,0,0.7813918274538416,2.1226913223506068,8.03207713234242
268,2018,electronics,central,1,0,0,0,2020,-2,26.817953523835268,0.6887628783407522,0.28218702677915036,0,0.7813918274538416,2.3089741410631186,9.750427993864754
268,2019,electronics,central,1,0,0,0,2020,-1,27.91241496939847,0.7135039266694441,0.28218702677915036,0,0.7813918274538416,2.25420127484421,9.697692427226839
268,2020,electronics,central,1,1,1,1,2020,0,29.051542233878827,0.5553968832972027,0.28218702677915036,0,0.7813918274538416,2.3108871030553133,9.53447508892241
268,2021,electronics,central,1,1,1,1,2020,1,30.237158163926285,0.5550474589516813,0.28218702677915036,0,0.7813918274538416,2.357293874990233,10.791007291983453
268,2022,electronics,central,1,1,1,1,2020,2,31.47115999797381,0.7002999316849495,0.28218702677915036,0,0.7813918274538416,2.3885781816942075,10.745223212009765
268,2023,electronics,central,1,1,1,1,2020,3,32.75552240222364,0.5040831443222448,0.28218702677915036,0,0.7813918274538416,2.4505338264176273,11.758700002483405
268,2024,electronics,central,1,1,1,1,2020,4,34.0923006305345,0.6480589698807873,0.28218702677915036,0,0.7813918274538416,2.730604237375386,14.405850721084713
269,2016,chemicals,western,0,0,0,0,9999,-99,30.746055599955785,0.5028669650395428,0.5961485768019563,0,-0.5666414676793036,1.5385572837621813,4.574337025465444
269,2017,chemicals,western,0,0,0,0,9999,-99,32.00082593235219,0.4855988618856637,0.5961485768019563,0,-0.5666414676793036,1.6356537951500882,5.042230494168214
269,2018,chemicals,western,0,0,0,0,9999,-99,33.306804413447345,0.5215107269326721,0.5961485768019563,0,-0.5666414676793036,1.5548384892489924,4.862385352716732
269,2019,chemicals,western,0,0,0,0,9999,-99,34.66608088743458,0.4552625532448631,0.5961485768019563,0,-0.5666414676793036,1.804197642181362,5.939416305410827
269,2020,chemicals,western,0,1,0,0,9999,-99,36.08083048666674,0.5763721979030638,0.5961485768019563,0,-0.5666414676793036,1.7423908428078998,5.6690161765147975
269,2021,chemicals,western,0,1,0,0,9999,-99,37.55331711233193,0.49283447262080166,0.5961485768019563,0,-0.5666414676793036,1.8088049233027175,6.037904957850206
269,2022,chemicals,western,0,1,0,0,9999,-99,39.08589705717846,0.4997857021674872,0.5961485768019563,0,-0.5666414676793036,1.805479793076185,6.316137473698972
269,2023,chemicals,western,0,1,0,0,9999,-99,40.6810227760859,0.49505288040728185,0.5961485768019563,0,-0.5666414676793036,1.808118359321081,6.0705041405251245
269,2024,chemicals,western,0,1,0,0,9999,-99,42.34124681051615,0.4591590354665878,0.5961485768019563,0,-0.5666414676793036,1.9501782097693654,7.1851102311117865
270,2016,machinery,coastal,1,0,0,0,2020,-4,54.787711688499435,0.6131644401332706,0.17468487253656884,0,0.8152732069524729,1.5482172689656533,4.58880952938333
270,2017,machinery,coastal,1,0,0,0,2020,-3,57.02364061873645,0.6432985592797115,0.17468487253656884,0,0.8152732069524729,1.4469300386253305,4.334140412310599
270,2018,machinery,coastal,1,0,0,0,2020,-2,59.35081953965561,0.5458763164162107,0.17468487253656884,0,0.8152732069524729,1.4781812857509764,4.5680947926463285
270,2019,machinery,coastal,1,0,0,0,2020,-1,61.772972434021675,0.7326099550065404,0.17468487253656884,0,0.8152732069524729,1.6279191973749423,5.217998159829786
270,2020,machinery,coastal,1,1,1,1,2020,0,64.29397526321915,0.7357935118712782,0.17468487253656884,0,0.8152732069524729,1.6986448739061022,5.522933186831441
270,2021,machinery,coastal,1,1,1,1,2020,1,66.9178621696174,0.5900053287532968,0.17468487253656884,0,0.8152732069524729,1.6371869482331662,5.357031695797269
270,2022,machinery,coastal,1,1,1,1,2020,2,69.648831932059,0.6595323943656219,0.17468487253656884,0,0.8152732069524729,1.7722815350727292,6.052886895575849
270,2023,machinery,coastal,1,1,1,1,2020,3,72.49125468480186,0.44482122925091416,0.17468487253656884,0,0.8152732069524729,1.9106031905719298,6.892580287894441
270,2024,machinery,coastal,1,1,1,1,2020,4,75.44967891066622,0.5078325876048017,0.17468487253656884,0,0.8152732069524729,1.7526405762923722,5.645893694559043
271,2016,electronics,coastal,1,0,0,0,2020,-4,23.692405897428156,0.5798493190789883,0.22552776379722156,0,0.2287355587215615,1.5180105974145963,4.5847260424132115
271,2017,electronics,coastal,1,0,0,0,2020,-3,24.659311324582504,0.5395621595303839,0.22552776379722156,0,0.2287355587215615,1.6409406732942402,5.16406718659766
271,2018,electronics,coastal,1,0,0,0,2020,-2,25.665676910789845,0.5490196521807844,0.22552776379722156,0,0.2287355587215615,1.5548544388485428,4.719398503245629
271,2019,electronics,coastal,1,0,0,0,2020,-1,26.71311305569088,0.48501618449025663,0.22552776379722156,0,0.2287355587215615,1.6473924197369878,5.1136368085262776
271,2020,electronics,coastal,1,1,1,1,2020,0,27.803295880582418,0.5215561845765162,0.22552776379722156,0,0.2287355587215615,1.7657457447963412,5.786733504646227
271,2021,electronics,coastal,1,1,1,1,2020,1,28.937969910569024,0.4984236302454562,0.22552776379722156,0,0.2287355587215615,1.7504643478486916,5.427939877066764
271,2022,electronics,coastal,1,1,1,1,2020,2,30.118950866175382,0.6291924663927307,0.22552776379722156,0,0.2287355587215615,1.8771858445575444,6.560219854624912
271,2023,electronics,coastal,1,1,1,1,2020,3,31.348128568886498,0.5237434010303942,0.22552776379722156,0,0.2287355587215615,1.9907536325177562,6.904812490425722
271,2024,electronics,coastal,1,1,1,1,2020,4,32.627469965265284,0.5767231516565846,0.22552776379722156,0,0.2287355587215615,1.9582455007406236,7.17483239187332
272,2016,chemicals,central,0,0,0,0,9999,-99,22.060099518399305,0.5706709344044452,0.06137953778533461,1,-1.0579485844394967,1.569714873238395,4.711779847415299
272,2017,chemicals,central,0,0,0,0,9999,-99,22.96038925850631,0.6247111732563424,0.06137953778533461,1,-1.0579485844394967,1.7334885804792521,5.880515023000704
272,2018,chemicals,central,0,0,0,0,9999,-99,23.89742051990455,0.45595469533633964,0.06137953778533461,1,-1.0579485844394967,1.6633886281931738,5.451591506240331
272,2019,chemicals,central,0,0,0,0,9999,-99,24.87269275252292,0.32767897616375435,0.06137953778533461,1,-1.0579485844394967,1.7198392246337246,6.092001131475761
272,2020,chemicals,central,0,1,0,0,9999,-99,25.887766600002784,0.5489561423575008,0.06137953778533461,1,-1.0579485844394967,1.76822206639333,5.924518867023579
272,2021,chemicals,central,0,1,0,0,9999,-99,26.944266397060744,0.5081258480113391,0.06137953778533461,1,-1.0579485844394967,1.840077341585855,6.102937739217074
272,2022,chemicals,central,0,1,0,0,9999,-99,28.043882768770747,0.5342117031498388,0.06137953778533461,1,-1.0579485844394967,1.8106467444402392,6.486133983130232
272,2023,chemicals,central,0,1,0,0,9999,-99,29.188375335924853,0.5185208928949168,0.06137953778533461,1,-1.0579485844394967,1.864919048955038,6.420123421745482
272,2024,chemicals,central,0,1,0,0,9999,-99,30.37957553080196,0.5903303492541311,0.06137953778533461,1,-1.0579485844394967,1.8116471617233834,6.1544329707943985
273,2016,chemicals,western,0,0,0,0,9999,-99,26.979206326370715,0.5523839958450588,0.39144390728139783,0,-0.11597365061390945,1.2267877481996992,3.3361243572480257
273,2017,chemicals,western,0,0,0,0,9999,-99,28.08024862364608,0.58370025584775,0.39144390728139783,0,-0.11597365061390945,1.307397154792164,3.758629289238203
273,2018,chemicals,western,0,0,0,0,9999,-99,29.226225309491824,0.4793958923097469,0.39144390728139783,0,-0.11597365061390945,1.3874801481015442,3.991751102990098
273,2019,chemicals,western,0,0,0,0,9999,-99,30.418970191093358,0.5483457053463027,0.39144390728139783,0,-0.11597365061390945,1.4458337024143098,4.158542013032619
273,2020,chemicals,western,0,1,0,0,9999,-99,31.660391914727057,0.4725767126433353,0.39144390728139783,0,-0.11597365061390945,1.4501642673671684,4.136393765813536
273,2021,chemicals,western,0,1,0,0,9999,-99,32.952477020001496,0.5932797947954015,0.39144390728139783,0,-0.11597365061390945,1.6954380277572034,5.677794723598447
273,2022,chemicals,western,0,1,0,0,9999,-99,34.29729311874464,0.6107338844651533,0.39144390728139783,0,-0.11597365061390945,1.4711319662516258,4.424903887497613
273,2023,chemicals,western,0,1,0,0,9999,-99,35.69699220362387,0.5279923677042093,0.39144390728139783,0,-0.11597365061390945,1.5349573465922735,4.524417608287747
273,2024,chemicals,western,0,1,0,0,9999,-99,37.153814091793414,0.6263642372443604,0.39144390728139783,0,-0.11597365061390945,1.5828034340600354,4.774446164232728
274,2016,textile,central,0,0,0,0,9999,-99,40.29452153309885,0.5039420841306935,0.06699505256846036,1,0.09406932017264226,0.9781654054238087,2.7192183026343986
274,2017,textile,central,0,0,0,0,9999,-99,41.938972152576476,0.5897265275632467,0.06699505256846036,1,0.09406932017264226,1.0879439005816685,2.803833339895409
274,2018,textile,central,0,0,0,0,9999,-99,43.650534074956134,0.42013833766877595,0.06699505256846036,1,0.09406932017264226,1.1933452362304975,3.5200616812507888
274,2019,textile,central,0,0,0,0,9999,-99,45.43194616446632,0.5678312195270855,0.06699505256846036,1,0.09406932017264226,1.1589720810834416,3.381772088411629
274,2020,textile,central,0,1,0,0,9999,-99,47.28605906050509,0.5278133446831746,0.06699505256846036,1,0.09406932017264226,1.22962742097394,3.4876712604473226
274,2021,textile,central,0,1,0,0,9999,-99,49.215839739271296,0.671172809507385,0.06699505256846036,1,0.09406932017264226,1.2457763652178526,3.465867714838491
274,2022,textile,central,0,1,0,0,9999,-99,51.22437626155946,0.568297741879635,0.06699505256846036,1,0.09406932017264226,1.2553253251336487,3.5473735169996847
274,2023,textile,central,0,1,0,0,9999,-99,53.31488271431589,0.5766017484569149,0.06699505256846036,1,0.09406932017264226,1.266332810746268,3.468949372056864
274,2024,textile,central,0,1,0,0,9999,-99,55.49070435386351,0.6516903725793678,0.06699505256846036,1,0.09406932017264226,1.3330847260377228,3.837383941029175
275,2016,machinery,western,1,0,0,0,2020,-4,67.30702678171963,0.5876860626277958,0.556636713264704,1,1.2699176973686377,1.653029064000807,5.2680598097602545
275,2017,machinery,western,1,0,0,0,2020,-3,70.05387865326941,0.593243641496315,0.556636713264704,1,1.2699176973686377,1.7780778404099968,6.113361873364866
275,2018,machinery,western,1,0,0,0,2020,-2,72.91283167628896,0.6485626401247331,0.556636713264704,1,1.2699176973686377,1.7250416379698226,5.403343175551785
275,2019,machinery,western,1,0,0,0,2020,-1,75.8884607855576,0.5465670057424359,0.556636713264704,1,1.2699176973686377,1.7492396489958504,5.89081488519566
275,2020,machinery,western,1,1,1,1,2020,0,78.98552762248491,0.5552873588024323,0.556636713264704,1,1.2699176973686377,1.7728341096235265,5.708177720550391
275,2021,machinery,western,1,1,1,1,2020,1,82.20898815475277,0.7182466815265522,0.556636713264704,1,1.2699176973686377,1.8614470181824285,6.529968569523736
275,2022,machinery,western,1,1,1,1,2020,2,85.56400060692111,0.6594076392735041,0.556636713264704,1,1.2699176973686377,1.905870990289158,6.770049774804451
275,2023,machinery,western,1,1,1,1,2020,3,89.05593371468753,0.5454295656580429,0.556636713264704,1,1.2699176973686377,1.9408928528457965,7.2113413177051
275,2024,machinery,western,1,1,1,1,2020,4,92.69037531600995,0.7071671133641068,0.556636713264704,1,1.2699176973686377,2.1558855166512116,8.300179055846813
276,2016,textile,western,1,0,0,0,2020,-4,30.7750363396559,0.4877605845452567,0.0994747019227383,0,-0.34856662392133786,1.156753056180818,3.164015060053922
276,2017,textile,western,1,0,0,0,2020,-3,32.03098939847614,0.6377591040601681,0.0994747019227383,0,-0.34856662392133786,1.2578307528564612,3.5759556630284197
276,2018,textile,western,1,0,0,0,2020,-2,33.33819887397613,0.61125244930139,0.0994747019227383,0,-0.34856662392133786,1.213895373389388,3.1797996990557205
276,2019,textile,western,1,0,0,0,2020,-1,34.698756580202904,0.6157528634375958,0.0994747019227383,0,-0.34856662392133786,1.2964872829311296,3.6567941436996154
276,2020,textile,western,1,1,1,1,2020,0,36.114839699754214,0.5882465536937374,0.0994747019227383,0,-0.34856662392133786,1.3871677097978998,3.900835366166235
276,2021,textile,western,1,1,1,1,2020,1,37.58871426773518,0.5239603547137361,0.0994747019227383,0,-0.34856662392133786,1.4942370910486873,4.300584656162271
276,2022,textile,western,1,1,1,1,2020,2,39.12273879789792,0.658192038079827,0.0994747019227383,0,-0.34856662392133786,1.4242632452725874,4.349450375909499
276,2023,textile,western,1,1,1,1,2020,3,40.71936805676671,0.5489423554711187,0.0994747019227383,0,-0.34856662392133786,1.5965795216123622,5.010564307399816
276,2024,textile,western,1,1,1,1,2020,4,42.381156991788174,0.6196991474073233,0.0994747019227383,0,-0.34856662392133786,1.5453598873039225,4.753491079112482
277,2016,electronics,central,0,0,0,0,9999,-99,12.570202782682763,0.5803413435167154,0.16693439648601557,0,1.5708644989582856,2.0300109495062135,7.606238845179527
277,2017,electronics,central,0,0,0,0,9999,-99,13.08320248999936,0.593760248577722,0.16693439648601557,0,1.5708644989582856,2.062845184111198,8.579684492738057
277,2018,electronics,central,0,0,0,0,9999,-99,13.617138112532016,0.6590575513419091,0.16693439648601557,0,1.5708644989582856,2.040542354029411,7.4360240150137145
277,2019,electronics,central,0,0,0,0,9999,-99,14.172864061189124,0.7946063809118448,0.16693439648601557,0,1.5708644989582856,2.21919066455521,9.26416872818307
277,2020,electronics,central,0,1,0,0,9999,-99,14.751269616049727,0.8299620118301368,0.16693439648601557,0,1.5708644989582856,2.149953484299018,8.537773407636218
277,2021,electronics,central,0,1,0,0,9999,-99,15.35328034940137,0.7571560127050586,0.16693439648601557,0,1.5708644989582856,2.263097205977097,9.322787789600946
277,2022,electronics,central,0,1,0,0,9999,-99,15.97985960685322,0.7156890787402918,0.16693439648601557,0,1.5708644989582856,2.166645361595818,8.460086555098538
277,2023,electronics,central,0,1,0,0,9999,-99,16.63201004889457,0.7680674503378739,0.16693439648601557,0,1.5708644989582856,2.153336468317287,8.748892958950215
277,2024,electronics,central,0,1,0,0,9999,-99,17.31077525536554,0.5982279580513785,0.16693439648601557,0,1.5708644989582856,2.220731749560685,9.493226427670635
278,2016,electronics,central,1,0,0,0,2020,-4,24.25155325333412,0.6095353830261477,0.09343811240773532,0,0.7698791459606226,1.9137586837690863,6.845148258328018
278,2017,electronics,central,1,0,0,0,2020,-3,25.241277916970617,0.5454736094641692,0.09343811240773532,0,0.7698791459606226,1.992666806466812,7.440074932630115
278,2018,electronics,central,1,0,0,0,2020,-2,26.27139401036742,0.5370353621477703,0.09343811240773532,0,0.7698791459606226,2.042692092630166,8.08639071550896
278,2019,electronics,central,1,0,0,0,2020,-1,27.343549939043786,0.7073351203288114,0.09343811240773532,0,0.7698791459606226,1.8912007741998573,6.7908388090719205
278,2020,electronics,central,1,1,1,1,2020,0,28.459461381224394,0.5660419092142501,0.09343811240773532,0,0.7698791459606226,2.0456066860129702,8.21629975780382
278,2021,electronics,central,1,1,1,1,2020,1,29.620914033290536,0.7254630909500693,0.09343811240773532,0,0.7698791459606226,2.248091670773129,9.816334327293166
278,2022,electronics,central,1,1,1,1,2020,2,30.8297664672753,0.5738739011661853,0.09343811240773532,0,0.7698791459606226,2.2209063120378283,9.718354345800908
278,2023,electronics,central,1,1,1,1,2020,3,32.08795310497533,0.6244106248503305,0.09343811240773532,0,0.7698791459606226,2.3363685387597095,10.617512172908237
278,2024,electronics,central,1,1,1,1,2020,4,33.397487313438425,0.718203275184246,0.09343811240773532,0,0.7698791459606226,2.367978481710583,10.561294589003952
279,2016,machinery,coastal,0,0,0,0,9999,-99,14.418483942579641,0.4741230702586092,0.2961755239115696,0,-2.1142577074058213,1.4393960387246836,3.93937595686654
279,2017,machinery,coastal,0,0,0,0,9999,-99,15.006913434956834,0.3659159499782184,0.2961755239115696,0,-2.1142577074058213,1.455026524818336,4.307717588637131
279,2018,machinery,coastal,0,0,0,0,9999,-99,15.619357190475576,0.4989604383754573,0.2961755239115696,0,-2.1142577074058213,1.529240614251238,4.598678079466032
279,2019,machinery,coastal,0,0,0,0,9999,-99,16.25679524980633,0.21911615057886855,0.2961755239115696,0,-2.1142577074058213,1.6123037945185514,4.899818305933933
279,2020,machinery,coastal,0,1,0,0,9999,-99,16.920247649838064,0.34578755829320995,0.2961755239115696,0,-2.1142577074058213,1.6638407012853118,5.317103315979503
279,2021,machinery,coastal,0,1,0,0,9999,-99,17.610776055954894,0.3401824577981433,0.2961755239115696,0,-2.1142577074058213,1.6439183525842351,4.858879557080694
279,2022,machinery,coastal,0,1,0,0,9999,-99,18.329485460927188,0.27019729416283755,0.2961755239115696,0,-2.1142577074058213,1.6619082469017163,5.142569074166809
279,2023,machinery,coastal,0,1,0,0,9999,-99,19.077525953135748,0.37634324776242,0.2961755239115696,0,-2.1142577074058213,1.620280458434134,5.048420312955798
279,2024,machinery,coastal,0,1,0,0,9999,-99,19.8560945569586,0.3588418566325523,0.2961755239115696,0,-2.1142577074058213,1.744113015399562,5.81872789008462
280,2016,machinery,coastal,0,0,0,0,9999,-99,15.582922943447665,0.5340857680564979,0.38294453428418906,0,-1.0355759565569556,1.831189257799351,6.513613588023371
280,2017,machinery,coastal,0,0,0,0,9999,-99,16.21887409295009,0.45425003106021755,0.38294453428418906,0,-1.0355759565569556,1.9960279264798841,7.4968989657846405
280,2018,machinery,coastal,0,0,0,0,9999,-99,16.880778901212256,0.39979709512516637,0.38294453428418906,0,-1.0355759565569556,1.8926587111327318,6.39622947270303
280,2019,machinery,coastal,0,0,0,0,9999,-99,17.56969655714126,0.4154276051364725,0.38294453428418906,0,-1.0355759565569556,1.9481414737582876,7.236545997912023
280,2020,machinery,coastal,0,1,0,0,9999,-99,18.286729475963533,0.3981791873729784,0.38294453428418906,0,-1.0355759565569556,1.910702304066256,6.905122961761236
280,2021,machinery,coastal,0,1,0,0,9999,-99,19.03302506332437,0.5047547237177528,0.38294453428418906,0,-1.0355759565569556,2.1162771951565795,8.676700011268368
280,2022,machinery,coastal,0,1,0,0,9999,-99,19.809777551381767,0.5049058980119467,0.38294453428418906,0,-1.0355759565569556,2.0029755121183825,7.427742130713481
280,2023,machinery,coastal,0,1,0,0,9999,-99,20.61822990983265,0.3868836225026878,0.38294453428418906,0,-1.0355759565569556,2.008805124003052,7.360267017960629
280,2024,machinery,coastal,0,1,0,0,9999,-99,21.459675834929577,0.47063381395758047,0.38294453428418906,0,-1.0355759565569556,2.1406950318570153,8.338005609726325
281,2016,textile,western,0,0,0,0,9999,-99,54.09869149689847,0.6426454300143414,0.537542464859389,0,0.5865478772980256,1.9199774118843265,6.6569101918776115
281,2017,textile,western,0,0,0,0,9999,-99,56.30650097968206,0.6131674794354445,0.537542464859389,0,0.5865478772980256,1.9005966816116147,6.720543960473817
281,2018,textile,western,0,0,0,0,9999,-99,58.60441287672736,0.5888034136978674,0.537542464859389,0,0.5865478772980256,1.964490137818902,7.182248297789002
281,2019,textile,western,0,0,0,0,9999,-99,60.996104337316964,0.5802896712617591,0.537542464859389,0,0.5865478772980256,2.045619316827304,7.644366804898548
281,2020,textile,western,0,1,0,0,9999,-99,63.48540257804256,0.8211822017250201,0.537542464859389,0,0.5865478772980256,2.0177906609465084,8.246232976138277
281,2021,textile,western,0,1,0,0,9999,-99,66.07629100716791,0.5876355404180849,0.537542464859389,0,0.5865478772980256,2.0945681393764706,8.282044317833735
281,2022,textile,western,0,1,0,0,9999,-99,68.77291559893197,0.8516812395675588,0.537542464859389,0,0.5865478772980256,2.0458645313162966,7.674502700364773
281,2023,textile,western,0,1,0,0,9999,-99,71.57959152799216,0.6125248596358658,0.537542464859389,0,0.5865478772980256,2.146826314629209,8.071432822888486
281,2024,textile,western,0,1,0,0,9999,-99,74.50081007462444,0.6132233133974353,0.537542464859389,0,0.5865478772980256,2.165628742185488,9.23015935629498
282,2016,electronics,coastal,0,0,0,0,9999,-99,20.563798176140953,0.4635018754937747,0.6062091427165753,0,-1.4553341986087887,1.5506650840998295,4.55633021897603
282,2017,electronics,coastal,0,0,0,0,9999,-99,21.403022700045284,0.4304323930486513,0.6062091427165753,0,-1.4553341986087887,1.5616954254667939,4.636394312435824
282,2018,electronics,coastal,0,0,0,0,9999,-99,22.276496626491394,0.4144060915856824,0.6062091427165753,0,-1.4553341986087887,1.7844161045164293,6.0090726158444765
282,2019,electronics,coastal,0,0,0,0,9999,-99,23.185617700112633,0.46921793259844874,0.6062091427165753,0,-1.4553341986087887,1.7427796335547725,5.877054920232304
282,2020,electronics,coastal,0,1,0,0,9999,-99,24.13184070858297,0.4246889542701629,0.6062091427165753,0,-1.4553341986087887,1.8326906134591225,6.44910933959844
282,2021,electronics,coastal,0,1,0,0,9999,-99,25.11667981058763,0.48537791912573636,0.6062091427165753,0,-1.4553341986087887,1.7382653551600622,5.696645077085824
282,2022,electronics,coastal,0,1,0,0,9999,-99,26.14171095880004,0.44040364092152434,0.6062091427165753,0,-1.4553341986087887,1.8020219230954742,5.860508556772548
282,2023,electronics,coastal,0,1,0,0,9999,-99,27.208574421742306,0.4512653404439238,0.6062091427165753,0,-1.4553341986087887,1.8228662526047006,6.1959406709828935
282,2024,electronics,coastal,0,1,0,0,9999,-99,28.318977408564823,0.2899562106377865,0.6062091427165753,0,-1.4553341986087887,1.9378648614630087,6.717203771119632
283,2016,electronics,coastal,0,0,0,0,9999,-99,17.452978138325626,0.508085684017006,0.2123694635864508,0,0.4761825510507366,2.1011187985572564,7.992608194499468
283,2017,electronics,coastal,0,0,0,0,9999,-99,18.16524768811352,0.5599025953517336,0.2123694635864508,0,0.4761825510507366,2.0903389413817997,8.386361791355098
283,2018,electronics,coastal,0,0,0,0,9999,-99,18.906585509661927,0.5665004494594639,0.2123694635864508,0,0.4761825510507366,2.1674588661645524,8.341718543991439
283,2019,electronics,coastal,0,0,0,0,9999,-99,19.678177901645817,0.6083219713813257,0.2123694635864508,0,0.4761825510507366,2.23432172436585,9.681967404393431
283,2020,electronics,coastal,0,1,0,0,9999,-99,20.48125957650753,0.5758517475467801,0.2123694635864508,0,0.4761825510507366,2.185599082370569,8.421695207382783
283,2021,electronics,coastal,0,1,0,0,9999,-99,21.317115636260066,0.6080805931386091,0.2123694635864508,0,0.4761825510507366,2.3275667499529784,9.91712732086541
283,2022,electronics,coastal,0,1,0,0,9999,-99,22.187083628924505,0.5384309225258596,0.2123694635864508,0,0.4761825510507366,2.2203147092508,9.846365761046561
283,2023,electronics,coastal,0,1,0,0,9999,-99,23.092555688892176,0.48440567532069,0.2123694635864508,0,0.4761825510507366,2.2406805002256815,9.472485121531687
283,2024,electronics,coastal,0,1,0,0,9999,-99,24.034980764636707,0.6897840560564433,0.2123694635864508,0,0.4761825510507366,2.26813585808625,9.66147257517064
284,2016,textile,coastal,1,0,0,0,2020,-4,44.535801742121116,0.7286671438318835,0.4237635613659192,0,1.3826155601759385,1.5901610584892638,4.635370888899432
284,2017,textile,coastal,1,0,0,0,2020,-3,46.35334229049579,0.7614686822952311,0.4237635613659192,0,1.3826155601759385,1.6633436009558238,5.160974093486678
284,2018,textile,coastal,1,0,0,0,2020,-2,48.245058075775695,0.5868281457115343,0.4237635613659192,0,1.3826155601759385,1.6361503527063974,5.354027216559184
284,2019,textile,coastal,1,0,0,0,2020,-1,50.21397624680483,0.5808478291121686,0.4237635613659192,0,1.3826155601759385,1.8224166313884536,6.017826430309863
284,2020,textile,coastal,1,1,1,1,2020,0,52.26324749271513,0.7276082934847787,0.4237635613659192,0,1.3826155601759385,1.8583762770185854,6.408356277892478
284,2021,textile,coastal,1,1,1,1,2020,1,54.39615108470123,0.6882707642748574,0.4237635613659192,0,1.3826155601759385,1.8491604588093082,6.296757076608912
284,2022,textile,coastal,1,1,1,1,2020,2,56.616100123554006,0.6103876079586099,0.4237635613659192,0,1.3826155601759385,1.8616793090913768,6.337888645816057
284,2023,textile,coastal,1,1,1,1,2020,3,58.926647001350005,0.6183668731938385,0.4237635613659192,0,1.3826155601759385,1.9970457928264613,7.265395919413502
284,2024,textile,coastal,1,1,1,1,2020,4,61.331489086036676,0.609212106264809,0.4237635613659192,0,1.3826155601759385,2.0740605385039195,7.5033829777564085
285,2016,chemicals,coastal,0,0,0,0,9999,-99,24.951054796174034,0.4669309745303876,0.1929670033123828,0,-0.26816127279002727,1.5965111398716822,4.834262047648415
285,2017,chemicals,coastal,0,0,0,0,9999,-99,25.969326659322597,0.4334381321999286,0.1929670033123828,0,-0.26816127279002727,1.5299297530677933,4.632462397488014
285,2018,chemicals,coastal,0,0,0,0,9999,-99,27.029154985544583,0.41571402156486914,0.1929670033123828,0,-0.26816127279002727,1.7287166120860973,5.699495815328785
285,2019,chemicals,coastal,0,0,0,0,9999,-99,28.132235726270707,0.501922244704964,0.1929670033123828,0,-0.26816127279002727,1.694173141411861,5.624674971675527
285,2020,chemicals,coastal,0,1,0,0,9999,-99,29.280334046022578,0.5607499228241603,0.1929670033123828,0,-0.26816127279002727,1.7861736100108734,5.862221341526097
285,2021,chemicals,coastal,0,1,0,0,9999,-99,30.4752871470525,0.3749547165402067,0.1929670033123828,0,-0.26816127279002727,1.6075440352037031,5.074879430498744
285,2022,chemicals,coastal,0,1,0,0,9999,-99,31.71900720925905,0.6045272213950037,0.1929670033123828,0,-0.26816127279002727,1.727656634054543,5.576944151925268
285,2023,chemicals,coastal,0,1,0,0,9999,-99,33.013484450082856,0.4949702021409151,0.1929670033123828,0,-0.26816127279002727,1.7559415795360565,5.849772889621238
285,2024,chemicals,coastal,0,1,0,0,9999,-99,34.36079030927911,0.7044382219432589,0.1929670033123828,0,-0.26816127279002727,1.9538708842899064,6.731284539148475
286,2016,chemicals,central,1,0,0,0,2020,-4,14.499926416269336,0.619719473370732,0.2413742865926138,0,1.4076926838914374,1.6806715432798653,5.383304736666838
286,2017,chemicals,central,1,0,0,0,2020,-3,15.091679639049948,0.7478478704230803,0.2413742865926138,0,1.4076926838914374,1.7024563718240044,5.408870111356942
286,2018,chemicals,central,1,0,0,0,2020,-2,15.70758276898308,0.7102842140244264,0.2413742865926138,0,1.4076926838914374,1.8226850497092724,6.091957196490032
286,2019,chemicals,central,1,0,0,0,2020,-1,16.348621382476296,0.7790255322455923,0.2413742865926138,0,1.4076926838914374,1.8264754565104282,6.113065142727313
286,2020,chemicals,central,1,1,1,1,2020,0,17.015821278073386,0.6847402795347666,0.2413742865926138,0,1.4076926838914374,1.8792154100963883,6.42006903180258
286,2021,chemicals,central,1,1,1,1,2020,1,17.710250117950874,0.7953454100337012,0.2413742865926138,0,1.4076926838914374,1.816660667071015,6.036547883142121
286,2022,chemicals,central,1,1,1,1,2020,2,18.433019136405285,0.6268910968203166,0.2413742865926138,0,1.4076926838914374,1.9697433966887623,7.184556582892505
286,2023,chemicals,central,1,1,1,1,2020,3,19.18528491806509,0.860517760401794,0.2413742865926138,0,1.4076926838914374,1.9797934302255755,7.064726100298646
286,2024,chemicals,central,1,1,1,1,2020,4,19.96825124867288,0.6124421556106068,0.2413742865926138,0,1.4076926838914374,2.076624719292293,7.944678353801612
287,2016,textile,western,1,0,0,0,2020,-4,24.78488165091893,0.49283021646692493,0.1871475229627202,0,1.3239345560687565,1.291048637826928,3.7267206398520965
287,2017,textile,western,1,0,0,0,2020,-3,25.79637185935965,0.5699059172795748,0.1871475229627202,0,1.3239345560687565,1.3216918295255848,3.880270883931311
287,2018,textile,western,1,0,0,0,2020,-2,26.849141766294856,0.5069521117943823,0.1871475229627202,0,1.3239345560687565,1.4940289608591828,4.398389758644172
287,2019,textile,western,1,0,0,0,2020,-1,27.944876028178534,0.6553992623802083,0.1871475229627202,0,1.3239345560687565,1.4835781768047556,4.153217525701224
287,2020,textile,western,1,1,1,1,2020,0,29.08532805359881,0.6233108854916485,0.1871475229627202,0,1.3239345560687565,1.5463826467239807,4.73262802234005
287,2021,textile,western,1,1,1,1,2020,1,30.272322809105766,0.7537496644707421,0.1871475229627202,0,1.3239345560687565,1.6501123782168747,5.085548600087943
287,2022,textile,western,1,1,1,1,2020,2,31.507759739547264,0.5874865583909898,0.1871475229627202,0,1.3239345560687565,1.587072877520612,4.881582178384027
287,2023,textile,western,1,1,1,1,2020,3,32.793615807585944,0.5206419601363834,0.1871475229627202,0,1.3239345560687565,1.6297952120878305,4.967153158301635
287,2024,textile,western,1,1,1,1,2020,4,34.131948657261276,0.6762527310157426,0.1871475229627202,0,1.3239345560687565,1.7544181005961434,5.503671172425589
288,2016,chemicals,coastal,0,0,0,0,9999,-99,12.903686934930251,0.46480117388742936,0.14183593944078846,0,-0.05634217967280286,1.9922946603776088,7.601370220683449
288,2017,chemicals,coastal,0,0,0,0,9999,-99,13.43029638868096,0.5748469721363444,0.14183593944078846,0,-0.05634217967280286,2.0422869333982168,7.595933124686699
288,2018,chemicals,coastal,0,0,0,0,9999,-99,13.978397181936266,0.47501554663946766,0.14183593944078846,0,-0.05634217967280286,2.2134733328578733,9.061719745411168
288,2019,chemicals,coastal,0,0,0,0,9999,-99,14.548866392899782,0.5726575950355913,0.14183593944078846,0,-0.05634217967280286,2.198698553024946,9.538472046208813
288,2020,chemicals,coastal,0,1,0,0,9999,-99,15.142616894015642,0.5983511755218213,0.14183593944078846,0,-0.05634217967280286,2.234064901918422,9.572287140623468
288,2021,chemicals,coastal,0,1,0,0,9999,-99,15.760598812759158,0.7379895286252551,0.14183593944078846,0,-0.05634217967280286,2.0781621761472686,8.37958630559229
288,2022,chemicals,coastal,0,1,0,0,9999,-99,16.403801052043494,0.5491106235056998,0.14183593944078846,0,-0.05634217967280286,2.155482972006744,8.48624860218494
288,2023,chemicals,coastal,0,1,0,0,9999,-99,17.073252872675297,0.5923747584029756,0.14183593944078846,0,-0.05634217967280286,2.2186236874739396,9.231381627178747
288,2024,chemicals,coastal,0,1,0,0,9999,-99,17.770025540391597,0.4705194989434458,0.14183593944078846,0,-0.05634217967280286,2.2535700240431042,9.833281930183313
289,2016,machinery,central,0,0,0,0,9999,-99,16.42598078135326,0.5967161777757264,0.3143207340295795,0,-0.03335946399133509,1.8456429968114587,6.426155599437758
289,2017,machinery,central,0,0,0,0,9999,-99,17.09633777390958,0.5240486171845038,0.3143207340295795,0,-0.03335946399133509,1.8705333187357132,6.386217291921784
289,2018,machinery,central,0,0,0,0,9999,-99,17.7940525543174,0.43944105005523926,0.3143207340295795,0,-0.03335946399133509,1.8144586308161668,6.43827538829903
289,2019,machinery,central,0,0,0,0,9999,-99,18.520241615079136,0.5978317660951168,0.3143207340295795,0,-0.03335946399133509,1.9545406380435528,6.9155356454490615
289,2020,machinery,central,0,1,0,0,9999,-99,19.2760670136206,0.595006970673216,0.3143207340295795,0,-0.03335946399133509,1.9318546210545111,7.411993198640845
289,2021,machinery,central,0,1,0,0,9999,-99,20.062738231830814,0.4977031511998693,0.3143207340295795,0,-0.03335946399133509,2.011620549031703,7.384030950264547
289,2022,machinery,central,0,1,0,0,9999,-99,20.881514111491057,0.4688602810841584,0.3143207340295795,0,-0.03335946399133509,1.9431073869808286,7.143997879942503
289,2023,machinery,central,0,1,0,0,9999,-99,21.733704868690285,0.5605328658847136,0.3143207340295795,0,-0.03335946399133509,2.0521293648788133,7.658856499968996
289,2024,machinery,central,0,1,0,0,9999,-99,22.620674190450416,0.4499778415480266,0.3143207340295795,0,-0.03335946399133509,1.9950773317387511,7.35118447951688
290,2016,textile,coastal,0,0,0,0,9999,-99,26.28816422081396,0.5230925885327218,0.013439711197211362,0,0.18123852035006066,1.5678533307192923,4.676857620997816
290,2017,textile,coastal,0,0,0,0,9999,-99,27.36100455476202,0.5203494117006314,0.013439711197211362,0,0.18123852035006066,1.6719970699744084,5.092688657110725
290,2018,textile,coastal,0,0,0,0,9999,-99,28.47762833332332,0.6478512049792956,0.013439711197211362,0,0.18123852035006066,1.5097726143276102,4.742710360429689
290,2019,textile,coastal,0,0,0,0,9999,-99,29.639822392769336,0.5501705578861813,0.013439711197211362,0,0.18123852035006066,1.761625844853961,5.887602213920921
290,2020,textile,coastal,0,1,0,0,9999,-99,30.849446491543134,0.5190275336702044,0.013439711197211362,0,0.18123852035006066,1.829571777716216,6.158377688792481
290,2021,textile,coastal,0,1,0,0,9999,-99,32.108436286269665,0.5725528562263585,0.013439711197211362,0,0.18123852035006066,1.7428111046825885,5.910407948843417
290,2022,textile,coastal,0,1,0,0,9999,-99,33.4188064292193,0.7324676862866588,0.013439711197211362,0,0.18123852035006066,1.8488051044945095,6.445535643985409
290,2023,textile,coastal,0,1,0,0,9999,-99,34.7826537921813,0.5181657722139636,0.013439711197211362,0,0.18123852035006066,1.7358441180098427,5.545852658596259
290,2024,textile,coastal,0,1,0,0,9999,-99,36.20216082190603,0.5700539808724897,0.013439711197211362,0,0.18123852035006066,1.8808329858185078,6.6042977805387455
291,2016,machinery,western,1,0,0,0,2020,-4,7.701072839337535,0.6206936450332134,0.34882417884322114,0,0.44489465428690567,1.5823100541816404,4.933688558930527
291,2017,machinery,western,1,0,0,0,2020,-3,8.015359584022873,0.6300502891958261,0.34882417884322114,0,0.44489465428690567,1.753055304167964,5.861848425956237
291,2018,machinery,western,1,0,0,0,2020,-2,8.342472614077227,0.5200621858453497,0.34882417884322114,0,0.44489465428690567,1.6536300501412913,5.260749293759365
291,2019,machinery,western,1,0,0,0,2020,-1,8.682935380136515,0.6476488043408247,0.34882417884322114,0,0.44489465428690567,1.7787827420245435,6.209545301306033
291,2020,machinery,western,1,1,1,1,2020,0,9.037292695262364,0.5692275843166041,0.34882417884322114,0,0.44489465428690567,1.8323481709825191,6.126458782797891
291,2021,machinery,western,1,1,1,1,2020,1,9.406111606759236,0.500665302598271,0.34882417884322114,0,0.44489465428690567,1.9086372227183301,6.85009195055313
291,2022,machinery,western,1,1,1,1,2020,2,9.78998230357109,0.6170178833144898,0.34882417884322114,0,0.44489465428690567,1.8808432481809974,6.118666228459816
291,2023,machinery,western,1,1,1,1,2020,3,10.189519060709605,0.609829220185207,0.34882417884322114,0,0.44489465428690567,2.01675438836755,7.263085602663573
291,2024,machinery,western,1,1,1,1,2020,4,10.605361222225262,0.6950560621472793,0.34882417884322114,0,0.44489465428690567,1.998256519417421,7.212379098990609
292,2016,machinery,western,0,0,0,0,9999,-99,33.35447880429853,0.46849095500855725,0.3879094897229202,0,-1.5574582576773173,1.561688831727776,4.681953071141913
292,2017,machinery,western,0,0,0,0,9999,-99,34.715700907085555,0.4341479136262951,0.3879094897229202,0,-1.5574582576773173,1.7534992277163823,5.696868143008706
292,2018,machinery,western,0,0,0,0,9999,-99,36.13247553773512,0.3580610873627185,0.3879094897229202,0,-1.5574582576773173,1.7511185235207611,5.670508746472003
292,2019,machinery,western,0,0,0,0,9999,-99,37.607069837917614,0.5602680874284728,0.3879094897229202,0,-1.5574582576773173,1.7621146399971017,5.638498298903844
292,2020,machinery,western,0,1,0,0,9999,-99,39.14184347311024,0.33169885465382026,0.3879094897229202,0,-1.5574582576773173,1.8026245022181906,5.856698772581908
292,2021,machinery,western,0,1,0,0,9999,-99,40.73925240856515,0.3220167210189213,0.3879094897229202,0,-1.5574582576773173,1.8367367019177891,6.381721238539589
292,2022,machinery,western,0,1,0,0,9999,-99,42.40185283937781,0.49649437297859444,0.3879094897229202,0,-1.5574582576773173,1.81237802494914,6.17432585722882
292,2023,machinery,western,0,1,0,0,9999,-99,44.13230528094453,0.24444185454867493,0.3879094897229202,0,-1.5574582576773173,1.9161856373328754,6.783902155213849
292,2024,machinery,western,0,1,0,0,9999,-99,45.933378826354705,0.3800692708546626,0.3879094897229202,0,-1.5574582576773173,1.8629254638132358,6.457367342497116
293,2016,chemicals,central,1,0,0,0,2020,-4,27.13407989346719,0.3627372974523819,0.39803898774069946,0,-0.14491682582006976,1.700345994644015,5.266027611517344
293,2017,chemicals,central,1,0,0,0,2020,-3,28.241442700917702,0.5705058590031344,0.39803898774069946,0,-0.14491682582006976,1.7008654716023597,5.335751722174257
293,2018,chemicals,central,1,0,0,0,2020,-2,29.393997841852126,0.4571403243732866,0.39803898774069946,0,-0.14491682582006976,1.836988015601945,6.457890703178735
293,2019,chemicals,central,1,0,0,0,2020,-1,30.5935896503875,0.44663361747873837,0.39803898774069946,0,-0.14491682582006976,1.9001927193448362,6.665540812039395
293,2020,chemicals,central,1,1,1,1,2020,0,31.84213772934405,0.6330403974881004,0.39803898774069946,0,-0.14491682582006976,1.9606249032408158,7.2743891872893265
293,2021,chemicals,central,1,1,1,1,2020,1,33.14164002201924,0.6271910925939959,0.39803898774069946,0,-0.14491682582006976,1.9137440725011792,6.526329353196308
293,2022,chemicals,central,1,1,1,1,2020,2,34.49417600932328,0.6701907587423492,0.39803898774069946,0,-0.14491682582006976,1.9679066379283605,7.15510211012775
293,2023,chemicals,central,1,1,1,1,2020,3,35.90191003739226,0.5236904448507465,0.39803898774069946,0,-0.14491682582006976,2.0577727563967723,7.733378641134276
293,2024,chemicals,central,1,1,1,1,2020,4,37.36709478100372,0.4816248006590489,0.39803898774069946,0,-0.14491682582006976,2.1863301780063717,9.261441195208512
294,2016,machinery,central,0,0,0,0,9999,-99,35.33205769147922,0.43235060283381926,0.48828273443120884,0,-1.6732542295802204,1.582859295110322,4.95868772312862
294,2017,machinery,central,0,0,0,0,9999,-99,36.77398631967861,0.4233679487198766,0.48828273443120884,0,-1.6732542295802204,1.581680175687361,4.986375054043327
294,2018,machinery,central,0,0,0,0,9999,-99,38.27476117152499,0.3467809164332277,0.48828273443120884,0,-1.6732542295802204,1.6038920521061482,4.917567540392267
294,2019,machinery,central,0,0,0,0,9999,-99,39.83678380696369,0.4027927687876791,0.48828273443120884,0,-1.6732542295802204,1.5950989992767473,4.837229030157435
294,2020,machinery,central,0,1,0,0,9999,-99,41.46255379546067,0.5194074259805039,0.48828273443120884,0,-1.6732542295802204,1.7421432355942552,5.51586750788364
294,2021,machinery,central,0,1,0,0,9999,-99,43.154672715846964,0.4172458415797099,0.48828273443120884,0,-1.6732542295802204,1.5594926185297742,4.635781542983207
294,2022,machinery,central,0,1,0,0,9999,-99,44.915848319399814,0.45197737729793075,0.48828273443120884,0,-1.6732542295802204,1.813468230112864,5.9105172794458065
294,2023,machinery,central,0,1,0,0,9999,-99,46.748898862822394,0.35712029024716624,0.48828273443120884,0,-1.6732542295802204,1.916577966385993,6.8496163277205016
294,2024,machinery,central,0,1,0,0,9999,-99,48.65675761805584,0.3136261195596468,0.48828273443120884,0,-1.6732542295802204,1.7859693585044811,6.029688135025217
295,2016,textile,western,0,0,0,0,9999,-99,20.33318820152486,0.55536166620261,0.2998741072111728,0,-0.34513322502923377,1.210427246921861,3.280233913326614
295,2017,textile,western,0,0,0,0,9999,-99,21.163001353828623,0.6673840044318919,0.2998741072111728,0,-0.34513322502923377,1.3067986460508043,3.772494830088723
295,2018,textile,western,0,0,0,0,9999,-99,22.02667982331293,0.48261338523862696,0.2998741072111728,0,-0.34513322502923377,1.3432883560470341,3.8221671638663595
295,2019,textile,western,0,0,0,0,9999,-99,22.925605679790188,0.5957217496807097,0.2998741072111728,0,-0.34513322502923377,1.3485135686652459,3.7915800148279666
295,2020,textile,western,0,1,0,0,9999,-99,23.86121739641184,0.612745644173686,0.2998741072111728,0,-0.34513322502923377,1.5129121085099166,4.518938944589768
295,2021,textile,western,0,1,0,0,9999,-99,24.835012151532286,0.6134764103160489,0.2998741072111728,0,-0.34513322502923377,1.418446919151064,4.026109946115859
295,2022,textile,western,0,1,0,0,9999,-99,25.84854822451369,0.4946832639570443,0.2998741072111728,0,-0.34513322502923377,1.4316125770887105,4.1622344207473585
295,2023,textile,western,0,1,0,0,9999,-99,26.90344748930537,0.5847971749370123,0.2998741072111728,0,-0.34513322502923377,1.3741176658272805,3.9721268049545566
295,2024,textile,western,0,1,0,0,9999,-99,28.00139800978819,0.42073923737133917,0.2998741072111728,0,-0.34513322502923377,1.4844520724068173,4.260516320381901
296,2016,machinery,coastal,0,0,0,0,9999,-99,29.30697104044106,0.6190048369813288,0.18055186392170477,0,-0.21940533655214675,2.3453927003226656,10.360979127257849
296,2017,machinery,coastal,0,0,0,0,9999,-99,30.50301121783536,0.4259902778187803,0.18055186392170477,0,-0.21940533655214675,2.4256688706964407,11.527280566542286
296,2018,machinery,coastal,0,0,0,0,9999,-99,31.747862720834327,0.6206315484014425,0.18055186392170477,0,-0.21940533655214675,2.482935355406207,12.426676656612475
296,2019,machinery,coastal,0,0,0,0,9999,-99,33.043517577425234,0.542682712266546,0.18055186392170477,0,-0.21940533655214675,2.40041815804297,11.338131177122325
296,2020,machinery,coastal,0,1,0,0,9999,-99,34.39204911179975,0.5762300267441307,0.18055186392170477,0,-0.21940533655214675,2.55845793688792,13.048585771330648
296,2021,machinery,coastal,0,1,0,0,9999,-99,35.795615262114936,0.43582846086018034,0.18055186392170477,0,-0.21940533655214675,2.606583697882206,13.7874295127692
296,2022,machinery,coastal,0,1,0,0,9999,-99,37.256462033654714,0.3890402312745286,0.18055186392170477,0,-0.21940533655214675,2.638723505011293,14.11892953517424
296,2023,machinery,coastal,0,1,0,0,9999,-99,38.776927092917475,0.5475048069994155,0.18055186392170477,0,-0.21940533655214675,2.6225375851993236,14.387587795381965
296,2024,machinery,coastal,0,1,0,0,9999,-99,40.35944350838124,0.5318509104791859,0.18055186392170477,0,-0.21940533655214675,2.597939886402012,13.516714125633763
297,2016,electronics,western,0,0,0,0,9999,-99,15.568750314113531,0.5953943757912865,0.5983578421480363,0,-1.817429411176526,1.6478871694980002,5.1469305103870395
297,2017,electronics,western,0,0,0,0,9999,-99,16.20412306764049,0.504008583259365,0.5983578421480363,0,-1.817429411176526,1.5125267605200694,4.395970151192536
297,2018,electronics,western,0,0,0,0,9999,-99,16.86542587513964,0.37385106270961,0.5983578421480363,0,-1.817429411176526,1.5870431075776392,5.142349642854789
297,2019,electronics,western,0,0,0,0,9999,-99,17.553716962188425,0.5520047003486107,0.5983578421480363,0,-1.817429411176526,1.6600913985938808,5.223486697076132
297,2020,electronics,western,0,1,0,0,9999,-99,18.27009774136939,0.3823238329288435,0.5983578421480363,0,-1.817429411176526,1.7694276163874614,5.923952943293817
297,2021,electronics,western,0,1,0,0,9999,-99,19.015714574765276,0.34130850274176483,0.5983578421480363,0,-1.817429411176526,1.5637531226627108,4.828780524782053
297,2022,electronics,western,0,1,0,0,9999,-99,19.79176060838293,0.5299950596973586,0.5983578421480363,0,-1.817429411176526,1.739632156051785,5.981371303732769
297,2023,electronics,western,0,1,0,0,9999,-99,20.59947768144145,0.36280084508261196,0.5983578421480363,0,-1.817429411176526,1.728208829343694,5.715724117993917
297,2024,electronics,western,0,1,0,0,9999,-99,21.4401583135799,0.4794355758205366,0.5983578421480363,0,-1.817429411176526,1.7247195504928106,5.456415435634514
298,2016,electronics,western,0,0,0,0,9999,-99,16.032482000599654,0.5454916498734899,0.20563401314789287,1,-1.263536983215834,1.4325802522751068,4.260840516808637
298,2017,electronics,western,0,0,0,0,9999,-99,16.686780003269654,0.5814885433799157,0.20563401314789287,1,-1.263536983215834,1.531421129915916,4.548146019840345
298,2018,electronics,western,0,0,0,0,9999,-99,17.367780413981155,0.3947801881398633,0.20563401314789287,1,-1.263536983215834,1.4199842593252723,4.097969432012771
298,2019,electronics,western,0,0,0,0,9999,-99,18.07657297867912,0.48903382038295073,0.20563401314789287,1,-1.263536983215834,1.5142772564916065,4.487384961507683
298,2020,electronics,western,0,1,0,0,9999,-99,18.81429191668422,0.6673636015955291,0.20563401314789287,1,-1.263536983215834,1.5847281858550095,4.752696059761265
298,2021,electronics,western,0,1,0,0,9999,-99,19.582117735685696,0.39337583478116916,0.20563401314789287,1,-1.263536983215834,1.6383613738552827,5.321481899128897
298,2022,electronics,western,0,1,0,0,9999,-99,20.381279120805523,0.4415707570081692,0.20563401314789287,1,-1.263536983215834,1.6077239603350686,5.01412303723506
298,2023,electronics,western,0,1,0,0,9999,-99,21.213054900756752,0.541457659967749,0.20563401314789287,1,-1.263536983215834,1.69399700678864,5.594144593402225
298,2024,electronics,western,0,1,0,0,9999,-99,22.078776094242276,0.3649734986600469,0.20563401314789287,1,-1.263536983215834,1.651347742788871,5.352275712481693
299,2016,machinery,western,0,0,0,0,9999,-99,25.42840263457917,0.5992090149198653,0.2215114985016105,1,-0.3980898574811445,1.3570876213260055,4.0709501347678625
299,2017,machinery,western,0,0,0,0,9999,-99,26.466155432572112,0.5544268340660593,0.2215114985016105,1,-0.3980898574811445,1.4362622367803857,4.331278148346265
299,2018,machinery,western,0,0,0,0,9999,-99,27.546259725671465,0.49222018529598643,0.2215114985016105,1,-0.3980898574811445,1.4256605610721254,4.004914048794994
299,2019,machinery,western,0,0,0,0,9999,-99,28.67044391118072,0.6907497744977418,0.2215114985016105,1,-0.3980898574811445,1.4546931109925805,4.37094732459829
299,2020,machinery,western,0,1,0,0,9999,-99,29.84050692363545,0.4338012835099677,0.2215114985016105,1,-0.3980898574811445,1.5349617762763639,4.588578742708488
299,2021,machinery,western,0,1,0,0,9999,-99,31.05832111348233,0.5013071513507639,0.2215114985016105,1,-0.3980898574811445,1.6375351109851952,4.954810647106602
299,2022,machinery,western,0,1,0,0,9999,-99,32.32583524323934,0.43215225927089995,0.2215114985016105,1,-0.3980898574811445,1.6662746677536098,5.3009373895701
299,2023,machinery,western,0,1,0,0,9999,-99,33.645077605931526,0.5451796936157034,0.2215114985016105,1,-0.3980898574811445,1.6369044246812612,5.109348423464548
299,2024,machinery,western,0,1,0,0,9999,-99,35.01815927079258,0.5843045668410605,0.2215114985016105,1,-0.3980898574811445,1.6276266903218266,5.0197167917469345
300,2016,textile,western,1,0,0,0,2020,-4,24.58435365279655,0.761068939625746,0.3273671722327796,0,2.160345106755486,1.401814323560821,3.9885473466303902
300,2017,textile,western,1,0,0,0,2020,-3,25.587660158386644,0.7489923885431206,0.3273671722327796,0,2.160345106755486,1.4644162610794542,4.322344639923306
300,2018,textile,western,1,0,0,0,2020,-2,26.631912379222133,0.668099342251458,0.3273671722327796,0,2.160345106755486,1.4758852269742389,4.375319332486468
300,2019,textile,western,1,0,0,0,2020,-1,27.718781341642035,0.7112755025154631,0.3273671722327796,0,2.160345106755486,1.5219948397939576,4.787882325230132
300,2020,textile,western,1,1,1,1,2020,0,28.850006267863975,0.6099245630395992,0.3273671722327796,0,2.160345106755486,1.502024152136534,4.667892877414115
300,2021,textile,western,1,1,1,1,2020,1,30.027397359110754,0.7509191269375608,0.3273671722327796,0,2.160345106755486,1.6713561660856575,5.034742136523978
300,2022,textile,western,1,1,1,1,2020,2,31.252838692318537,0.8072283366664497,0.3273671722327796,0,2.160345106755486,1.863055714720218,6.533793832122161
300,2023,textile,western,1,1,1,1,2020,3,32.52829123506188,0.7140161722625505,0.3273671722327796,0,2.160345106755486,1.7630838806220401,5.88019498806135
300,2024,textile,western,1,1,1,1,2020,4,33.85579598352024,0.7426198888888573,0.3273671722327796,0,2.160345106755486,1.9010837855682345,6.881057357323829
301,2016,textile,central,0,0,0,0,9999,-99,24.19079714298961,0.47878634642697004,0.25364614529350554,0,-1.3867368131355684,1.1642754101264037,3.2328390579887096
301,2017,textile,central,0,0,0,0,9999,-99,25.178042302726027,0.3652722607866822,0.25364614529350554,0,-1.3867368131355684,1.2177892223203677,3.3959520279113815
301,2018,textile,central,0,0,0,0,9999,-99,26.205577701748982,0.4339571506896134,0.25364614529350554,0,-1.3867368131355684,1.249378563493682,3.3002882878945794
301,2019,textile,central,0,0,0,0,9999,-99,27.275047615916144,0.30011974881588754,0.25364614529350554,0,-1.3867368131355684,1.440486915029535,4.415082057343665
301,2020,textile,central,0,1,0,0,9999,-99,28.388163425255932,0.4079868836618095,0.25364614529350554,0,-1.3867368131355684,1.4631491250156443,4.347464056649103
301,2021,textile,central,0,1,0,0,9999,-99,29.546706352540667,0.41521385380034476,0.25364614529350554,0,-1.3867368131355684,1.4743628792937185,4.305070781593673
301,2022,textile,central,0,1,0,0,9999,-99,30.752530313623005,0.39779106704960787,0.25364614529350554,0,-1.3867368131355684,1.4582099236569588,4.312235652171075
301,2023,textile,central,0,1,0,0,9999,-99,32.007564884096844,0.5277899277618071,0.25364614529350554,0,-1.3867368131355684,1.4528862760350694,4.276693042043726
301,2024,textile,central,0,1,0,0,9999,-99,33.31381838702994,0.5033647739106539,0.25364614529350554,0,-1.3867368131355684,1.4002183073708458,3.9921398694159542
302,2016,machinery,central,0,0,0,0,9999,-99,44.57952601771564,0.47794291228495733,0.37121409525668975,0,0.1245523542643073,1.7728793922763364,5.992920888465188
302,2017,machinery,central,0,0,0,0,9999,-99,46.39885098762832,0.4291085077856571,0.37121409525668975,0,0.1245523542643073,1.8791138624242547,6.815947167608946
302,2018,machinery,central,0,0,0,0,9999,-99,48.2924240180707,0.46950660135923017,0.37121409525668975,0,0.1245523542643073,1.9312258916862424,7.039934142612719
302,2019,machinery,central,0,0,0,0,9999,-99,50.26327522987525,0.569913209243821,0.37121409525668975,0,0.1245523542643073,1.9710396555911254,7.24097604328829
302,2020,machinery,central,0,1,0,0,9999,-99,52.31455840545154,0.5438243953888064,0.37121409525668975,0,0.1245523542643073,1.9841228040427201,7.153325799571266
302,2021,machinery,central,0,1,0,0,9999,-99,54.44955603551093,0.623723483192242,0.37121409525668975,0,0.1245523542643073,2.015971905169046,7.792028016459225
302,2022,machinery,central,0,1,0,0,9999,-99,56.67168457175196,0.5953157670016125,0.37121409525668975,0,0.1245523542643073,2.0863651345318064,8.215844623226552
302,2023,machinery,central,0,1,0,0,9999,-99,58.98449989391197,0.48750022609405136,0.37121409525668975,0,0.1245523542643073,2.0706242098437033,8.320513985758378
302,2024,machinery,central,0,1,0,0,9999,-99,61.39170299993337,0.6784023780978377,0.37121409525668975,0,0.1245523542643073,2.075387453353012,8.206381369387929
303,2016,electronics,central,0,0,0,0,9999,-99,21.491104797504583,0.573344760110663,0.2498415615181619,0,-0.8935495461278214,1.9742970901752508,7.2276994398145415
303,2017,electronics,central,0,0,0,0,9999,-99,22.368173422540494,0.4855518910226077,0.2498415615181619,0,-0.8935495461278214,2.1041136450385323,8.156906492656962
303,2018,electronics,central,0,0,0,0,9999,-99,23.281035897183976,0.5209421294441383,0.2498415615181619,0,-0.8935495461278214,2.138065443731646,8.772298222076241
303,2019,electronics,central,0,0,0,0,9999,-99,24.231152996148836,0.555916597047785,0.2498415615181619,0,-0.8935495461278214,2.1213899361467323,8.695263717307572
303,2020,electronics,central,0,1,0,0,9999,-99,25.220045109495874,0.4267712130316165,0.2498415615181619,0,-0.8935495461278214,2.0547584253316824,7.557270412137165
303,2021,electronics,central,0,1,0,0,9999,-99,26.249294675581357,0.5311657866097521,0.2498415615181619,0,-0.8935495461278214,2.1192564552115614,8.021219641503029
303,2022,electronics,central,0,1,0,0,9999,-99,27.320548713295967,0.4935129860375806,0.2498415615181619,0,-0.8935495461278214,2.156180529502326,8.649306610767844
303,2023,electronics,central,0,1,0,0,9999,-99,28.435521457646427,0.40824387002721085,0.2498415615181619,0,-0.8935495461278214,2.304001556969003,9.865056864756612
303,2024,electronics,central,0,1,0,0,9999,-99,29.59599710289725,0.34647450421091985,0.2498415615181619,0,-0.8935495461278214,2.2206816305181856,8.824871426323314
304,2016,machinery,coastal,1,0,0,0,2020,-4,29.745883179974772,0.5392378224120324,0.12314429911057492,0,-0.37504268575003535,1.6792449671548273,5.613603583945513
304,2017,machinery,coastal,1,0,0,0,2020,-3,30.95983570158588,0.5104736830083397,0.12314429911057492,0,-0.37504268575003535,1.6533086345114054,5.106367250539883
304,2018,machinery,coastal,1,0,0,0,2020,-2,32.22333056543675,0.6334340774796804,0.12314429911057492,0,-0.37504268575003535,1.7177495121877335,5.748187316741191
304,2019,machinery,coastal,1,0,0,0,2020,-1,33.53838963286947,0.45592638301162247,0.12314429911057492,0,-0.37504268575003535,1.7307890137762523,5.533135134463519
304,2020,machinery,coastal,1,1,1,1,2020,0,34.90711727895283,0.5164277358356121,0.12314429911057492,0,-0.37504268575003535,1.7369138204520937,5.728039395192664
304,2021,machinery,coastal,1,1,1,1,2020,1,36.33170375993139,0.3392638172436393,0.12314429911057492,0,-0.37504268575003535,1.8528053442939645,6.4695739749144785
304,2022,machinery,coastal,1,1,1,1,2020,2,37.8144287181027,0.4561207908789877,0.12314429911057492,0,-0.37504268575003535,1.9027302856883062,6.759686774846045
304,2023,machinery,coastal,1,1,1,1,2020,3,39.35766482973134,0.5242225231032227,0.12314429911057492,0,-0.37504268575003535,1.8890436322843023,6.626311190380372
304,2024,machinery,coastal,1,1,1,1,2020,4,40.96388160183721,0.3836026789504572,0.12314429911057492,0,-0.37504268575003535,2.016315175884632,8.026381321817306
305,2016,electronics,western,1,0,0,0,2020,-4,28.375974682901614,0.5097389951107267,0.12219432476096138,0,0.9851755697159447,1.356605652032862,4.0562662122747675
305,2017,electronics,western,1,0,0,0,2020,-3,29.534020178174437,0.7100561163376119,0.12219432476096138,0,0.9851755697159447,1.4202495251018123,4.032179278433229
305,2018,electronics,western,1,0,0,0,2020,-2,30.73932640665935,0.7530217479700246,0.12219432476096138,0,0.9851755697159447,1.4677236144291768,4.357625446404685
305,2019,electronics,western,1,0,0,0,2020,-1,31.993822115467644,0.6317627770235246,0.12219432476096138,0,0.9851755697159447,1.5309154987734546,4.35020269554685
305,2020,electronics,western,1,1,1,1,2020,0,33.29951476537343,0.6817892903115015,0.12219432476096138,0,0.9851755697159447,1.7175224363019408,5.549883680928176
305,2021,electronics,western,1,1,1,1,2020,1,34.658493743179186,0.7508406667759865,0.12219432476096138,0,0.9851755697159447,1.7240013153157632,5.649086510309658
305,2022,electronics,western,1,1,1,1,2020,2,36.07293370518037,0.5789355995798386,0.12219432476096138,0,0.9851755697159447,1.6852344653248315,5.367641706389838
305,2023,electronics,western,1,1,1,1,2020,3,37.54509805707947,0.6503929619979899,0.12219432476096138,0,0.9851755697159447,1.7735680662901006,6.268172366313825
305,2024,electronics,western,1,1,1,1,2020,4,39.077342575918024,0.6973926780364453,0.12219432476096138,0,0.9851755697159447,1.9591684794689952,7.073198840062178
306,2016,machinery,coastal,0,0,0,0,9999,-99,26.105649253420854,0.6950903114655533,0.2881789812258218,1,0.3104747436334908,1.5389050373414148,4.512110021393604
306,2017,machinery,coastal,0,0,0,0,9999,-99,27.1710410102479,0.4881504490815245,0.2881789812258218,1,0.3104747436334908,1.5899496886846451,4.607335462523678
306,2018,machinery,coastal,0,0,0,0,9999,-99,28.27991222948925,0.4703122399632552,0.2881789812258218,1,0.3104747436334908,1.8592552804034665,6.595855516646658
306,2019,machinery,coastal,0,0,0,0,9999,-99,29.434037341667494,0.5039072635678047,0.2881789812258218,1,0.3104747436334908,1.82545538996564,6.085400574111056
306,2020,machinery,coastal,0,1,0,0,9999,-99,30.635263193188607,0.4913665328054418,0.2881789812258218,1,0.3104747436334908,1.63829167282424,5.22273707988291
306,2021,machinery,coastal,0,1,0,0,9999,-99,31.88551200169021,0.5102282776246461,0.2881789812258218,1,0.3104747436334908,1.953830143893502,7.059821730952257
306,2022,machinery,coastal,0,1,0,0,9999,-99,33.186784431999875,0.5707099269440107,0.2881789812258218,1,0.3104747436334908,1.847781159318817,6.270294981966114
306,2023,machinery,coastal,0,1,0,0,9999,-99,34.54116279762568,0.6124857520253968,0.2881789812258218,1,0.3104747436334908,1.8215793903944222,6.313248983494737
306,2024,machinery,coastal,0,1,0,0,9999,-99,35.95081439290211,0.6368296579268925,0.2881789812258218,1,0.3104747436334908,1.8723767621179563,6.149791740260897
307,2016,machinery,coastal,0,0,0,0,9999,-99,29.26812058157564,0.5254885138063325,0.1272851875627588,0,0.42577859925695133,1.7716679692164636,5.75166174598061
307,2017,machinery,coastal,0,0,0,0,9999,-99,30.462575241665913,0.6288529860272559,0.1272851875627588,0,0.42577859925695133,1.9582868582003505,7.218775100276013
307,2018,machinery,coastal,0,0,0,0,9999,-99,31.70577652117218,0.5861354005406687,0.1272851875627588,0,0.42577859925695133,1.967907993438783,7.0901818572045405
307,2019,machinery,coastal,0,0,0,0,9999,-99,32.99971380737206,0.7700273461102971,0.1272851875627588,0,0.42577859925695133,2.085856260077744,8.420334917366091
307,2020,machinery,coastal,0,1,0,0,9999,-99,34.34645767597816,0.4971207700311201,0.1272851875627588,0,0.42577859925695133,2.1207322044891295,8.367715428354817
307,2021,machinery,coastal,0,1,0,0,9999,-99,35.74816320450092,0.6762951900052451,0.1272851875627588,0,0.42577859925695133,2.1864115673606452,8.82938525992161
307,2022,machinery,coastal,0,1,0,0,9999,-99,37.20707342083245,0.5498845696697727,0.1272851875627588,0,0.42577859925695133,2.2003589945146604,8.578316153329485
307,2023,machinery,coastal,0,1,0,0,9999,-99,38.72552289256965,0.578720694948461,0.1272851875627588,0,0.42577859925695133,2.150947484776506,8.652098534578535
307,2024,machinery,coastal,0,1,0,0,9999,-99,40.30594146282048,0.6210988673267888,0.1272851875627588,0,0.42577859925695133,2.2027073945676707,8.566618174513717
308,2016,machinery,western,0,0,0,0,9999,-99,11.16525059553013,0.482196192233431,0.0683028175596862,0,0.48875873293237526,1.6215186530878207,5.042332596625124
308,2017,machinery,western,0,0,0,0,9999,-99,11.620913116385738,0.5924146255604621,0.0683028175596862,0,0.48875873293237526,1.7687309970816618,5.973575007170064
308,2018,machinery,western,0,0,0,0,9999,-99,12.095171577487921,0.6588465177539122,0.0683028175596862,0,0.48875873293237526,1.728400530430065,5.993114828234867
308,2019,machinery,western,0,0,0,0,9999,-99,12.588784893554973,0.5824440138789334,0.0683028175596862,0,0.48875873293237526,1.7904465814982522,5.954595154703381
308,2020,machinery,western,0,1,0,0,9999,-99,13.102542951202391,0.5705521274782291,0.0683028175596862,0,0.48875873293237526,1.8061463281466004,5.901409304533248
308,2021,machinery,western,0,1,0,0,9999,-99,13.63726787292998,0.5898075738901114,0.0683028175596862,0,0.48875873293237526,1.8532996512629387,6.361173125747582
308,2022,machinery,western,0,1,0,0,9999,-99,14.193815332693237,0.6761644871065882,0.0683028175596862,0,0.48875873293237526,1.8631384646695357,6.239574089156626
308,2023,machinery,western,0,1,0,0,9999,-99,14.773075925164237,0.5851739652766224,0.0683028175596862,0,0.48875873293237526,1.820462691901921,6.385761094393515
308,2024,machinery,western,0,1,0,0,9999,-99,15.375976590873123,0.5263935728551609,0.0683028175596862,0,0.48875873293237526,1.9147286779699644,6.619201545588593
309,2016,machinery,western,0,0,0,0,9999,-99,18.959144685304487,0.5794640703644959,0.421834520098441,0,0.575499599845922,1.9165818939978774,6.633674270230285
309,2017,machinery,western,0,0,0,0,9999,-99,19.732882057937264,0.6365769744446467,0.421834520098441,0,0.575499599845922,1.9506801692768752,7.031753677767342
309,2018,machinery,western,0,0,0,0,9999,-99,20.538196251768774,0.6669769314541418,0.421834520098441,0,0.575499599845922,1.992193255774978,7.690670478541086
309,2019,machinery,western,0,0,0,0,9999,-99,21.376375941318663,0.4892510517988107,0.421834520098441,0,0.575499599845922,1.9624308654148925,6.927940169441239
309,2020,machinery,western,0,1,0,0,9999,-99,22.24876239291142,0.7022099250143512,0.421834520098441,0,0.575499599845922,2.042265634814569,7.531798014039773
309,2021,machinery,western,0,1,0,0,9999,-99,23.156751610988625,0.5549758625347009,0.421834520098441,0,0.575499599845922,2.1250214934891214,8.825592033144746
309,2022,machinery,western,0,1,0,0,9999,-99,24.101796572013907,0.7227323572853819,0.421834520098441,0,0.575499599845922,2.0269937599833767,7.6229135154900804
309,2023,machinery,western,0,1,0,0,9999,-99,25.08540954954524,0.6521548122435677,0.421834520098441,0,0.575499599845922,2.0863287547029987,7.788457119384558
309,2024,machinery,western,0,1,0,0,9999,-99,26.109164534195312,0.48773968782000177,0.421834520098441,0,0.575499599845922,2.1611324906559424,8.794136381481534
310,2016,electronics,coastal,0,0,0,0,9999,-99,39.92574673106941,0.41829914513751854,0.38516327950821416,0,-2.1615670038640196,1.7100712766100734,5.629856064130151
310,2017,electronics,coastal,0,0,0,0,9999,-99,41.555147365373564,0.3009245157753327,0.38516327950821416,0,-2.1615670038640196,1.7775753204044065,5.840266511119575
310,2018,electronics,coastal,0,0,0,0,9999,-99,43.25104510103325,0.38093041514772846,0.38516327950821416,0,-2.1615670038640196,1.6201270619611778,4.945793940310014
310,2019,electronics,coastal,0,0,0,0,9999,-99,45.01615373623631,0.3603889957912246,0.38516327950821416,0,-2.1615670038640196,1.8129268993413075,6.122825103132466
310,2020,electronics,coastal,0,1,0,0,9999,-99,46.85329782137568,0.4444723466365867,0.38516327950821416,0,-2.1615670038640196,1.7478128198441167,6.042069996597068
310,2021,electronics,coastal,0,1,0,0,9999,-99,48.76541717893256,0.3665937275153689,0.38516327950821416,0,-2.1615670038640196,1.87090915310391,6.444946761784449
310,2022,electronics,coastal,0,1,0,0,9999,-99,50.75557160781959,0.3935016185264649,0.38516327950821416,0,-2.1615670038640196,1.9484908860307126,6.845898831355563
310,2023,electronics,coastal,0,1,0,0,9999,-99,52.8269457797119,0.31195864683528446,0.38516327950821416,0,-2.1615670038640196,1.8868505569506204,6.336791636026478
310,2024,electronics,coastal,0,1,0,0,9999,-99,54.98285433520127,0.3876342052117157,0.38516327950821416,0,-2.1615670038640196,1.8667560652450699,6.517123072821015
311,2016,electronics,western,1,0,0,0,2020,-4,21.318787433411735,0.5873143649161165,0.33510451055412765,1,0.3860462253269192,1.2820957617259814,3.5385395337197196
311,2017,electronics,western,1,0,0,0,2020,-3,22.188823653412225,0.6449439450172901,0.33510451055412765,1,0.3860462253269192,1.3173124747924083,3.889114875680401
311,2018,electronics,western,1,0,0,0,2020,-2,23.094366725126356,0.7679222748287604,0.33510451055412765,1,0.3860462253269192,1.3902362402414452,3.9398168911972284
311,2019,electronics,western,1,0,0,0,2020,-1,24.036865710661694,0.6014833940744369,0.33510451055412765,1,0.3860462253269192,1.4677526668597534,4.361947049756565
311,2020,electronics,western,1,1,1,1,2020,0,25.017828809472267,0.6647011382772823,0.33510451055412765,1,0.3860462253269192,1.5040047983353606,4.665571878023198
311,2021,electronics,western,1,1,1,1,2020,1,26.038825771799463,0.5877881152500111,0.33510451055412765,1,0.3860462253269192,1.5871112041449245,5.163124169775914
311,2022,electronics,western,1,1,1,1,2020,2,27.10149041060731,0.5721052169762992,0.33510451055412765,1,0.3860462253269192,1.539133231156362,4.653420754100235
311,2023,electronics,western,1,1,1,1,2020,3,28.207523216031777,0.6648968645028008,0.33510451055412765,1,0.3860462253269192,1.6239938864014647,4.814813442452365
311,2024,electronics,western,1,1,1,1,2020,4,29.3586940765278,0.6273074830741081,0.33510451055412765,1,0.3860462253269192,1.7935244401115606,5.829083600555712
312,2016,chemicals,western,0,0,0,0,9999,-99,33.286601084219335,0.7142742617582982,0.13490479923117807,0,-0.08508497907856256,1.428844176049613,4.458876648622161
312,2017,chemicals,western,0,0,0,0,9999,-99,34.645053044699516,0.5617530622096335,0.13490479923117807,0,-0.08508497907856256,1.5003511731997872,4.445705950926122
312,2018,chemicals,western,0,0,0,0,9999,-99,36.058944481390064,0.5642315704547141,0.13490479923117807,0,-0.08508497907856256,1.604558492970596,4.805629944628535
312,2019,chemicals,western,0,0,0,0,9999,-99,37.530537922235936,0.5735536773413659,0.13490479923117807,0,-0.08508497907856256,1.640067925771678,5.186969817278318
312,2020,chemicals,western,0,1,0,0,9999,-99,39.06218823069917,0.4825355872265264,0.13490479923117807,0,-0.08508497907856256,1.5090253214729115,4.6620098995428965
312,2021,chemicals,western,0,1,0,0,9999,-99,40.6563463740428,0.5165352807539866,0.13490479923117807,0,-0.08508497907856256,1.5185228740261945,4.284334584003669
312,2022,chemicals,western,0,1,0,0,9999,-99,42.31556334540138,0.6813548401011422,0.13490479923117807,0,-0.08508497907856256,1.6680378976665229,5.260548172859442
312,2023,chemicals,western,0,1,0,0,9999,-99,44.04249424591425,0.4394482220202245,0.13490479923117807,0,-0.08508497907856256,1.6401566359890165,4.903051846506777
312,2024,chemicals,western,0,1,0,0,9999,-99,45.839902533453824,0.5406302640869102,0.13490479923117807,0,-0.08508497907856256,1.798224503184341,6.039324876086005
313,2016,machinery,central,1,0,0,0,2020,-4,30.07036210279687,0.48841021119274325,0.07181496620008282,0,0.39745115695481015,1.7796254889663639,5.981972198920318
313,2017,machinery,central,1,0,0,0,2020,-3,31.297556860457462,0.7418492189076046,0.07181496620008282,0,0.39745115695481015,1.728951843499569,5.570148872626873
313,2018,machinery,central,1,0,0,0,2020,-2,32.57483438626303,0.34820369955078817,0.07181496620008282,0,0.39745115695481015,1.8983462091470973,6.889204688877341
313,2019,machinery,central,1,0,0,0,2020,-1,33.90423859675525,0.636269226690714,0.07181496620008282,0,0.39745115695481015,1.936029641963704,7.247385665145049
313,2020,machinery,central,1,1,1,1,2020,0,35.28789682229228,0.5217996077943484,0.07181496620008282,0,0.39745115695481015,1.9142656362360855,6.511939465433813
313,2021,machinery,central,1,1,1,1,2020,1,36.72802321123114,0.569649336014411,0.07181496620008282,0,0.39745115695481015,1.9988560584070307,7.506265706978568
313,2022,machinery,central,1,1,1,1,2020,2,38.22692227303749,0.5087178542515849,0.07181496620008282,0,0.39745115695481015,2.196419597207514,9.040618415081441
313,2023,machinery,central,1,1,1,1,2020,3,39.7869925659924,0.6455136100003621,0.07181496620008282,0,0.39745115695481015,2.1799157900368784,8.583297939374491
313,2024,machinery,central,1,1,1,1,2020,4,41.41073053539735,0.49244329730705216,0.07181496620008282,0,0.39745115695481015,2.2490179345058863,9.099317379486278
314,2016,chemicals,central,0,0,0,0,9999,-99,6.193758202107583,0.5596726246022758,0.1012447224797315,0,0.8363769172621162,1.4412774759643314,4.404411233659586
314,2017,chemicals,central,0,0,0,0,9999,-99,6.446530269496048,0.6849826004138748,0.1012447224797315,0,0.8363769172621162,1.5088458387884984,4.758319757133389
314,2018,chemicals,central,0,0,0,0,9999,-99,6.709618160648847,0.5435725965768552,0.1012447224797315,0,0.8363769172621162,1.6294835662017735,5.241292371613413
314,2019,chemicals,central,0,0,0,0,9999,-99,6.983442872320235,0.6564262087239586,0.1012447224797315,0,0.8363769172621162,1.60268217679456,4.665645240657364
314,2020,chemicals,central,0,1,0,0,9999,-99,7.268442582467939,0.6312465515150167,0.1012447224797315,0,0.8363769172621162,1.677352225000743,5.248703665041167
314,2021,chemicals,central,0,1,0,0,9999,-99,7.565073351431376,0.6556315269287069,0.1012447224797315,0,0.8363769172621162,1.7165471678906525,5.519478562405802
314,2022,chemicals,central,0,1,0,0,9999,-99,7.873809851725496,0.6784157169119217,0.1012447224797315,0,0.8363769172621162,1.6227665401457572,4.896515756956086
314,2023,chemicals,central,0,1,0,0,9999,-99,8.195146127618067,0.654991446669811,0.1012447224797315,0,0.8363769172621162,1.6267058595337698,5.213329683949741
314,2024,chemicals,central,0,1,0,0,9999,-99,8.529596385705913,0.6949610862194545,0.1012447224797315,0,0.8363769172621162,1.8033056998243258,6.033003039243905
315,2016,chemicals,coastal,1,0,0,0,2020,-4,13.49908190841366,0.5148632025905052,0.12808169045378537,0,0.4156628060061221,2.137575157017466,8.73370572649506
315,2017,chemicals,coastal,1,0,0,0,2020,-3,14.049989891982483,0.4764113515760729,0.12808169045378537,0,0.4156628060061221,2.053209655188064,7.969698757977526
315,2018,chemicals,coastal,1,0,0,0,2020,-2,14.623380856869517,0.49171447512239397,0.12808169045378537,0,0.4156628060061221,2.117348610591414,8.067583650621847
315,2019,chemicals,coastal,1,0,0,0,2020,-1,15.220172350948511,0.5355918841525591,0.12808169045378537,0,0.4156628060061221,2.2430723607936285,9.786496116965688
315,2020,chemicals,coastal,1,1,1,1,2020,0,15.841319367932302,0.5345262411480979,0.12808169045378537,0,0.4156628060061221,2.2812826630620395,9.978917345062198
315,2021,chemicals,coastal,1,1,1,1,2020,1,16.487815875566493,0.4638906227919532,0.12808169045378537,0,0.4156628060061221,2.3104965607777825,9.596859433027117
315,2022,chemicals,coastal,1,1,1,1,2020,2,17.16069640618991,0.580949605158254,0.12808169045378537,0,0.4156628060061221,2.3361464869347635,10.116758270577938
315,2023,chemicals,coastal,1,1,1,1,2020,3,17.861037712207054,0.41474791346637724,0.12808169045378537,0,0.4156628060061221,2.4729681325691977,12.695271005529854
315,2024,chemicals,coastal,1,1,1,1,2020,4,18.58996048912167,0.4663942438222144,0.12808169045378537,0,0.4156628060061221,2.379379546182283,11.091603663281106
316,2016,electronics,coastal,0,0,0,0,9999,-99,18.036250562486803,0.6777579820808944,0.5614371968164897,0,0.6904016820280002,2.1615457765625274,8.883917063325729
316,2017,electronics,coastal,0,0,0,0,9999,-99,18.772323911469787,0.6015638579474455,0.5614371968164897,0,0.6904016820280002,2.224320280436882,8.88180675335054
316,2018,electronics,coastal,0,0,0,0,9999,-99,19.538436983687152,0.7735587861443253,0.5614371968164897,0,0.6904016820280002,2.1587598701294715,8.61139437410948
316,2019,electronics,coastal,0,0,0,0,9999,-99,20.335815723500616,0.4237531267722764,0.5614371968164897,0,0.6904016820280002,2.244973017970713,9.197001553137046
316,2020,electronics,coastal,0,1,0,0,9999,-99,21.165736107010417,0.6740418002391175,0.5614371968164897,0,0.6904016820280002,2.353290718234491,10.461688238203413
316,2021,electronics,coastal,0,1,0,0,9999,-99,22.029526183889296,0.6491187214659182,0.5614371968164897,0,0.6904016820280002,2.3039066429194204,9.612776196496375
316,2022,electronics,coastal,0,1,0,0,9999,-99,22.928568202545307,0.725816302236727,0.5614371968164897,0,0.6904016820280002,2.3491442377239617,10.407963372144485
316,2023,electronics,coastal,0,1,0,0,9999,-99,23.864300822014155,0.5005644713597578,0.5614371968164897,0,0.6904016820280002,2.4437534825811555,11.813360959513288
316,2024,electronics,coastal,0,1,0,0,9999,-99,24.8382214141206,0.7413037582131614,0.5614371968164897,0,0.6904016820280002,2.5192964924651857,11.86416306478488
317,2016,machinery,coastal,0,0,0,0,9999,-99,17.91077384639745,0.4467629255352194,0.0574099400892617,0,-1.1714582346566726,1.4032254048824107,3.8122008547122412
317,2017,machinery,coastal,0,0,0,0,9999,-99,18.64172639345371,0.4584489933158213,0.0574099400892617,0,-1.1714582346566726,1.3663324979602325,3.909061873064423
317,2018,machinery,coastal,0,0,0,0,9999,-99,19.402509679853235,0.4636059109820828,0.0574099400892617,0,-1.1714582346566726,1.6126019319883587,5.274016387823638
317,2019,machinery,coastal,0,0,0,0,9999,-99,20.19434112116335,0.5493774600968917,0.0574099400892617,0,-1.1714582346566726,1.5646615721131318,4.772853936031659
317,2020,machinery,coastal,0,1,0,0,9999,-99,21.018487816623207,0.5323040584691644,0.0574099400892617,0,-1.1714582346566726,1.6048460457738063,4.877037227919911
317,2021,machinery,coastal,0,1,0,0,9999,-99,21.87626857677288,0.39610778504013683,0.0574099400892617,0,-1.1714582346566726,1.6207832455752975,4.967385001006976
317,2022,machinery,coastal,0,1,0,0,9999,-99,22.769056033831596,0.4079769532469964,0.0574099400892617,0,-1.1714582346566726,1.6221678649146924,4.989111615146969
317,2023,machinery,coastal,0,1,0,0,9999,-99,23.698278838202132,0.4615477897672369,0.0574099400892617,0,-1.1714582346566726,1.6749343824778085,5.4357725940262815
317,2024,machinery,coastal,0,1,0,0,9999,-99,24.665423944616254,0.479469107406893,0.0574099400892617,0,-1.1714582346566726,1.8250556180732536,6.3991994476161675
318,2016,machinery,coastal,1,0,0,0,2020,-4,19.87818511145766,0.589317778597981,0.3203661919174181,0,0.4478068464830792,1.5707392931930588,5.026999286966015
318,2017,machinery,coastal,1,0,0,0,2020,-3,20.689429235395853,0.5166721659740378,0.3203661919174181,0,0.4478068464830792,1.6988095614225343,5.713913485705218
318,2018,machinery,coastal,1,0,0,0,2020,-2,21.53378086009099,0.5386998789866975,0.3203661919174181,0,0.4478068464830792,1.6904664026703067,5.337816651204046
318,2019,machinery,coastal,1,0,0,0,2020,-1,22.412591128280535,0.5412452380957905,0.3203661919174181,0,0.4478068464830792,1.6647515829435793,5.204331168509319
318,2020,machinery,coastal,1,1,1,1,2020,0,23.327266323883116,0.7123408968715503,0.3203661919174181,0,0.4478068464830792,1.7881250863188953,5.843038933017064
318,2021,machinery,coastal,1,1,1,1,2020,1,24.27927012235281,0.6287728458504654,0.3203661919174181,0,0.4478068464830792,1.9028861889025588,6.495201898572888
318,2022,machinery,coastal,1,1,1,1,2020,2,25.27012593287215,0.6721273739966717,0.3203661919174181,0,0.4478068464830792,1.9327422505563334,6.628390072981442
318,2023,machinery,coastal,1,1,1,1,2020,3,26.301419336131808,0.6362494215802413,0.3203661919174181,0,0.4478068464830792,2.0283318871493754,7.596432920016424
318,2024,machinery,coastal,1,1,1,1,2020,4,27.374800621598,0.5465570422911749,0.3203661919174181,0,0.4478068464830792,2.152647729913077,9.304670773264085
319,2016,electronics,coastal,0,0,0,0,9999,-99,20.02851431543572,0.530372676811142,0.374703304785425,0,-0.1092694258240487,2.283014561752101,9.886928921450496
319,2017,electronics,coastal,0,0,0,0,9999,-99,20.845893490571985,0.6116650212429143,0.374703304785425,0,-0.1092694258240487,2.3990399904373794,10.781032844581611
319,2018,electronics,coastal,0,0,0,0,9999,-99,21.696630542654294,0.5025328424422575,0.374703304785425,0,-0.1092694258240487,2.4149671138459996,11.300294129095413
319,2019,electronics,coastal,0,0,0,0,9999,-99,22.58208683246623,0.6104741414517707,0.374703304785425,0,-0.1092694258240487,2.5034697580113017,12.057220558685412
319,2020,electronics,coastal,0,1,0,0,9999,-99,23.503679278978915,0.6513158969238756,0.374703304785425,0,-0.1092694258240487,2.422260145557652,11.043473567833741
319,2021,electronics,coastal,0,1,0,0,9999,-99,24.462882626723637,0.5777001514793619,0.374703304785425,0,-0.1092694258240487,2.4208285112361776,10.82716987984475
319,2022,electronics,coastal,0,1,0,0,9999,-99,25.461231805697754,0.5819349035687805,0.374703304785425,0,-0.1092694258240487,2.3814420126413243,10.64368991691545
319,2023,electronics,coastal,0,1,0,0,9999,-99,26.500324387580132,0.6303858759436862,0.374703304785425,0,-0.1092694258240487,2.4924585259827214,11.772283081975313
319,2024,electronics,coastal,0,1,0,0,9999,-99,27.58182314218671,0.4525802836218503,0.374703304785425,0,-0.1092694258240487,2.547744098356507,12.193861517752946
320,2016,electronics,coastal,1,0,0,0,2020,-4,16.85989883342043,0.5545505734961323,0.26668860779482917,1,-0.08649315661441682,2.2412024382752898,9.64765691646574
320,2017,electronics,coastal,1,0,0,0,2020,-3,17.547964357617662,0.569995445271596,0.26668860779482917,1,-0.08649315661441682,2.40892407432244,10.794789094433266
320,2018,electronics,coastal,1,0,0,0,2020,-2,18.264110368552473,0.5850311109391877,0.26668860779482917,1,-0.08649315661441682,2.3638819468352876,10.658704271943767
320,2019,electronics,coastal,1,0,0,0,2020,-1,19.009482852628327,0.5146576829482886,0.26668860779482917,1,-0.08649315661441682,2.453513268434571,11.395481274932386
320,2020,electronics,coastal,1,1,1,1,2020,0,19.785274564841014,0.584441801229345,0.26668860779482917,1,-0.08649315661441682,2.4131073719044505,11.267182767459628
320,2021,electronics,coastal,1,1,1,1,2020,1,20.592726937441146,0.6975009282933295,0.26668860779482917,1,-0.08649315661441682,2.5292013069773653,12.649261494832421
320,2022,electronics,coastal,1,1,1,1,2020,2,21.433132066490565,0.4536311467837013,0.26668860779482917,1,-0.08649315661441682,2.5252965954670072,13.016048859592281
320,2023,electronics,coastal,1,1,1,1,2020,3,22.307834779491746,0.5809487038815369,0.26668860779482917,1,-0.08649315661441682,2.7762216613106516,15.916011069546602
320,2024,electronics,coastal,1,1,1,1,2020,4,23.21823478739869,0.6425091024540739,0.26668860779482917,1,-0.08649315661441682,2.8587134613068086,17.080656180856426
321,2016,chemicals,coastal,1,0,0,0,2020,-4,18.020753433507426,0.6442099301963697,0.3023599365972869,0,1.3001347266845023,1.8669870341500459,6.591646208358058
321,2017,chemicals,coastal,1,0,0,0,2020,-3,18.756194332659003,0.682328319681279,0.3023599365972869,0,1.3001347266845023,1.731821213699093,5.738899008541085
321,2018,chemicals,coastal,1,0,0,0,2020,-2,19.521649144277703,0.6155534429833196,0.3023599365972869,0,1.3001347266845023,1.9284918019340453,6.911613739733584
321,2019,chemicals,coastal,1,0,0,0,2020,-1,20.318342759367848,0.5553562578280916,0.3023599365972869,0,1.3001347266845023,1.8900467660773135,6.3749107174538935
321,2020,chemicals,coastal,1,1,1,1,2020,0,21.147550057683954,0.513724277141604,0.3023599365972869,0,1.3001347266845023,2.0392771640449046,7.678688989026441
321,2021,chemicals,coastal,1,1,1,1,2020,1,22.01059794781032,0.6959951575184558,0.3023599365972869,0,1.3001347266845023,2.092838213903063,7.919635970884548
321,2022,chemicals,coastal,1,1,1,1,2020,2,22.90886749049785,0.7247568529193158,0.3023599365972869,0,1.3001347266845023,2.1398537085404103,8.792760641735208
321,2023,chemicals,coastal,1,1,1,1,2020,3,23.8437961086559,0.6086433734029283,0.3023599365972869,0,1.3001347266845023,2.1536520330706597,8.473442021498927
321,2024,chemicals,coastal,1,1,1,1,2020,4,24.816879887535606,0.6225112808988893,0.3023599365972869,0,1.3001347266845023,2.3367520121547165,9.958036263863688
322,2016,chemicals,central,0,0,0,0,9999,-99,10.100584355308914,0.3911336957805688,0.3339165291916762,0,-0.4886709313879904,1.6054876640206894,4.8400866674463865
322,2017,chemicals,central,0,0,0,0,9999,-99,10.512797022644595,0.3940760540956192,0.3339165291916762,0,-0.4886709313879904,1.7518298116951518,5.522666400105901
322,2018,chemicals,central,0,0,0,0,9999,-99,10.941832408066157,0.46004107936915895,0.3339165291916762,0,-0.4886709313879904,1.8301365184290677,5.867942301098029
322,2019,chemicals,central,0,0,0,0,9999,-99,11.3883770597227,0.4745943442686661,0.3339165291916762,0,-0.4886709313879904,1.8088383862792417,5.990779479138537
322,2020,chemicals,central,0,1,0,0,9999,-99,11.853145544324816,0.5559993585019966,0.3339165291916762,0,-0.4886709313879904,1.8681873494738956,6.278025908513722
322,2021,chemicals,central,0,1,0,0,9999,-99,12.336881590603769,0.5726367634487252,0.3339165291916762,0,-0.4886709313879904,1.8821849548029115,6.4231469221219335
322,2022,chemicals,central,0,1,0,0,9999,-99,12.84035927943613,0.4714271801652625,0.3339165291916762,0,-0.4886709313879904,1.8357696513851283,6.229900944535126
322,2023,chemicals,central,0,1,0,0,9999,-99,13.364384282538335,0.3437285606853977,0.3339165291916762,0,-0.4886709313879904,1.8570747917720773,6.430131499492415
322,2024,chemicals,central,0,1,0,0,9999,-99,13.909795151713311,0.5584303403520536,0.3339165291916762,0,-0.4886709313879904,1.8881449831406458,6.52273565777736
323,2016,machinery,central,1,0,0,0,2020,-4,58.10762382156917,0.3862724472509401,0.12182797228382665,1,-0.6666055443527478,1.6543966882152679,5.477326066480646
323,2017,machinery,central,1,0,0,0,2020,-3,60.47904093620747,0.3975327806835075,0.12182797228382665,1,-0.6666055443527478,1.721379380595407,5.606313549493
323,2018,machinery,central,1,0,0,0,2020,-2,62.94723741922724,0.4538217779932595,0.12182797228382665,1,-0.6666055443527478,1.6923402917634551,5.463482279339295
323,2019,machinery,central,1,0,0,0,2020,-1,65.51616291157798,0.4636973564457711,0.12182797228382665,1,-0.6666055443527478,1.867905246054281,6.367369722416971
323,2020,machinery,central,1,1,1,1,2020,0,68.1899282421141,0.49963613593699935,0.12182797228382665,1,-0.6666055443527478,1.9614178570681111,6.857721709377467
323,2021,machinery,central,1,1,1,1,2020,1,70.97281200579818,0.45482556766064364,0.12182797228382665,1,-0.6666055443527478,2.0002693283923167,7.39071225753128
323,2022,machinery,central,1,1,1,1,2020,2,73.86926741036562,0.4819797348143732,0.12182797228382665,1,-0.6666055443527478,2.0557050036113296,7.422891182725637
323,2023,machinery,central,1,1,1,1,2020,3,76.88392940240719,0.46571167182312084,0.12182797228382665,1,-0.6666055443527478,2.005447912628417,7.458608217664035
323,2024,machinery,central,1,1,1,1,2020,4,80.02162208427237,0.5033643470936446,0.12182797228382665,1,-0.6666055443527478,2.0858005547342917,8.235317091423859
324,2016,textile,central,0,0,0,0,9999,-99,45.37689070673005,0.4169714154420589,0.1284104522714634,0,-1.3135679221959882,1.5286863610154253,4.386720670176662
324,2017,textile,central,0,0,0,0,9999,-99,47.22875674691509,0.295381784803331,0.1284104522714634,0,-1.3135679221959882,1.5157750091662596,4.654988303138322
324,2018,textile,central,0,0,0,0,9999,-99,49.15619887390068,0.4054960678793274,0.1284104522714634,0,-1.3135679221959882,1.6024521644040994,5.141798909545677
324,2019,textile,central,0,0,0,0,9999,-99,51.16230140629957,0.4910014103236895,0.1284104522714634,0,-1.3135679221959882,1.651588858844144,5.183634792053218
324,2020,textile,central,0,1,0,0,9999,-99,53.25027453615496,0.5864115351400512,0.1284104522714634,0,-1.3135679221959882,1.700948923916835,5.550694712668774
324,2021,textile,central,0,1,0,0,9999,-99,55.423459465932666,0.631663187198187,0.1284104522714634,0,-1.3135679221959882,1.617808956763454,5.1860525649393425
324,2022,textile,central,0,1,0,0,9999,-99,57.68533375515783,0.41931546642076173,0.1284104522714634,0,-1.3135679221959882,1.6680705769838877,5.262087890204829
324,2023,textile,central,0,1,0,0,9999,-99,60.03951688525212,0.6082048900651059,0.1284104522714634,0,-1.3135679221959882,1.650228334812696,5.011118481712556
324,2024,textile,central,0,1,0,0,9999,-99,62.48977605147623,0.5259965589969139,0.1284104522714634,0,-1.3135679221959882,1.706097693118778,5.689372633757422
325,2016,machinery,central,1,0,0,0,2020,-4,35.99334137551116,0.5596937093495392,0.3832122183867157,0,-0.2956010988953114,1.7835340018523735,5.8355304998237125
325,2017,machinery,central,1,0,0,0,2020,-3,37.46225750281668,0.5046790542985257,0.3832122183867157,0,-0.2956010988953114,1.9374277297421167,6.986056585999138
325,2018,machinery,central,1,0,0,0,2020,-2,38.99112123450124,0.4949931307247871,0.3832122183867157,0,-0.2956010988953114,1.9049676737335544,6.777607512690996
325,2019,machinery,central,1,0,0,0,2020,-1,40.58237907871051,0.4441578264818849,0.3832122183867157,0,-0.2956010988953114,1.903507455530316,6.66184975822239
325,2020,machinery,central,1,1,1,1,2020,0,42.23857738748166,0.45985657705018257,0.3832122183867157,0,-0.2956010988953114,2.1688462868434777,8.338120182434416
325,2021,machinery,central,1,1,1,1,2020,1,43.96236643144989,0.6651835336680993,0.3832122183867157,0,-0.2956010988953114,2.169020087934297,8.525440712966118
325,2022,machinery,central,1,1,1,1,2020,2,45.75650464084682,0.5633243615878969,0.3832122183867157,0,-0.2956010988953114,2.2012362105776186,9.03950157019251
325,2023,machinery,central,1,1,1,1,2020,3,47.62386301957738,0.5718975634602046,0.3832122183867157,0,-0.2956010988953114,2.412579702112829,11.325205124437671
325,2024,machinery,central,1,1,1,1,2020,4,49.56742973943859,0.6666267073142456,0.3832122183867157,0,-0.2956010988953114,2.3409663672715135,10.324052600760515
326,2016,textile,central,0,0,0,0,9999,-99,23.37971248056274,0.6579932472674387,0.3793983816287973,0,1.070686254368327,1.713506414009408,5.381352843486921
326,2017,textile,central,0,0,0,0,9999,-99,24.33385664728995,0.5458755344071572,0.3793983816287973,0,1.070686254368327,1.781109550926523,5.67991991981788
326,2018,textile,central,0,0,0,0,9999,-99,25.326940176152444,0.6129876122496913,0.3793983816287973,0,1.070686254368327,1.7211963489312032,5.710776288418371
326,2019,textile,central,0,0,0,0,9999,-99,26.360552212665528,0.6598864581657632,0.3793983816287973,0,1.070686254368327,1.769613667151978,5.714775513010128
326,2020,textile,central,0,1,0,0,9999,-99,27.436346756603278,0.6204309900344517,0.3793983816287973,0,1.070686254368327,1.8144990047091367,5.962047310807517
326,2021,textile,central,0,1,0,0,9999,-99,28.556045308751077,0.4854989091692732,0.3793983816287973,0,1.070686254368327,1.9186157637655423,6.616641213569662
326,2022,textile,central,0,1,0,0,9999,-99,29.721439625674126,0.6734366259802795,0.3793983816287973,0,1.070686254368327,1.9822251610440174,7.239447312514189
326,2023,textile,central,0,1,0,0,9999,-99,30.934394586910212,0.6630721171755416,0.3793983816287973,0,1.070686254368327,1.9387057482624388,6.8928061841686565
326,2024,textile,central,0,1,0,0,9999,-99,32.19685117917484,0.7055263484919317,0.3793983816287973,0,1.070686254368327,1.9935394000929747,7.433034123808096
327,2016,machinery,western,0,0,0,0,9999,-99,16.112589166548087,0.37464132657477833,0.35218592788625347,0,-1.6677896267285217,1.2731890799954397,3.5011804306065626
327,2017,machinery,western,0,0,0,0,9999,-99,16.7701564046788,0.4708470424980157,0.35218592788625347,0,-1.6677896267285217,1.1782281061890718,3.0679880987836468
327,2018,machinery,western,0,0,0,0,9999,-99,17.454559470881183,0.4431511471829951,0.35218592788625347,0,-1.6677896267285217,1.3112507246377476,3.6136703288374292
327,2019,machinery,western,0,0,0,0,9999,-99,18.166893556074925,0.5403526396376871,0.35218592788625347,0,-1.6677896267285217,1.3294390071229822,4.003047585711114
327,2020,machinery,western,0,1,0,0,9999,-99,18.908298546769053,0.4860924835461572,0.35218592788625347,0,-1.6677896267285217,1.3147653188853354,3.8494514539522733
327,2021,machinery,western,0,1,0,0,9999,-99,19.679960849123507,0.3887546871702498,0.35218592788625347,0,-1.6677896267285217,1.5249749476843453,4.383641210693903
327,2022,machinery,western,0,1,0,0,9999,-99,20.483115287452126,0.44278297553989343,0.35218592788625347,0,-1.6677896267285217,1.50759291803278,4.485084230457023
327,2023,machinery,western,0,1,0,0,9999,-99,21.31904708020499,0.2807781642015307,0.35218592788625347,0,-1.6677896267285217,1.5154734003603447,4.71794976117208
327,2024,machinery,western,0,1,0,0,9999,-99,22.18909389659213,0.5380903407697895,0.35218592788625347,0,-1.6677896267285217,1.5948153904697497,5.0560365531098785
328,2016,machinery,coastal,1,0,0,0,2020,-4,72.59603989972811,0.6244647769670497,0.20528641890493673,0,0.2512180153679789,1.2587871772373342,3.4391700147191844
328,2017,machinery,coastal,1,0,0,0,2020,-3,75.55874049133752,0.48030387666624375,0.20528641890493673,0,0.2512180153679789,1.383579846031925,4.199357918195025
328,2018,machinery,coastal,1,0,0,0,2020,-2,78.64235118779077,0.6538254571297732,0.20528641890493673,0,0.2512180153679789,1.502548939735653,4.525728656579262
328,2019,machinery,coastal,1,0,0,0,2020,-1,81.85180642407418,0.37646707776992866,0.20528641890493673,0,0.2512180153679789,1.5276598953472424,4.513064483782242
328,2020,machinery,coastal,1,1,1,1,2020,0,85.19224201328615,0.5244405055100254,0.20528641890493673,0,0.2512180153679789,1.5747801804999302,5.116730172890806
328,2021,machinery,coastal,1,1,1,1,2020,1,88.66900336503366,0.4865774667415032,0.20528641890493673,0,0.2512180153679789,1.634060790783779,5.262731752698131
328,2022,machinery,coastal,1,1,1,1,2020,2,92.28765403922816,0.5206599725266552,0.20528641890493673,0,0.2512180153679789,1.7069422444651945,5.64915593168087
328,2023,machinery,coastal,1,1,1,1,2020,3,96.05398464896834,0.5636539114937256,0.20528641890493673,0,0.2512180153679789,1.7938119874960627,6.037010196185716
328,2024,machinery,coastal,1,1,1,1,2020,4,99.97402212675652,0.5586351421761814,0.20528641890493673,0,0.2512180153679789,1.8794567087235257,6.075314625877222
329,2016,chemicals,central,0,0,0,0,9999,-99,15.878613811543413,0.42701091219635534,0.18815155583501708,0,-2.5327617498718564,1.7388448558421203,5.7192443066614755
329,2017,chemicals,central,0,0,0,0,9999,-99,16.526632334294447,0.44510582303440155,0.18815155583501708,0,-2.5327617498718564,1.810735769577564,5.962667453275697
329,2018,chemicals,central,0,0,0,0,9999,-99,17.201096994649962,0.2931704075291662,0.18815155583501708,0,-2.5327617498718564,1.7623793350378987,5.954967248548987
329,2019,chemicals,central,0,0,0,0,9999,-99,17.903087079959988,0.26242502473981,0.18815155583501708,0,-2.5327617498718564,1.8375264533138973,5.948501301694544
329,2020,chemicals,central,0,1,0,0,9999,-99,18.6337259241269,0.3666505664775385,0.18815155583501708,0,-2.5327617498718564,1.8495027250727345,6.822842883731821
329,2021,chemicals,central,0,1,0,0,9999,-99,19.394182705179293,0.35839883346330176,0.18815155583501708,0,-2.5327617498718564,1.934973332664913,7.026913120920391
329,2022,chemicals,central,0,1,0,0,9999,-99,20.185674316206285,0.16436523199084396,0.18815155583501708,0,-2.5327617498718564,1.9043705493251646,6.539978276274239
329,2023,chemicals,central,0,1,0,0,9999,-99,21.00946731264607,0.458777171710867,0.18815155583501708,0,-2.5327617498718564,2.008972208440331,7.204796404176365
329,2024,chemicals,central,0,1,0,0,9999,-99,21.866879939044832,0.2551408864229676,0.18815155583501708,0,-2.5327617498718564,1.9087344581753565,6.654100426587438
330,2016,chemicals,western,1,0,0,0,2020,-4,46.16094537981814,0.5409671722299738,0.09747037554574908,0,-0.690258769110367,1.204903592445787,3.405289397249405
330,2017,chemicals,western,1,0,0,0,2020,-3,48.04480929822106,0.4884658122628949,0.09747037554574908,0,-0.690258769110367,1.2571138904759849,3.660544869567923
330,2018,chemicals,western,1,0,0,0,2020,-2,50.00555516160712,0.5379142635086319,0.09747037554574908,0,-0.690258769110367,1.3655246618050005,3.769299997524588
330,2019,chemicals,western,1,0,0,0,2020,-1,52.04632058167248,0.3573133576545115,0.09747037554574908,0,-0.690258769110367,1.4604682628500558,4.418549370065651
330,2020,chemicals,western,1,1,1,1,2020,0,54.170371218475765,0.4871302697809338,0.09747037554574908,0,-0.690258769110367,1.5357335563312136,4.887692316791115
330,2021,chemicals,western,1,1,1,1,2020,1,56.38110600619082,0.46570575389662155,0.09747037554574908,0,-0.690258769110367,1.609546578917635,4.783374395903428
330,2022,chemicals,western,1,1,1,1,2020,2,58.682062592126584,0.48695065548798755,0.09747037554574908,0,-0.690258769110367,1.611546768762172,5.251453152027767
330,2023,chemicals,western,1,1,1,1,2020,3,61.076922997717446,0.44759851619684177,0.09747037554574908,0,-0.690258769110367,1.5975105089933836,4.726423079482803
330,2024,chemicals,western,1,1,1,1,2020,4,63.56951951054318,0.4553888333024641,0.09747037554574908,0,-0.690258769110367,1.7547937643107516,5.957617677420946
331,2016,machinery,coastal,1,0,0,0,2020,-4,27.86764373470431,0.5733449088812189,0.1276040190504776,0,0.4374919341046126,1.6766373897914426,5.480020536618858
331,2017,machinery,coastal,1,0,0,0,2020,-3,29.00494385043525,0.50602126948771,0.1276040190504776,0,0.4374919341046126,1.5882641496254892,5.017201086934597
331,2018,machinery,coastal,1,0,0,0,2020,-2,30.188658064378263,0.46927729393193574,0.1276040190504776,0,0.4374919341046126,1.6186487837735049,4.979976089154041
331,2019,machinery,coastal,1,0,0,0,2020,-1,31.420680571814824,0.6203184153545641,0.1276040190504776,0,0.4374919341046126,1.6018918093782681,4.918060471737734
331,2020,machinery,coastal,1,1,1,1,2020,0,32.702982871602316,0.625535863117515,0.1276040190504776,0,0.4374919341046126,1.7077344281946967,5.526083042301249
331,2021,machinery,coastal,1,1,1,1,2020,1,34.03761692099282,0.6452604335661942,0.1276040190504776,0,0.4374919341046126,1.863773834029781,6.544419840437544
331,2022,machinery,coastal,1,1,1,1,2020,2,35.42671841920247,0.5632353356612096,0.1276040190504776,0,0.4374919341046126,1.8886928125965545,6.61822796704276
331,2023,machinery,coastal,1,1,1,1,2020,3,36.87251022498586,0.5397189769844284,0.1276040190504776,0,0.4374919341046126,1.8473722792386487,6.47246598730499
331,2024,machinery,coastal,1,1,1,1,2020,4,38.37730591368429,0.5820718714799655,0.1276040190504776,0,0.4374919341046126,1.9258918025143972,6.91404176044525
332,2016,chemicals,central,0,0,0,0,9999,-99,16.090474241643875,0.5769804064190085,0.10216752647714172,0,-0.538559827520861,1.9571588689536992,7.2818273430678175
332,2017,chemicals,central,0,0,0,0,9999,-99,16.747138952568044,0.430951365045416,0.10216752647714172,0,-0.538559827520861,1.9749531384728265,7.402249617522903
332,2018,chemicals,central,0,0,0,0,9999,-99,17.430602658729846,0.518268708958096,0.10216752647714172,0,-0.538559827520861,2.0391378175737147,7.552154580842246
332,2019,chemicals,central,0,0,0,0,9999,-99,18.14195904787251,0.5464982224973697,0.10216752647714172,0,-0.538559827520861,2.003662624125802,7.839718988430984
332,2020,chemicals,central,0,1,0,0,9999,-99,18.882346441982794,0.616584240784886,0.10216752647714172,0,-0.538559827520861,1.9984732206099702,7.513652829938103
332,2021,chemicals,central,0,1,0,0,9999,-99,19.652949618848996,0.5045604085146328,0.10216752647714172,0,-0.538559827520861,2.1383539207251245,8.477590470683964
332,2022,chemicals,central,0,1,0,0,9999,-99,20.455001707958225,0.41594733360908465,0.10216752647714172,0,-0.538559827520861,2.118246186423398,8.449163539189323
332,2023,chemicals,central,0,1,0,0,9999,-99,21.28978616376662,0.6569530011489612,0.10216752647714172,0,-0.538559827520861,2.157947296687181,8.555935929760174
332,2024,chemicals,central,0,1,0,0,9999,-99,22.158638819500336,0.4065657571524029,0.10216752647714172,0,-0.538559827520861,2.2297312171697423,9.35325740195892
333,2016,machinery,central,0,0,0,0,9999,-99,16.789498353395683,0.5225690278055735,0.5886019615454445,1,-1.2020354037725463,1.4314862328209244,4.035429806259953
333,2017,machinery,central,0,0,0,0,9999,-99,17.47469077949959,0.4836727874697398,0.5886019615454445,1,-1.2020354037725463,1.4714966126376545,4.4913135315329225
333,2018,machinery,central,0,0,0,0,9999,-99,18.187846438983556,0.4302614012434084,0.5886019615454445,1,-1.2020354037725463,1.466195596207846,4.17857124478522
333,2019,machinery,central,0,0,0,0,9999,-99,18.930106533050743,0.42353929641896176,0.5886019615454445,1,-1.2020354037725463,1.5811183556788342,4.8592040301131165
333,2020,machinery,central,0,1,0,0,9999,-99,19.702658836208933,0.42222516754605943,0.5886019615454445,1,-1.2020354037725463,1.702140575063698,5.433198066225622
333,2021,machinery,central,0,1,0,0,9999,-99,20.50673959696312,0.5256552344297925,0.5886019615454445,1,-1.2020354037725463,1.7404597638126922,6.053699523674768
333,2022,machinery,central,0,1,0,0,9999,-99,21.343635516076887,0.4848558417237398,0.5886019615454445,1,-1.2020354037725463,1.6966317445290244,5.665358054804511
333,2023,machinery,central,0,1,0,0,9999,-99,22.214685805568134,0.5011831783766515,0.5886019615454445,1,-1.2020354037725463,1.6292593516656717,5.228377697771724
333,2024,machinery,central,0,1,0,0,9999,-99,23.12128433173403,0.345432965348621,0.5886019615454445,1,-1.2020354037725463,1.7097640847717872,5.471770275694778
334,2016,textile,coastal,0,0,0,0,9999,-99,20.060094918332915,0.347864084469397,0.07023255073573824,0,-0.36823392736018573,1.6566203132532478,5.08333516241015
334,2017,textile,coastal,0,0,0,0,9999,-99,20.878762922322874,0.5375968460228979,0.07023255073573824,0,-0.36823392736018573,1.8578686687720036,6.740585113959566
334,2018,textile,coastal,0,0,0,0,9999,-99,21.730841401362202,0.6802104758881757,0.07023255073573824,0,-0.36823392736018573,1.9099368661959626,6.510317413012871
334,2019,textile,coastal,0,0,0,0,9999,-99,22.617693862803797,0.7045737385524558,0.07023255073573824,0,-0.36823392736018573,1.9056592577497202,6.938607273922969
334,2020,textile,coastal,0,1,0,0,9999,-99,23.540739459791247,0.6979346541724699,0.07023255073573824,0,-0.36823392736018573,1.8573811661696602,6.162743831090076
334,2021,textile,coastal,0,1,0,0,9999,-99,24.50145526220663,0.45980682314379206,0.07023255073573824,0,-0.36823392736018573,1.945854290190827,7.037949537083939
334,2022,textile,coastal,0,1,0,0,9999,-99,25.501378620297448,0.6158377754491485,0.07023255073573824,0,-0.36823392736018573,2.013670542449248,7.238069623328229
334,2023,textile,coastal,0,1,0,0,9999,-99,26.542109624765,0.5278291532282429,0.07023255073573824,0,-0.36823392736018573,2.0152277652312636,7.382109663293199
334,2024,textile,coastal,0,1,0,0,9999,-99,27.625313667250904,0.49953871959333923,0.07023255073573824,0,-0.36823392736018573,2.0310723154876436,7.86050162229747
335,2016,textile,central,1,0,0,0,2020,-4,18.29673687813396,0.614403131559914,0.2221318044801864,0,0.9891086013178257,1.6858423320749965,5.507573393143263
335,2017,textile,central,1,0,0,0,2020,-3,19.043440875325025,0.6197003520926783,0.2221318044801864,0,0.9891086013178257,1.6866657905677584,5.181705664220161
335,2018,textile,central,1,0,0,0,2020,-2,19.820618440734012,0.6073455612070092,0.2221318044801864,0,0.9891086013178257,1.7079431016317563,5.602666166732429
335,2019,textile,central,1,0,0,0,2020,-1,20.629513224272294,0.49142984381758015,0.2221318044801864,0,0.9891086013178257,1.6807716235461265,5.212160605052484
335,2020,textile,central,1,1,1,1,2020,0,21.47141963016696,0.6380941521210911,0.2221318044801864,0,0.9891086013178257,1.8424966631478739,6.332237014853831
335,2021,textile,central,1,1,1,1,2020,1,22.347684888283712,0.6963944570379579,0.2221318044801864,0,0.9891086013178257,1.8283038396440319,6.158258161967344
335,2022,textile,central,1,1,1,1,2020,2,23.259711209982108,0.6482468484741374,0.2221318044801864,0,0.9891086013178257,1.873930454968343,6.568205662374011
335,2023,textile,central,1,1,1,1,2020,3,24.208958031952847,0.7113863724981534,0.2221318044801864,0,0.9891086013178257,1.9779389281540822,7.314542527586149
335,2024,textile,central,1,1,1,1,2020,4,25.19694435162788,0.6873476499840678,0.2221318044801864,0,0.9891086013178257,1.9568634562120844,6.89901907611111
336,2016,machinery,western,1,0,0,0,2020,-4,12.823528232493128,0.6508734735816379,0.359350294819006,1,1.4919350114757661,1.795683719938012,6.095797901128371
336,2017,machinery,western,1,0,0,0,2020,-3,13.346866347539121,0.6913990508431879,0.359350294819006,1,1.4919350114757661,1.9751938443580483,7.245109447846218
336,2018,machinery,western,1,0,0,0,2020,-2,13.891562296224526,0.7824948054054502,0.359350294819006,1,1.4919350114757661,2.018672708049476,7.613385044107954
336,2019,machinery,western,1,0,0,0,2020,-1,14.45848770827524,0.7062085605516634,0.359350294819006,1,1.4919350114757661,2.025050346226109,7.508281815086726
336,2020,machinery,western,1,1,1,1,2020,0,15.04854978530108,0.7409417597678534,0.359350294819006,1,1.4919350114757661,2.2199304862654143,9.118279930940753
336,2021,machinery,western,1,1,1,1,2020,1,15.662692752511914,0.5651401046066917,0.359350294819006,1,1.4919350114757661,2.1851927140642946,9.053599287545833
336,2022,machinery,western,1,1,1,1,2020,2,16.301899369679436,0.68577126155782,0.359350294819006,1,1.4919350114757661,2.1965363159335674,9.21466397045166
336,2023,machinery,western,1,1,1,1,2020,3,16.967192503762455,0.571557707277037,0.359350294819006,1,1.4919350114757661,2.399630506807389,10.942923937937758
336,2024,machinery,western,1,1,1,1,2020,4,17.65963676571229,0.721278222119039,0.359350294819006,1,1.4919350114757661,2.3781747097460584,10.421187660711897
337,2016,chemicals,central,1,0,0,0,2020,-4,29.323968822987002,0.5912687571283229,0.11408672891763527,1,1.5122105736102098,1.675578121911152,5.364699811074652
337,2017,chemicals,central,1,0,0,0,2020,-3,30.520702693046555,0.6976467812705363,0.11408672891763527,1,1.5122105736102098,1.8688366309731475,6.25571387999238
337,2018,chemicals,central,1,0,0,0,2020,-2,31.766276198845496,0.560531281352109,0.11408672891763527,1,1.5122105736102098,1.7992937843234906,6.006485913253765
337,2019,chemicals,central,1,0,0,0,2020,-1,33.06268252372962,0.722553385519477,0.11408672891763527,1,1.5122105736102098,1.8421434471168652,6.231412477793902
337,2020,chemicals,central,1,1,1,1,2020,0,34.41199619440017,0.547856695883726,0.11408672891763527,1,1.5122105736102098,1.9907546836404102,7.326937005359387
337,2021,chemicals,central,1,1,1,1,2020,1,35.816376400599154,0.7012517406712752,0.11408672891763527,1,1.5122105736102098,1.9122964211639926,6.516330030916324
337,2022,chemicals,central,1,1,1,1,2020,2,37.27807045027359,0.6824484605652771,0.11408672891763527,1,1.5122105736102098,2.068469046506578,7.739235359165179
337,2023,chemicals,central,1,1,1,1,2020,3,38.799417365747644,0.6624379044997017,0.11408672891763527,1,1.5122105736102098,2.075447087929987,7.987268157789963
337,2024,chemicals,central,1,1,1,1,2020,4,40.3828516266574,0.6852315314162413,0.11408672891763527,1,1.5122105736102098,2.2132192000912663,9.169221638230823
338,2016,machinery,central,1,0,0,0,2020,-4,16.026066304625058,0.47897316912446286,0.028475140157360926,0,0.6822885460452597,1.3048312424309585,3.6585028398987953
338,2017,machinery,central,1,0,0,0,2020,-3,16.680102477775353,0.6088778303194586,0.028475140157360926,0,0.6822885460452597,1.4207651109990542,4.483380389004685
338,2018,machinery,central,1,0,0,0,2020,-2,17.360830373501738,0.674258878670459,0.028475140157360926,0,0.6822885460452597,1.4707857084748654,4.481690757387576
338,2019,machinery,central,1,0,0,0,2020,-1,18.069339301667075,0.6000381243162684,0.028475140157360926,0,0.6822885460452597,1.5708539045124046,4.8944605277025195
338,2020,machinery,central,1,1,1,1,2020,0,18.806763027713053,0.571591701006794,0.028475140157360926,0,0.6822885460452597,1.5685267019422882,4.777493171879585
338,2021,machinery,central,1,1,1,1,2020,1,19.574281586926805,0.6377996175292602,0.028475140157360926,0,0.6822885460452597,1.7364047381232919,5.745565183948518
338,2022,machinery,central,1,1,1,1,2020,2,20.3731231727491,0.6426041186065756,0.028475140157360926,0,0.6822885460452597,1.6541742457975184,5.447808163696491
338,2023,machinery,central,1,1,1,1,2020,3,21.204566102145872,0.517459738068531,0.028475140157360926,0,0.6822885460452597,1.656911264365152,5.501691538107763
338,2024,machinery,central,1,1,1,1,2020,4,22.069940861188122,0.5990274386728569,0.028475140157360926,0,0.6822885460452597,1.698631760673734,5.465156404375505
339,2016,chemicals,central,1,0,0,0,2020,-4,34.14261500314942,0.6304459050520272,0.4459910423545825,0,0.36057928003930834,1.688654564742838,5.482716202403899
339,2017,chemicals,central,1,0,0,0,2020,-3,35.5360015543806,0.4438188559758631,0.4459910423545825,0,0.36057928003930834,1.855822349018511,6.791265961148791
339,2018,chemicals,central,1,0,0,0,2020,-2,36.98625328951679,0.5310916112660176,0.4459910423545825,0,0.36057928003930834,1.7299761929757123,5.933981468539316
339,2019,chemicals,central,1,0,0,0,2020,-1,38.49569092073773,0.5753468036624733,0.4459910423545825,0,0.36057928003930834,1.927233913479569,6.901590953556002
339,2020,chemicals,central,1,1,1,1,2020,0,40.06672987028393,0.6045090465967984,0.4459910423545825,0,0.36057928003930834,1.8989310419318595,6.739175703627375
339,2021,chemicals,central,1,1,1,1,2020,1,41.701884135647504,0.4997527554135699,0.4459910423545825,0,0.36057928003930834,1.9338112946431947,7.064763828010256
339,2022,chemicals,central,1,1,1,1,2020,2,43.40377031250455,0.6090256719558206,0.4459910423545825,0,0.36057928003930834,1.9603389388319352,7.032287556821333
339,2023,chemicals,central,1,1,1,1,2020,3,45.17511178182645,0.5529879760213214,0.4459910423545825,0,0.36057928003930834,2.2119035741903486,9.540313036976316
339,2024,chemicals,central,1,1,1,1,2020,4,47.018743067870474,0.4936172715240555,0.4459910423545825,0,0.36057928003930834,2.1293755197793107,8.32461194774228
340,2016,chemicals,central,1,0,0,0,2020,-4,22.352678860583897,0.7393364410752944,0.2615933033357718,0,0.9858383063541956,1.3791256464934463,4.0540161838875175
340,2017,chemicals,central,1,0,0,0,2020,-3,23.264908990158155,0.5488688072650854,0.2615933033357718,0,0.9858383063541956,1.3789343635097884,3.856799724873091
340,2018,chemicals,central,1,0,0,0,2020,-2,24.214367937561963,0.49100312200219765,0.2615933033357718,0,0.9858383063541956,1.502082272034505,4.59352708029828
340,2019,chemicals,central,1,0,0,0,2020,-1,25.20257503967321,0.5944702526234085,0.2615933033357718,0,0.9858383063541956,1.5861627085760721,4.959684065177529
340,2020,chemicals,central,1,1,1,1,2020,0,26.231111638684034,0.7751530924755923,0.2615933033357718,0,0.9858383063541956,1.656142319057564,5.258318915820533
340,2021,chemicals,central,1,1,1,1,2020,1,27.301623612585693,0.6797701203347197,0.2615933033357718,0,0.9858383063541956,1.692637161050044,5.40049741373838
340,2022,chemicals,central,1,1,1,1,2020,2,28.415824008924503,0.5436281715394041,0.2615933033357718,0,0.9858383063541956,1.7394136353193836,5.663490739826769
340,2023,chemicals,central,1,1,1,1,2020,3,29.575495786043362,0.5565671266363974,0.2615933033357718,0,0.9858383063541956,1.7703916549652783,5.946007057854102
340,2024,chemicals,central,1,1,1,1,2020,4,30.78249466619551,0.61079302923539,0.2615933033357718,0,0.9858383063541956,1.9096851267584756,6.468510133133292
341,2016,chemicals,coastal,0,0,0,0,9999,-99,25.82259103093649,0.47977546141004623,0.3678709089149467,0,-1.1563720369531998,1.6464927904872861,5.275321749227544
341,2017,chemicals,coastal,0,0,0,0,9999,-99,26.876430962562427,0.3959940751881636,0.3678709089149467,0,-1.1563720369531998,1.7162400476350461,5.316721625658204
341,2018,chemicals,coastal,0,0,0,0,9999,-99,27.97327891767288,0.27334252481634275,0.3678709089149467,0,-1.1563720369531998,1.7959175292040663,6.353770912452838
341,2019,chemicals,coastal,0,0,0,0,9999,-99,29.114890087002717,0.46604064233344616,0.3678709089149467,0,-1.1563720369531998,1.780477453570299,5.952650646258431
341,2020,chemicals,coastal,0,1,0,0,9999,-99,30.303091291979587,0.38890755458970105,0.3678709089149467,0,-1.1563720369531998,1.8234360873379087,6.333088893224292
341,2021,chemicals,coastal,0,1,0,0,9999,-99,31.539783908027893,0.39208038533488043,0.3678709089149467,0,-1.1563720369531998,1.8363438793496394,6.179706053778413
341,2022,chemicals,coastal,0,1,0,0,9999,-99,32.82694690717514,0.4171177544398062,0.3678709089149467,0,-1.1563720369531998,1.8931812276834072,6.791272095281965
341,2023,chemicals,coastal,0,1,0,0,9999,-99,34.16664002482938,0.4301464071903921,0.3678709089149467,0,-1.1563720369531998,1.9006073427923922,6.704514908608873
341,2024,chemicals,coastal,0,1,0,0,9999,-99,35.56100705579531,0.4221269053081824,0.3678709089149467,0,-1.1563720369531998,1.921812151363933,7.1980052058805475
342,2016,chemicals,coastal,1,0,0,0,2020,-4,25.514594243886453,0.530136472302042,0.44143365088738795,0,-0.9692026406181566,1.6137713593086207,5.225421564630499
342,2017,chemicals,coastal,1,0,0,0,2020,-3,26.55586458818411,0.5190154681558065,0.44143365088738795,0,-0.9692026406181566,1.5951335876045842,4.957791649704543
342,2018,chemicals,coastal,1,0,0,0,2020,-2,27.639629981376135,0.5216614472456189,0.44143365088738795,0,-0.9692026406181566,1.6777776528896264,5.319452363771526
342,2019,chemicals,coastal,1,0,0,0,2020,-1,28.76762467930724,0.2870257860545908,0.44143365088738795,0,-0.9692026406181566,1.718940856288543,5.71215349284502
342,2020,chemicals,coastal,1,1,1,1,2020,0,29.941653714145822,0.44475895221619677,0.44143365088738795,0,-0.9692026406181566,1.7740739609106573,5.767492811872444
342,2021,chemicals,coastal,1,1,1,1,2020,1,31.163595782820508,0.4828631394495687,0.44143365088738795,0,-0.9692026406181566,1.731874693983961,5.388196948572115
342,2022,chemicals,coastal,1,1,1,1,2020,2,32.435406253336055,0.561992979911434,0.44143365088738795,0,-0.9692026406181566,1.9911672186143592,7.414067135401441
342,2023,chemicals,coastal,1,1,1,1,2020,3,33.75912029377933,0.4314140065450122,0.44143365088738795,0,-0.9692026406181566,1.879900253205428,6.735965446952729
342,2024,chemicals,coastal,1,1,1,1,2020,4,35.13685612902243,0.43477307222205297,0.44143365088738795,0,-0.9692026406181566,2.0296235709439556,7.655833161507873
343,2016,electronics,western,0,0,0,0,9999,-99,20.34027757962957,0.716572451740692,0.31655592767955265,0,1.291556002270261,1.9434069612244933,6.725185246413084
343,2017,electronics,western,0,0,0,0,9999,-99,21.17038005494233,0.6533663101895302,0.31655592767955265,0,1.291556002270261,1.9822169226007116,7.196571765022113
343,2018,electronics,western,0,0,0,0,9999,-99,22.034359654931624,0.540256099303455,0.31655592767955265,0,1.291556002270261,1.861720686310687,6.446517684046607
343,2019,electronics,western,0,0,0,0,9999,-99,22.93359893128291,0.7287467211662092,0.31655592767955265,0,1.291556002270261,2.0873957470514455,7.938466396032849
343,2020,electronics,western,0,1,0,0,9999,-99,23.86953685868629,0.7052823146685646,0.31655592767955265,0,1.291556002270261,2.050858903177897,8.174302648638148
343,2021,electronics,western,0,1,0,0,9999,-99,24.843671137503023,0.7812976751032984,0.31655592767955265,0,1.291556002270261,2.033655309737637,7.725024458576764
343,2022,electronics,western,0,1,0,0,9999,-99,25.857560590405612,0.6386524025783398,0.31655592767955265,0,1.291556002270261,2.1723969900494806,8.36662135801268
343,2023,electronics,western,0,1,0,0,9999,-99,26.91282765682665,0.6156461017619753,0.31655592767955265,0,1.291556002270261,2.195987983602563,9.252075154667867
343,2024,electronics,western,0,1,0,0,9999,-99,28.011160989208065,0.7291830611417622,0.31655592767955265,0,1.291556002270261,2.215546182442916,9.308935739620674
344,2016,textile,central,1,0,0,0,2020,-4,23.176019037886594,0.5427820174477904,0.20116151856254186,0,0.8562732840787258,1.814082224291586,6.293161185856738
344,2017,textile,central,1,0,0,0,2020,-3,24.121850317520273,0.5231357374678948,0.20116151856254186,0,0.8562732840787258,1.8175260114761096,6.193563251751157
344,2018,textile,central,1,0,0,0,2020,-2,25.106281703931185,0.673171490129616,0.20116151856254186,0,0.8562732840787258,1.8217636870160148,6.134936882890696
344,2019,textile,central,1,0,0,0,2020,-1,26.130888497360807,0.6826246033999364,0.20116151856254186,0,0.8562732840787258,1.9076724405022707,7.0678576594458224
344,2020,textile,central,1,1,1,1,2020,0,27.197310287273073,0.6113073278773027,0.20116151856254186,0,0.8562732840787258,1.9270092628337379,6.7931175377797555
344,2021,textile,central,1,1,1,1,2020,1,28.30725357604729,0.5849408934834266,0.20116151856254186,0,0.8562732840787258,1.9818740874083642,7.301871068600661
344,2022,textile,central,1,1,1,1,2020,2,29.462494509746033,0.555037135658079,0.20116151856254186,0,0.8562732840787258,2.0738219832571687,8.060729522258526
344,2023,textile,central,1,1,1,1,2020,3,30.664881720327752,0.5904308604956918,0.20116151856254186,0,0.8562732840787258,2.2081458204236535,9.346344974009565
344,2024,textile,central,1,1,1,1,2020,4,31.916339283852345,0.7824230956720722,0.20116151856254186,0,0.8562732840787258,2.1699002037810815,8.84678356005987
345,2016,textile,coastal,1,0,0,0,2020,-4,26.174987274152876,0.6077483273316002,0.094648786167258,0,0.8750821643654566,1.2321892211881749,3.3971245182088188
345,2017,textile,coastal,1,0,0,0,2020,-3,27.243208769286966,0.6848350105175263,0.094648786167258,0,0.8750821643654566,1.3405836546786087,3.7987899928930884
345,2018,textile,coastal,1,0,0,0,2020,-2,28.355025210646428,0.4701828149535376,0.094648786167258,0,0.8750821643654566,1.3614225236075805,3.9799513618221742
345,2019,textile,coastal,1,0,0,0,2020,-1,29.512215741737595,0.5945302982555075,0.094648786167258,0,0.8750821643654566,1.4266252520884273,4.229062969128117
345,2020,textile,coastal,1,1,1,1,2020,0,30.716632114290693,0.5819236215073845,0.094648786167258,0,0.8750821643654566,1.486131720543231,4.552392535839456
345,2021,textile,coastal,1,1,1,1,2020,1,31.970201651457668,0.6996113794326251,0.094648786167258,0,0.8750821643654566,1.5497372579938213,4.386175527066628
345,2022,textile,coastal,1,1,1,1,2020,2,33.274930331940425,0.5047403336023345,0.094648786167258,0,0.8750821643654566,1.5543630708410097,4.593562598793664
345,2023,textile,coastal,1,1,1,1,2020,3,34.63290599998469,0.725126585390003,0.094648786167258,0,0.8750821643654566,1.576876226512519,4.556593685328623
345,2024,textile,coastal,1,1,1,1,2020,4,36.04630170637628,0.5106232042838353,0.094648786167258,0,0.8750821643654566,1.7076159785824518,5.257633862256581
346,2016,machinery,coastal,0,0,0,0,9999,-99,68.46652481076454,0.5542635111700756,0.36159212205463737,0,0.22182580403164226,2.074219048029469,8.115533999612659
346,2017,machinery,coastal,0,0,0,0,9999,-99,71.2606966945542,0.5353086892839688,0.36159212205463737,0,0.22182580403164226,2.105714783766448,8.190762719849982
346,2018,machinery,coastal,0,0,0,0,9999,-99,74.16890089614792,0.5089859239051149,0.36159212205463737,0,0.22182580403164226,2.011155009449097,7.536885392712943
346,2019,machinery,coastal,0,0,0,0,9999,-99,77.19579116271824,0.6133059087055833,0.36159212205463737,0,0.22182580403164226,2.1502330551522344,8.785738983255584
346,2020,machinery,coastal,0,1,0,0,9999,-99,80.34621116446269,0.4868831106573097,0.36159212205463737,0,0.22182580403164226,2.194469310432914,8.805933840023682
346,2021,machinery,coastal,0,1,0,0,9999,-99,83.62520224550951,0.5317719803901325,0.36159212205463737,0,0.22182580403164226,2.065393390162655,7.628407828770997
346,2022,machinery,coastal,0,1,0,0,9999,-99,87.03801149114379,0.38952488271181174,0.36159212205463737,0,0.22182580403164226,2.2737081217323296,10.54044030533073
346,2023,machinery,coastal,0,1,0,0,9999,-99,90.59010012426334,0.495021087986915,0.36159212205463737,0,0.22182580403164226,2.123896795206074,8.334905991060946
346,2024,machinery,coastal,0,1,0,0,9999,-99,94.28715224450052,0.4848475694347829,0.36159212205463737,0,0.22182580403164226,2.1974211251690274,8.965167272222853
347,2016,machinery,coastal,0,0,0,0,9999,-99,13.573850700268766,0.4595236268461301,0.593446807899741,0,-0.8249948838446639,1.7108361592920232,5.322156309804753
347,2017,machinery,coastal,0,0,0,0,9999,-99,14.127810056118625,0.395443254825819,0.593446807899741,0,-0.8249948838446639,1.8131562119059783,6.1070466141840045
347,2018,machinery,coastal,0,0,0,0,9999,-99,14.704376922151836,0.520303568036413,0.593446807899741,0,-0.8249948838446639,1.9561181315703946,7.100143671329066
347,2019,machinery,coastal,0,0,0,0,9999,-99,15.304473928361539,0.46014884946916007,0.593446807899741,0,-0.8249948838446639,1.9051627959497275,6.621384432304958
347,2020,machinery,coastal,0,1,0,0,9999,-99,15.929061357985193,0.5899978022159234,0.593446807899741,0,-0.8249948838446639,1.8417562333979833,6.2606165699097645
347,2021,machinery,coastal,0,1,0,0,9999,-99,16.579138684162622,0.5339658408492746,0.593446807899741,0,-0.8249948838446639,1.8188499158362301,6.200731427931711
347,2022,machinery,coastal,0,1,0,0,9999,-99,17.255746169306274,0.4705514610460074,0.593446807899741,0,-0.8249948838446639,1.8948071911292197,6.801905620674802
347,2023,machinery,coastal,0,1,0,0,9999,-99,17.959966529743,0.4717687190053616,0.593446807899741,0,-0.8249948838446639,1.9445875974481235,6.887738497924363
347,2024,machinery,coastal,0,1,0,0,9999,-99,18.692926668291193,0.45651016080590806,0.593446807899741,0,-0.8249948838446639,1.9590124934145465,7.042667349906739
348,2016,electronics,central,0,0,0,0,9999,-99,17.64011065663995,0.3531904881405108,0.15400080809385755,0,-1.0801021819776502,1.7343417164221278,5.59782833788352
348,2017,electronics,central,0,0,0,0,9999,-99,18.360017229376826,0.6107841982725635,0.15400080809385755,0,-1.0801021819776502,1.8594694249842307,6.610983615841835
348,2018,electronics,central,0,0,0,0,9999,-99,19.109303746693282,0.431841572026285,0.15400080809385755,0,-1.0801021819776502,1.8687819101980967,6.511300086147958
348,2019,electronics,central,0,0,0,0,9999,-99,19.88916922687334,0.3718268148228801,0.15400080809385755,0,-1.0801021819776502,1.8766694233967551,6.620273222859378
348,2020,electronics,central,0,1,0,0,9999,-99,20.700861621065464,0.5468782034505052,0.15400080809385755,0,-1.0801021819776502,1.9849691404453265,6.792526974735576
348,2021,electronics,central,0,1,0,0,9999,-99,21.54567981027064,0.46702909241047996,0.15400080809385755,0,-1.0801021819776502,1.9066520499085156,6.958994465344329
348,2022,electronics,central,0,1,0,0,9999,-99,22.424975683829096,0.4601863320183005,0.15400080809385755,0,-1.0801021819776502,1.9550111059745707,7.2130948298410145
348,2023,electronics,central,0,1,0,0,9999,-99,23.34015630273164,0.5432563983943752,0.15400080809385755,0,-1.0801021819776502,2.0363377735798878,7.968494813453563
348,2024,electronics,central,0,1,0,0,9999,-99,24.29268615121747,0.3465991644943174,0.15400080809385755,0,-1.0801021819776502,1.9559034480595217,7.015707974099005
349,2016,electronics,central,0,0,0,0,9999,-99,20.32102046325792,0.555271292404943,0.4599422560325073,1,0.938046907328073,1.9297692125164267,7.039027995524718
349,2017,electronics,central,0,0,0,0,9999,-99,21.15033704074284,0.4960491725392328,0.4599422560325073,1,0.938046907328073,1.952291941982869,6.746047805041978
349,2018,electronics,central,0,0,0,0,9999,-99,22.0134986698055,0.595188494163049,0.4599422560325073,1,0.938046907328073,2.2220836893427958,9.39585492560289
349,2019,electronics,central,0,0,0,0,9999,-99,22.911886593203374,0.6488006584343621,0.4599422560325073,1,0.938046907328073,2.1478840553456946,8.856997029709214
349,2020,electronics,central,0,1,0,0,9999,-99,23.8469384232802,0.5289058819979301,0.4599422560325073,1,0.938046907328073,2.1768955637607,8.784755269140028
349,2021,electronics,central,0,1,0,0,9999,-99,24.820150442452476,0.6306908255883185,0.4599422560325073,1,0.938046907328073,2.145324060232972,8.578352453410293
349,2022,electronics,central,0,1,0,0,9999,-99,25.83307999758051,0.7662875845988034,0.4599422560325073,1,0.938046907328073,2.0771875026337847,7.923036989976233
349,2023,electronics,central,0,1,0,0,9999,-99,26.887347992055666,0.9033478572987612,0.4599422560325073,1,0.938046907328073,2.1412257667513037,8.408923223078682
349,2024,electronics,central,0,1,0,0,9999,-99,27.984641479591616,0.6172636082507283,0.4599422560325073,1,0.938046907328073,2.2989372542625603,9.806160543507282
350,2016,textile,coastal,1,0,0,0,2020,-4,13.719908948646019,0.7645925143025171,0.5039238978256768,0,1.0828266136218052,1.6652938628910563,5.0475489974022265
350,2017,textile,coastal,1,0,0,0,2020,-3,14.279829054689339,0.5746023750505088,0.5039238978256768,0,1.0828266136218052,1.7834497498558892,5.829498229998041
350,2018,textile,coastal,1,0,0,0,2020,-2,14.86259993374617,0.6975502458035451,0.5039238978256768,0,1.0828266136218052,1.7989485784509402,6.245075144090347
350,2019,textile,coastal,1,0,0,0,2020,-1,15.46915414355409,0.5457674961632727,0.5039238978256768,0,1.0828266136218052,1.8316029513987668,6.103863271503817
350,2020,textile,coastal,1,1,1,1,2020,0,16.100462300253923,0.6495231548622874,0.5039238978256768,0,1.0828266136218052,1.9282227123304831,6.849414422648332
350,2021,textile,coastal,1,1,1,1,2020,1,16.757534631582644,0.5478911519058712,0.5039238978256768,0,1.0828266136218052,2.1381395307446702,9.056597932170382
350,2022,textile,coastal,1,1,1,1,2020,2,17.44142259345329,0.5742706570487508,0.5039238978256768,0,1.0828266136218052,2.087381533434292,7.830790934583409
350,2023,textile,coastal,1,1,1,1,2020,3,18.153220552508728,0.7092752603748567,0.5039238978256768,0,1.0828266136218052,2.165196958121483,9.06642793886735
350,2024,textile,coastal,1,1,1,1,2020,4,18.894067537341783,0.5384082423963954,0.5039238978256768,0,1.0828266136218052,2.18766603148025,8.588655092423847
351,2016,electronics,coastal,0,0,0,0,9999,-99,13.254704760505145,0.5165587787401833,0.13376401102072816,0,-1.1204731501865897,1.9003906609336911,6.3873325502832765
351,2017,electronics,coastal,0,0,0,0,9999,-99,13.795639523472893,0.5929903497577347,0.13376401102072816,0,-1.1204731501865897,1.9466229364962155,6.688123970145194
351,2018,electronics,coastal,0,0,0,0,9999,-99,14.358650252904933,0.5253567841827644,0.13376401102072816,0,-1.1204731501865897,2.0110012595784372,7.666500890496919
351,2019,electronics,coastal,0,0,0,0,9999,-99,14.944637886083715,0.4655753058754078,0.13376401102072816,0,-1.1204731501865897,2.1691061107868332,8.784419031018547
351,2020,electronics,coastal,0,1,0,0,9999,-99,15.554540128239687,0.47347566727761914,0.13376401102072816,0,-1.1204731501865897,1.9572509678952543,6.622818005485408
351,2021,electronics,coastal,0,1,0,0,9999,-99,16.189332953079717,0.47066353260197225,0.13376401102072816,0,-1.1204731501865897,2.1275057344007724,8.372677093798806
351,2022,electronics,coastal,0,1,0,0,9999,-99,16.850032164553244,0.4910384810177577,0.13376401102072816,0,-1.1204731501865897,2.1471990664789224,8.258184054885188
351,2023,electronics,coastal,0,1,0,0,9999,-99,17.537695022355305,0.5848448388351853,0.13376401102072816,0,-1.1204731501865897,2.220558477529722,9.169570075412636
351,2024,electronics,coastal,0,1,0,0,9999,-99,18.25342193376762,0.46823619878325395,0.13376401102072816,0,-1.1204731501865897,2.1909609783871606,9.075387107123278
352,2016,textile,western,1,0,0,0,2020,-4,11.99626344715221,0.5604300781134537,0.6655967573139064,1,-0.7395141068917201,0.8379745626189435,2.259456861991985
352,2017,textile,western,1,0,0,0,2020,-3,12.485840245846338,0.46969692476874464,0.6655967573139064,1,-0.7395141068917201,0.8792980485919809,2.4084624118872857
352,2018,textile,western,1,0,0,0,2020,-2,12.995397052721808,0.5139798494663671,0.6655967573139064,1,-0.7395141068917201,0.898256119293203,2.5766805889754627
352,2019,textile,western,1,0,0,0,2020,-1,13.525749267380865,0.49166443576200114,0.6655967573139064,1,-0.7395141068917201,0.9624658480459144,2.6444906356093756
352,2020,textile,western,1,1,1,1,2020,0,14.077745566514805,0.6516776813306662,0.6655967573139064,1,-0.7395141068917201,0.9494642329476122,2.50955687673396
352,2021,textile,western,1,1,1,1,2020,1,14.652269261967735,0.5304192942449152,0.6655967573139064,1,-0.7395141068917201,1.0209755338143847,2.697658713140266
352,2022,textile,western,1,1,1,1,2020,2,15.250239714223971,0.5456608859195516,0.6655967573139064,1,-0.7395141068917201,1.075096249373841,2.952577061831526
352,2023,textile,western,1,1,1,1,2020,3,15.872613803580956,0.6246204491143468,0.6655967573139064,1,-0.7395141068917201,1.2523925732794394,3.5379858345143793
352,2024,textile,western,1,1,1,1,2020,4,16.520387461361885,0.40662030569428004,0.6655967573139064,1,-0.7395141068917201,1.2372241895939382,3.498466566901945
353,2016,electronics,coastal,0,0,0,0,9999,-99,23.40844727179965,0.4097276320077021,0.33830657579342577,0,-0.10289315196992849,1.8026169015856883,6.441775031523827
353,2017,electronics,coastal,0,0,0,0,9999,-99,24.36376412760349,0.5225448533960664,0.33830657579342577,0,-0.10289315196992849,1.8479725917145924,6.283471253321793
353,2018,electronics,coastal,0,0,0,0,9999,-99,25.358068203891726,0.5345820318068201,0.33830657579342577,0,-0.10289315196992849,1.8518237781093247,6.527534678221175
353,2019,electronics,coastal,0,0,0,0,9999,-99,26.39295059931593,0.5013449799801837,0.33830657579342577,0,-0.10289315196992849,1.6785141021474987,5.390611034648641
353,2020,electronics,coastal,0,1,0,0,9999,-99,27.47006734649547,0.6611110002053486,0.33830657579342577,0,-0.10289315196992849,1.8364235933443493,6.3274030370631325
353,2021,electronics,coastal,0,1,0,0,9999,-99,28.591142062022993,0.5520546808229944,0.33830657579342577,0,-0.10289315196992849,1.9762435386082624,7.086932008588159
353,2022,electronics,coastal,0,1,0,0,9999,-99,29.75796870461871,0.5376451471218409,0.33830657579342577,0,-0.10289315196992849,1.8616020863573528,6.435516918700775
353,2023,electronics,coastal,0,1,0,0,9999,-99,30.972414445847054,0.5399340210980437,0.33830657579342577,0,-0.10289315196992849,2.013223935819771,7.6916436466685285
353,2024,electronics,coastal,0,1,0,0,9999,-99,32.236422657989586,0.3762655544011132,0.33830657579342577,0,-0.10289315196992849,1.9374214402764667,6.7263637741076305
354,2016,machinery,western,1,0,0,0,2020,-4,18.862169521881317,0.5866157406485585,0.5608077577350594,0,0.8746378411462777,1.5802316495362279,4.703518424799961
354,2017,machinery,western,1,0,0,0,2020,-3,19.63194926301736,0.6210702191218762,0.5608077577350594,0,0.8746378411462777,1.6800276701716412,5.284303481856579
354,2018,machinery,western,1,0,0,0,2020,-2,20.433144311346787,0.7654992395745133,0.5608077577350594,0,0.8746378411462777,1.6222414420133733,5.092995812559082
354,2019,machinery,western,1,0,0,0,2020,-1,21.267036749877644,0.44277764081380366,0.5608077577350594,0,0.8746378411462777,1.6463042145475189,5.353791689445854
354,2020,machinery,western,1,1,1,1,2020,0,22.13496098441812,0.6465302445320271,0.5608077577350594,0,0.8746378411462777,1.7360384056910811,5.631585354126725
354,2021,machinery,western,1,1,1,1,2020,1,23.03830587891053,0.6725956155512205,0.5608077577350594,0,0.8746378411462777,1.818404589831208,6.354545873060138
354,2022,machinery,western,1,1,1,1,2020,2,23.97851697790992,0.6617992983476723,0.5608077577350594,0,0.8746378411462777,1.888787706109409,6.543515438737712
354,2023,machinery,western,1,1,1,1,2020,3,24.957098819763747,0.6424456596014676,0.5608077577350594,0,0.8746378411462777,1.9735011663046504,7.283512458541303
354,2024,machinery,western,1,1,1,1,2020,4,25.975617344194248,0.6089602159524479,0.5608077577350594,0,0.8746378411462777,2.024854013470368,7.585075639913488
355,2016,electronics,coastal,1,0,0,0,2020,-4,25.866730249003176,0.6417224408274179,0.7702983372843729,1,-0.3405384325020318,1.5643432959462327,4.640865070258805
355,2017,electronics,coastal,1,0,0,0,2020,-3,26.92237153629066,0.5462337436297934,0.7702983372843729,1,-0.3405384325020318,1.6712648979562537,5.1860943995528235
355,2018,electronics,coastal,1,0,0,0,2020,-2,28.021094361781802,0.5347532146814226,0.7702983372843729,1,-0.3405384325020318,1.8169482604582055,6.118824980408079
355,2019,electronics,coastal,1,0,0,0,2020,-1,29.164656916404084,0.6018910671843701,0.7702983372843729,1,-0.3405384325020318,1.7516899336956258,5.627847321390901
355,2020,electronics,coastal,1,1,1,1,2020,0,30.35488914421792,0.5908261018954444,0.7702983372843729,1,-0.3405384325020318,1.8529558991769879,6.315911727630245
355,2021,electronics,coastal,1,1,1,1,2020,1,31.593695670717576,0.4689949193241401,0.7702983372843729,1,-0.3405384325020318,1.945020022880237,7.4713979168907105
355,2022,electronics,coastal,1,1,1,1,2020,2,32.883058850638264,0.4436000834050148,0.7702983372843729,1,-0.3405384325020318,1.8923875562311052,6.6789832431878695
355,2023,electronics,coastal,1,1,1,1,2020,3,34.225041940146674,0.5804989318267373,0.7702983372843729,1,-0.3405384325020318,2.141315071025667,8.654757452828306
355,2024,electronics,coastal,1,1,1,1,2020,4,35.62179239849102,0.530387230792819,0.7702983372843729,1,-0.3405384325020318,2.121847076200403,8.281573740093894
356,2016,textile,central,0,0,0,0,9999,-99,12.60188940260186,0.31155873531041284,0.18411124823805905,1,-0.8522264950079212,1.2934815467189833,3.561290053282506
356,2017,textile,central,0,0,0,0,9999,-99,13.116182265408893,0.27393591494868724,0.18411124823805905,1,-0.8522264950079212,1.3071341348690346,3.7649017705994514
356,2018,textile,central,0,0,0,0,9999,-99,13.651463818108704,0.4774175010229728,0.18411124823805905,1,-0.8522264950079212,1.3114102419795746,3.506340708304496
356,2019,textile,central,0,0,0,0,9999,-99,14.208590625385096,0.5184124478823988,0.18411124823805905,1,-0.8522264950079212,1.3176777591857194,3.791053389724891
356,2020,textile,central,0,1,0,0,9999,-99,14.788454208989771,0.49373881149557625,0.18411124823805905,1,-0.8522264950079212,1.4525030460212998,4.2395823871816285
356,2021,textile,central,0,1,0,0,9999,-99,15.391982474367326,0.45966642119866935,0.18411124823805905,1,-0.8522264950079212,1.3632920373932693,3.9327052755224736
356,2022,textile,central,0,1,0,0,9999,-99,16.020141195501928,0.45353612335081617,0.18411124823805905,1,-0.8522264950079212,1.4618272070801126,4.369618718102552
356,2023,textile,central,0,1,0,0,9999,-99,16.673935560361734,0.44533846370701147,0.18411124823805905,1,-0.8522264950079212,1.4148310577002012,4.234174445256735
356,2024,textile,central,0,1,0,0,9999,-99,17.35441177941409,0.3970612404788227,0.18411124823805905,1,-0.8522264950079212,1.4612954208972568,4.174682959154476
357,2016,electronics,central,0,0,0,0,9999,-99,16.03315956376215,0.6284226740123346,0.27538627057023884,0,0.988418936943704,1.8932321040418576,6.534250611266241
357,2017,electronics,central,0,0,0,0,9999,-99,16.687485218309376,0.7088535090358525,0.27538627057023884,0,0.988418936943704,1.9918776860724687,7.380290611921811
357,2018,electronics,central,0,0,0,0,9999,-99,17.36851440939262,0.6023569390288548,0.27538627057023884,0,0.988418936943704,2.053732438017819,7.560577012384606
357,2019,electronics,central,0,0,0,0,9999,-99,18.077336929011583,0.6598909248697055,0.27538627057023884,0,0.988418936943704,2.0268893693717307,8.028547829651954
357,2020,electronics,central,0,1,0,0,9999,-99,18.815087044421194,0.5457532966364489,0.27538627057023884,0,0.988418936943704,2.076621571211115,7.635571205749953
357,2021,electronics,central,0,1,0,0,9999,-99,19.582945313201197,0.7263122133270226,0.27538627057023884,0,0.988418936943704,2.0606390542002746,7.427511365496756
357,2022,electronics,central,0,1,0,0,9999,-99,20.38214047240014,0.599142624577354,0.27538627057023884,0,0.988418936943704,2.1604856991476775,8.431880076069204
357,2023,electronics,central,0,1,0,0,9999,-99,21.213951404776797,0.5678934815059814,0.27538627057023884,0,0.988418936943704,2.1321844590035823,8.385039553908333
357,2024,electronics,central,0,1,0,0,9999,-99,22.07970918528544,0.6696606630276719,0.27538627057023884,0,0.988418936943704,2.122372479792204,8.441836184173855
358,2016,machinery,central,0,0,0,0,9999,-99,36.07179376769154,0.651859670423798,0.05047502430391664,1,0.5972736347854252,1.4677267575712514,4.345583034943224
358,2017,machinery,central,0,0,0,0,9999,-99,37.54391159785919,0.6304764479395892,0.05047502430391664,1,0.5972736347854252,1.758624095697502,5.933132565624944
358,2018,machinery,central,0,0,0,0,9999,-99,39.076107696378415,0.5167463951582868,0.05047502430391664,1,0.5972736347854252,1.6453503467541841,5.072018521711192
358,2019,machinery,central,0,0,0,0,9999,-99,40.670833903892756,0.6577195977306178,0.05047502430391664,1,0.5972736347854252,1.6187585745254638,5.1225429334745725
358,2020,machinery,central,0,1,0,0,9999,-99,42.330642122560654,0.6247368760373005,0.05047502430391664,1,0.5972736347854252,1.708283719798882,5.481578754086724
358,2021,machinery,central,0,1,0,0,9999,-99,44.05818839964327,0.6312217878640346,0.05047502430391664,1,0.5972736347854252,1.7026556508875739,5.370272656604589
358,2022,machinery,central,0,1,0,0,9999,-99,45.85623717774681,0.6541108963628187,0.05047502430391664,1,0.5972736347854252,1.8268453456003424,6.025587160807904
358,2023,machinery,central,0,1,0,0,9999,-99,47.72766571852043,0.4643536552556395,0.05047502430391664,1,0.5972736347854252,1.8215050874991696,6.031964258406827
358,2024,machinery,central,0,1,0,0,9999,-99,49.675468706888765,0.5521419094348045,0.05047502430391664,1,0.5972736347854252,1.9264565200923764,6.767997723014348
359,2016,electronics,central,0,0,0,0,9999,-99,33.544980993331926,0.6036649970498165,0.2445327363094579,0,-0.6942556444510805,1.9940800564374006,7.403421728098982
359,2017,electronics,central,0,0,0,0,9999,-99,34.91397763793875,0.3436750004885115,0.2445327363094579,0,-0.6942556444510805,1.8550563981788917,6.7804746507230025
359,2018,electronics,central,0,0,0,0,9999,-99,36.33884409547876,0.4572765096389721,0.2445327363094579,0,-0.6942556444510805,1.9488859683757769,6.966809490556636
359,2019,electronics,central,0,0,0,0,9999,-99,37.82186045627174,0.4890133128391508,0.2445327363094579,0,-0.6942556444510805,2.0003993632620145,7.915178793990412
359,2020,electronics,central,0,1,0,0,9999,-99,39.36539986288867,0.5385088349340621,0.2445327363094579,0,-0.6942556444510805,2.0286036656384945,7.391044613118751
359,2021,electronics,central,0,1,0,0,9999,-99,40.97193230768609,0.3390779593645029,0.2445327363094579,0,-0.6942556444510805,2.0450101962558986,7.639139211964918
359,2022,electronics,central,0,1,0,0,9999,-99,42.64402858532088,0.370260509008315,0.2445327363094579,0,-0.6942556444510805,2.086297024821398,8.193218902327406
359,2023,electronics,central,0,1,0,0,9999,-99,44.38436440657016,0.6010355125852054,0.2445327363094579,0,-0.6942556444510805,2.065947915172713,7.401698577976388
359,2024,electronics,central,0,1,0,0,9999,-99,46.19572468003937,0.3672575566619787,0.2445327363094579,0,-0.6942556444510805,2.1558620844585725,8.464140788029226
360,2016,machinery,coastal,0,0,0,0,9999,-99,11.853969442301096,0.5013876891957916,0.5038624936994016,1,-0.6593542120635544,1.879741446029717,6.779948635980932
360,2017,machinery,coastal,0,0,0,0,9999,-99,12.337739112494317,0.491437822415202,0.5038624936994016,1,-0.6593542120635544,1.9055543792556802,6.723560605958767
360,2018,machinery,coastal,0,0,0,0,9999,-99,12.84125179745892,0.5042396783459429,0.5038624936994016,1,-0.6593542120635544,1.915273053690286,6.647648372100687
360,2019,machinery,coastal,0,0,0,0,9999,-99,13.365313224912615,0.5286174444940575,0.5038624936994016,1,-0.6593542120635544,2.034468221898226,7.71072829371624
360,2020,machinery,coastal,0,1,0,0,9999,-99,13.910762004945063,0.49436636494722386,0.5038624936994016,1,-0.6593542120635544,1.9361354326019558,6.7223743044831075
360,2021,machinery,coastal,0,1,0,0,9999,-99,14.47847097197293,0.5981966799040233,0.5038624936994016,1,-0.6593542120635544,2.0253947340348546,7.458601931082831
360,2022,machinery,coastal,0,1,0,0,9999,-99,15.069348581461165,0.5153910095261903,0.5038624936994016,1,-0.6593542120635544,2.0619331774159595,8.079607246893545
360,2023,machinery,coastal,0,1,0,0,9999,-99,15.68434036364556,0.5596507975053144,0.5038624936994016,1,-0.6593542120635544,2.0943498249280648,8.471683386613522
360,2024,machinery,coastal,0,1,0,0,9999,-99,16.324430436582862,0.6425348119569412,0.5038624936994016,1,-0.6593542120635544,2.1395005871935244,8.492106038145833
